"Dataset","Methods","ctd","out","mue","u_mue","mse","u_mse","rmsd","u_rmsd","skew","u_skew","kurt","u_kurt","q95hd","u_q95hd","W","u_W","gini","u_gini","lasym","u_lasym","pietra","u_pietra"
"BOR2019","LDA",-1,FALSE,1.1672,0.048,1.1522,0.049,1.0693,0.093,2.7092,0.59,16.19,5.8,3.183,0.21,0.79225,0.047,0.42418,0.015,0.96949,0.038,0.29581,0.012
"BOR2019","LDA + SOC",-1,FALSE,1.2387,0.048,1.231,0.049,1.0616,0.093,2.7664,0.61,16.676,6,3.258,0.22,0.78623,0.048,0.39994,0.015,0.99866,0.045,0.27754,0.011
"BOR2019","PBE",-1,FALSE,1.0523,0.046,1.0267,0.047,1.0261,0.093,2.7939,0.66,17.579,6.6,2.9538,0.2,0.7916,0.051,0.44188,0.016,0.9755,0.029,0.31113,0.012
"BOR2019","PBE + SOC",-1,FALSE,1.1248,0.046,1.1138,0.046,1.0144,0.094,2.9045,0.68,18.452,6.9,3.0397,0.2,0.77868,0.053,0.41528,0.015,0.97881,0.036,0.28934,0.012
"BOR2019","PBE_SOL",-1,FALSE,1.1172,0.047,1.0986,0.047,1.0389,0.089,2.6475,0.59,15.83,5.7,3.0807,0.2,0.80027,0.047,0.43052,0.015,0.97457,0.033,0.30106,0.012
"BOR2019","HLE16",-1,FALSE,0.59884,0.037,0.37368,0.042,0.89549,0.084,2.7375,0.54,17.316,4.2,1.8837,0.18,0.80567,0.051,0.54012,0.018,0.96741,0.031,0.39118,0.015
"BOR2019","HLE16 + SOC",-1,FALSE,0.61015,0.038,0.51123,0.04,0.85954,0.089,3.1985,0.6,21.006,5.3,1.9517,0.19,0.75659,0.056,0.55013,0.018,0.96532,0.031,0.40225,0.015
"BOR2019","BJ",-1,FALSE,0.79105,0.037,0.72717,0.039,0.86942,0.073,2.5292,0.52,14.734,4.6,2.3121,0.2,0.8137,0.044,0.46739,0.016,0.95785,0.031,0.33398,0.012
"BOR2019","mBJ",-1,FALSE,0.49656,0.025,0.22212,0.031,0.68348,0.051,1.4937,0.52,10.421,3.2,1.4059,0.081,0.91564,0.039,0.49003,0.016,0.88401,0.028,0.35817,0.012
"BOR2019","SCAN",-1,FALSE,0.8131,0.039,0.74266,0.042,0.91975,0.085,2.7898,0.68,18.037,6.6,2.4318,0.19,0.80015,0.053,0.47337,0.017,0.95303,0.031,0.33818,0.013
"BOR2019","HSE06",-1,FALSE,0.52636,0.031,0.098536,0.037,0.84744,0.075,2.4106,0.68,16.558,5.8,1.6994,0.16,0.82872,0.052,0.54605,0.017,0.97369,0.027,0.40153,0.014
"BOR2019","HSE14",-1,FALSE,0.57269,0.03,-0.17169,0.036,0.83054,0.061,1.1504,0.54,10.811,2.4,1.8164,0.13,0.88639,0.033,0.51165,0.015,0.89279,0.027,0.37239,0.012
"BOR2019","HSE_mix",-1,FALSE,0.64283,0.032,-0.36956,0.038,0.85645,0.054,-0.32023,0.45,7.9144,1.5,1.9721,0.13,0.92306,0.021,0.51586,0.015,0.86526,0.027,0.37667,0.012
"BOR2019","PBE0",-1,FALSE,0.7777,0.028,-0.47213,0.039,0.86792,0.072,2.1088,0.62,14.5,4.6,1.8296,0.12,0.83748,0.045,0.37808,0.014,0.92321,0.031,0.26691,0.01
"BOR2019","PBE0_mix",-1,FALSE,0.81724,0.036,-0.59525,0.043,0.96544,0.054,-0.83836,0.3,6.4592,0.91,2.445,0.15,0.93386,0.017,0.47448,0.014,0.90828,0.025,0.34425,0.011
"HAI2018","LSDA",-1,FALSE,0.13009,0.0098,0.056279,0.014,0.17064,0.012,0.73756,0.27,4.3862,0.78,0.35502,0.052,0.96233,0.019,0.49087,0.027,0.77616,0.045,0.36261,0.022
"HAI2018","GGA",-1,FALSE,0.10225,0.013,0.060839,0.014,0.18298,0.041,4.3812,1.3,32.219,12,0.3402,0.076,0.65488,0.12,0.57123,0.04,0.96676,0.052,0.41921,0.031
"HAI2018","mGGA",-1,FALSE,0.084066,0.0051,0.055673,0.0074,0.09187,0.0056,0.22442,0.21,3.5641,0.37,0.22278,0.017,0.98549,0.0094,0.42132,0.02,0.90608,0.044,0.30782,0.017
"HAI2018","hGGA",-1,FALSE,0.050895,0.0039,-0.012077,0.0056,0.069613,0.0054,-0.30504,0.36,4.7753,0.67,0.16079,0.019,0.96325,0.017,0.4818,0.022,0.90826,0.047,0.35346,0.019
"HAI2018","hmGGA",-1,FALSE,0.051132,0.0037,0.015457,0.0056,0.068157,0.0049,0.68196,0.24,4.2736,0.6,0.14108,0.018,0.96658,0.017,0.47545,0.023,0.90349,0.046,0.34934,0.019
"NAR2019","G4MP2",-1,FALSE,0.7941,0.033,-0.060588,0.048,1.0567,0.046,-0.34753,0.22,4.4332,0.72,2.209,0.087,0.98349,0.0098,0.45723,0.012,0.88163,0.029,0.33931,0.01
"NAR2019","B3LYP",-1,FALSE,3.9907,0.15,3.6137,0.17,3.6745,0.32,1.9095,0.82,15.445,6.5,9.2503,0.55,0.89442,0.058,0.4001,0.016,0.89253,0.029,0.28259,0.011
"NAR2019","M06-2X",-1,FALSE,2.7052,0.099,-0.087473,0.17,3.4561,0.2,1.242,0.42,7.1166,2.7,6.0963,0.46,0.93108,0.029,0.39486,0.014,0.82635,0.029,0.28348,0.01
"NAR2019","wB97X-D",-1,FALSE,1.8543,0.092,0.52329,0.13,2.654,0.25,2.13,0.93,17.66,7.7,5.1783,0.38,0.87922,0.064,0.46792,0.018,0.9606,0.038,0.33104,0.013
"PER2018","B3LYP",-1,FALSE,1.1819,0.09,0.97928,0.1,1.5103,0.12,1.614,0.3,7.2574,1.1,4.4865,0.49,0.81669,0.029,0.51491,0.02,1.0944,0.034,0.37996,0.02
"PER2018","B97-1",-1,FALSE,0.85462,0.052,0.50593,0.069,1.0514,0.082,0.25805,0.39,6.6806,0.75,2.6704,0.35,0.8989,0.02,0.44402,0.021,0.96601,0.058,0.30688,0.017
"PER2018","BH&HLYP",-1,FALSE,4.8311,0.23,4.7918,0.23,3.4953,0.24,1.3889,0.25,5.6335,1.1,11.744,0.61,0.88873,0.026,0.36837,0.015,1.008,0.039,0.26911,0.012
"PER2018","BLYP",-1,FALSE,1.627,0.1,0.41088,0.14,2.2323,0.17,-1.2904,0.27,6.5931,0.87,5.3257,0.56,0.87001,0.028,0.46465,0.02,1.072,0.07,0.329,0.018
"PER2018","CAM-B3LYP",-1,FALSE,0.90408,0.091,0.55114,0.1,1.5431,0.12,1.7781,0.26,6.611,1.1,4.1328,0.37,0.76831,0.031,0.66318,0.015,0.99141,0.042,0.53026,0.017
"PER2018","LC-ωPBE",-1,FALSE,1.0939,0.095,0.73093,0.11,1.6697,0.14,1.7247,0.35,8.0118,1.8,4.3381,0.51,0.83445,0.035,0.60329,0.018,0.9276,0.037,0.46746,0.017
"PER2018","PBE",-1,FALSE,2.7916,0.16,-2.5326,0.17,2.6678,0.2,-1.335,0.23,6.041,0.86,8.0647,0.83,0.90371,0.027,0.42315,0.018,0.95855,0.042,0.30198,0.015
"PER2018","PBE0",-1,FALSE,0.92456,0.074,0.23639,0.096,1.442,0.12,1.7744,0.21,7.1871,1,3.2688,0.5,0.8428,0.03,0.56521,0.021,0.90525,0.036,0.42144,0.019
"PER2018","PW86PBE",-1,FALSE,1.6352,0.12,-0.53545,0.16,2.4625,0.2,-1.4858,0.27,7.0637,1.1,6.1354,0.89,0.87528,0.03,0.52769,0.021,0.98418,0.039,0.39481,0.018
"SCH2018","LDA",-1,FALSE,0.71559,0.031,0.68462,0.035,0.48557,0.024,0.14917,0.14,2.8664,0.22,1.5148,0.07,0.99487,0.0038,0.34472,0.017,0.80751,0.044,0.2518,0.013
"SCH2018","PBE",-1,FALSE,0.18687,0.0099,0.093231,0.016,0.21256,0.0094,-0.11044,0.12,2.5127,0.18,0.41837,0.023,0.98839,0.0054,0.4139,0.02,0.77526,0.04,0.30877,0.017
"SCH2018","RPBE",-1,FALSE,0.21231,0.01,-0.17169,0.013,0.18856,0.0076,0.10973,0.12,2.2494,0.16,0.46332,0.021,0.97939,0.0075,0.37564,0.018,0.7986,0.042,0.28073,0.015
"SCH2018","vdW-DF2",-1,FALSE,0.20882,0.01,0.023282,0.017,0.25419,0.011,-0.17486,0.13,2.6425,0.19,0.50316,0.035,0.99121,0.0049,0.38764,0.018,0.78848,0.042,0.28726,0.015
"SCH2018","BEEF-vdW",-1,FALSE,0.14569,0.008,-0.0094872,0.013,0.18237,0.0083,-0.16862,0.11,2.5156,0.17,0.34049,0.012,0.98551,0.0045,0.42113,0.017,0.81642,0.039,0.31771,0.015
"SCH2018","mBEEF",-1,FALSE,0.20559,0.0099,0.057897,0.018,0.24212,0.014,-0.99989,0.14,3.4797,0.46,0.48625,0.03,0.91955,0.017,0.37626,0.018,0.81878,0.043,0.2742,0.015
"SCH2018","mBEEF-vdW",-1,FALSE,0.31154,0.013,0.22621,0.021,0.2848,0.014,-0.55838,0.13,2.9858,0.33,0.63641,0.023,0.97241,0.0099,0.34152,0.016,0.81332,0.047,0.25416,0.013
"THA2015","M11",-1,FALSE,0.030813,0.0029,0.0074089,0.0041,0.045132,0.0049,-0.74673,0.59,7.315,1.7,0.10103,0.015,0.9098,0.034,0.52938,0.025,0.93125,0.051,0.39108,0.022
"THA2015","M06-2X",-1,FALSE,0.031992,0.0028,0.012276,0.0039,0.043625,0.0045,-0.62156,0.51,6.5305,1.2,0.10109,0.015,0.91062,0.028,0.49811,0.026,0.87183,0.05,0.35991,0.022
"THA2015","ωB97",-1,FALSE,0.03283,0.0028,0.0072676,0.004,0.045208,0.0042,-0.58476,0.43,5.7263,0.81,0.10995,0.015,0.93104,0.022,0.47756,0.025,0.86464,0.056,0.3388,0.021
"THA2015","LC-τHCTH",-1,FALSE,0.030309,0.0027,0.0037019,0.0039,0.043649,0.0042,-0.47628,0.48,6.144,0.94,0.10476,0.015,0.92732,0.024,0.50117,0.024,0.91246,0.048,0.36601,0.021
"THA2015","HISS",-1,FALSE,0.037931,0.0027,0.02315,0.0038,0.042843,0.0043,-0.55912,0.5,6.4072,1.1,0.10385,0.016,0.915,0.026,0.40574,0.024,0.90101,0.057,0.28777,0.019
"THA2015","LC-ωPBE",-1,FALSE,0.038503,0.0026,0.020045,0.004,0.04481,0.0043,-0.73851,0.43,5.9436,0.94,0.10515,0.014,0.92122,0.026,0.39874,0.023,0.92687,0.052,0.285,0.018
"THA2015","MP2",-1,FALSE,0.031681,0.0028,0.0083531,0.0039,0.044456,0.0044,-0.085745,0.51,6.1236,0.83,0.1081,0.017,0.92401,0.021,0.49043,0.026,0.96914,0.051,0.35121,0.022
"WU2015","HF",-1,FALSE,0.042378,0.0018,0.037843,0.0022,0.029539,0.0024,-0.86448,0.32,4.8087,1.2,0.080324,0.0033,0.96025,0.023,0.30133,0.018,0.83948,0.052,0.21898,0.014
"WU2015","MP2",-1,FALSE,0.0052883,0.00033,-0.0041314,0.00042,0.0049689,0.00032,0.070321,0.21,3.2793,0.37,0.011967,0.00098,0.9951,0.006,0.38693,0.021,0.87936,0.049,0.28206,0.017
"WU2015","LSDA",-1,FALSE,0.06545,0.0018,-0.064423,0.0021,0.024686,0.0026,0.087677,0.65,7.2348,1.2,0.11205,0.0072,0.91079,0.026,0.17679,0.012,1.0113,0.054,0.12355,0.0088
"WU2015","PBE",-1,FALSE,0.060785,0.0018,-0.059753,0.0021,0.024385,0.0026,-0.13657,0.64,7.1452,1.2,0.10802,0.007,0.903,0.025,0.18609,0.013,1.042,0.059,0.12808,0.01
"WU2015","HCTH",-1,FALSE,0.048912,0.0018,-0.04751,0.0021,0.024769,0.0026,-0.097653,0.62,6.9157,1.1,0.096249,0.0069,0.91052,0.024,0.23469,0.016,0.98266,0.065,0.16169,0.012
"WU2015","N12",-1,FALSE,0.039666,0.002,-0.0378,0.0022,0.026778,0.0026,-0.4796,0.52,6.1991,0.95,0.092011,0.0076,0.91099,0.024,0.31309,0.019,1.0248,0.053,0.21795,0.015
"WU2015","revTPSS",-1,FALSE,0.04546,0.0018,-0.044243,0.002,0.023922,0.0024,-0.42261,0.57,6.605,1,0.09305,0.0075,0.90373,0.025,0.24391,0.017,1.1123,0.065,0.16802,0.013
"WU2015","tHCTH",-1,FALSE,0.04561,0.0019,-0.044127,0.0021,0.025305,0.0026,-0.2878,0.6,6.8233,1.1,0.094701,0.0074,0.90417,0.024,0.25673,0.017,1.0384,0.061,0.17731,0.013
"WU2015","M11-L",-1,FALSE,0.083238,0.0023,-0.082153,0.0025,0.030962,0.0029,0.014244,0.54,5.8344,1.1,0.13775,0.0058,0.92196,0.019,0.18127,0.01,1.0971,0.049,0.13028,0.0083
"WU2015","MN12-L",-1,FALSE,0.048955,0.0022,-0.047579,0.0024,0.029612,0.0024,-0.53503,0.36,4.6697,0.63,0.10851,0.0075,0.93919,0.019,0.29744,0.016,1.0187,0.049,0.21013,0.013
"WU2015","PBE0",-1,FALSE,0.019573,0.0014,-0.01627,0.0017,0.020568,0.0019,-0.43355,0.44,5.4399,0.78,0.058448,0.0044,0.92258,0.02,0.45205,0.02,0.91519,0.047,0.33198,0.018
"WU2015","mPW1PW",-1,FALSE,0.017538,0.0014,-0.013518,0.0017,0.020619,0.0018,-0.51941,0.42,5.3513,0.77,0.057041,0.0042,0.91961,0.021,0.49367,0.021,0.92171,0.047,0.36402,0.019
"WU2015","B3LYP",-1,FALSE,0.030977,0.0015,-0.029595,0.0017,0.020971,0.002,-0.48976,0.49,5.8065,0.88,0.072244,0.0049,0.90741,0.022,0.31738,0.018,0.9903,0.058,0.22326,0.015
"WU2015","B3PW91",-1,FALSE,0.021365,0.0015,-0.018623,0.0017,0.021086,0.002,-0.53443,0.46,5.7024,0.84,0.062274,0.005,0.91196,0.022,0.43485,0.021,0.92931,0.048,0.31541,0.018
"WU2015","B97-2",-1,FALSE,0.01948,0.0015,-0.015941,0.0017,0.02146,0.002,-0.53733,0.44,5.5486,0.81,0.060606,0.0047,0.91365,0.022,0.47042,0.021,0.9544,0.046,0.3462,0.019
"WU2015","M06",-1,FALSE,0.028929,0.0013,-0.02756,0.0014,0.01807,0.0018,0.26772,0.57,6.4159,1.2,0.060234,0.0044,0.92496,0.023,0.29789,0.016,0.9905,0.054,0.21032,0.013
"WU2015","M06-2X",-1,FALSE,0.01244,0.00097,-0.0026542,0.0013,0.016733,0.0013,-0.35297,0.33,4.2735,0.58,0.038522,0.0037,0.95965,0.014,0.46784,0.022,0.91008,0.047,0.33803,0.019
"WU2015","M06-HF",-1,FALSE,0.017488,0.00099,0.0081397,0.0015,0.019466,0.0014,-0.6705,0.23,3.8174,0.52,0.041585,0.0045,0.9584,0.018,0.3634,0.022,0.80888,0.049,0.25882,0.017
"WU2015","SOGGA11X",-1,FALSE,0.014981,0.0013,-0.0083793,0.0016,0.019798,0.0015,-0.59271,0.29,4.2237,0.55,0.051647,0.0032,0.94166,0.018,0.5164,0.02,0.95538,0.043,0.38174,0.02
"WU2015","tHCTHhyb",-1,FALSE,0.029704,0.0017,-0.027908,0.0019,0.022792,0.0022,-0.54379,0.49,5.9622,0.9,0.075298,0.006,0.90321,0.023,0.35401,0.02,0.9802,0.05,0.25021,0.016
"WU2015","BMK",-1,FALSE,0.016153,0.0013,-0.0077516,0.0017,0.021186,0.0015,-0.71809,0.23,3.8952,0.55,0.052309,0.0038,0.95447,0.018,0.49286,0.021,0.97797,0.052,0.36383,0.019
"WU2015","TPSSh",-1,FALSE,0.030127,0.0016,-0.028262,0.0018,0.022476,0.0022,-0.43513,0.51,6.1188,0.91,0.074637,0.0061,0.90993,0.023,0.34233,0.02,1.0126,0.052,0.24109,0.016
"WU2015","LC-rTPSS",-1,FALSE,0.024987,0.0012,0.024045,0.0013,0.016375,0.00099,-0.088523,0.19,2.9985,0.34,0.052537,0.0029,0.98652,0.0071,0.33548,0.022,0.69917,0.045,0.24281,0.019
"WU2015","LC-wPBE",-1,FALSE,0.020052,0.001,0.017746,0.0013,0.015892,0.00089,-0.059442,0.15,2.7062,0.24,0.046221,0.0026,0.98466,0.0069,0.35759,0.021,0.70822,0.049,0.26199,0.018
"WU2015","LC-N12",-1,FALSE,0.037959,0.0013,0.037576,0.0014,0.017906,0.0011,-0.2156,0.22,3.2168,0.49,0.067613,0.003,0.98989,0.0077,0.25399,0.017,0.73866,0.048,0.18176,0.014
"WU2015","LC-HCTH",-1,FALSE,0.017634,0.00098,0.013083,0.0013,0.016887,0.0012,-0.34614,0.26,3.7577,0.68,0.043486,0.0029,0.98239,0.012,0.37386,0.021,0.86295,0.052,0.2637,0.017
"WU2015","LC-tHCTH",-1,FALSE,0.013844,0.001,-0.0010833,0.0014,0.01821,0.0013,-0.47767,0.27,3.9019,0.75,0.036709,0.0025,0.98298,0.014,0.45056,0.022,0.91134,0.051,0.32504,0.018
"WU2015","M11",-1,FALSE,0.013293,0.00087,-0.0024264,0.0013,0.016638,0.0011,-0.02963,0.24,3.3079,0.39,0.035204,0.0033,0.98645,0.0079,0.40839,0.021,0.94236,0.051,0.29477,0.017
"WU2015","CAM-B3LYP",-1,FALSE,0.015111,0.0012,-0.010295,0.0014,0.018014,0.0013,-0.31673,0.26,3.77,0.43,0.046586,0.0028,0.96889,0.013,0.49741,0.022,0.82346,0.051,0.3653,0.02
"WU2015","wB97XD",-1,FALSE,0.015897,0.0012,-0.011212,0.0015,0.01833,0.0013,-0.25783,0.26,3.6915,0.43,0.047829,0.0027,0.97214,0.012,0.48362,0.022,0.83712,0.044,0.35554,0.02
"WU2015","wB97",-1,FALSE,0.014456,0.00087,0.0013959,0.0014,0.017694,0.00097,-0.02014,0.15,2.6058,0.23,0.033941,0.0019,0.98768,0.0067,0.39126,0.018,0.8967,0.049,0.29107,0.015
"WU2015","wB97X",-1,FALSE,0.014091,0.00098,-0.0054504,0.0014,0.017339,0.001,-0.10717,0.17,2.9059,0.26,0.036316,0.0019,0.99023,0.0066,0.4418,0.019,0.8671,0.043,0.33282,0.017
"WU2015","N12-SX",-1,FALSE,0.015768,0.0015,-0.0073318,0.0018,0.02242,0.0019,-0.66981,0.36,5.0437,0.72,0.05788,0.005,0.92194,0.021,0.5425,0.021,0.89857,0.071,0.39817,0.021
"WU2015","MN12-SX",-1,FALSE,0.048207,0.0018,-0.047226,0.0019,0.024062,0.0021,-0.44567,0.43,5.1498,0.76,0.095887,0.006,0.92506,0.019,0.24227,0.014,1.0641,0.051,0.17275,0.011
"WU2015","HSE06",-1,FALSE,0.020901,0.0015,-0.018027,0.0017,0.020787,0.0019,-0.44764,0.46,5.6685,0.83,0.060493,0.0047,0.91691,0.021,0.43588,0.02,0.95686,0.049,0.31688,0.018
"WU2015","HISS",-1,FALSE,0.018746,0.0011,0.010518,0.0016,0.020231,0.0016,-0.61463,0.26,4.206,0.56,0.042476,0.004,0.95246,0.017,0.37312,0.022,0.86128,0.055,0.26215,0.017
"ZAS2019","HF",-1,FALSE,2.381,0.027,0.055514,0.041,3.1307,0.041,-0.68547,0.072,5.1281,0.26,6.0671,0.11,0.9696,0.0044,0.43715,0.0037,0.87546,0.0075,0.31568,0.0029
"ZAS2019","MP2",-1,FALSE,1.309,0.013,0.00010465,0.021,1.6661,0.016,-0.067702,0.034,3.3332,0.059,3.3459,0.053,0.99613,0.00077,0.42418,0.0032,0.85993,0.0077,0.30764,0.0027
"ZAS2019","SLATM_L2",-1,FALSE,1.2596,0.026,0.12976,0.032,2.443,0.08,0.79971,0.54,28.515,2.7,4.6923,0.15,0.70499,0.018,0.61015,0.0056,1.0076,0.0082,0.45141,0.005
"ZHA2018","PBE",-1,FALSE,0.21057,0.0098,-0.20545,0.01,0.1504,0.0084,-0.54778,0.22,3.678,0.58,0.46667,0.034,0.97832,0.012,0.3764,0.019,0.7776,0.039,0.27195,0.015
"ZHA2018","SCAN",-1,FALSE,0.10245,0.0069,-0.016541,0.0097,0.14102,0.0093,-0.30373,0.28,4.4101,0.64,0.29072,0.021,0.97445,0.013,0.4964,0.018,0.86468,0.045,0.37631,0.016
"BOR2019","LDA",0,FALSE,0.70171,0.037,6.683e-18,0.049,1.0693,0.093,2.7092,0.59,16.19,5.8,2.0336,0.2,0.79225,0.047,0.49316,0.018,0.89577,0.035,0.34935,0.013
"BOR2019","LDA + SOC",0,FALSE,0.69326,0.036,-1.1455e-17,0.049,1.0616,0.093,2.7664,0.61,16.676,6,2.0288,0.21,0.78623,0.048,0.49424,0.018,0.9016,0.03,0.35065,0.014
"BOR2019","PBE",0,FALSE,0.67338,0.036,1.2654e-17,0.047,1.0261,0.093,2.7939,0.66,17.579,6.6,1.9322,0.18,0.7916,0.051,0.48774,0.018,0.93498,0.032,0.34694,0.014
"BOR2019","PBE + SOC",0,FALSE,0.65904,0.035,-2.2041e-17,0.046,1.0144,0.094,2.9045,0.68,18.452,6.9,1.9285,0.19,0.77868,0.053,0.49188,0.019,0.90822,0.031,0.34847,0.014
"BOR2019","PBE_SOL",0,FALSE,0.68645,0.036,-4.6924e-18,0.047,1.0389,0.089,2.6475,0.59,15.83,5.7,1.9861,0.18,0.80027,0.047,0.49023,0.018,0.90136,0.033,0.34867,0.013
"BOR2019","HLE16",0,FALSE,0.58972,0.032,-6.3101e-18,0.042,0.89549,0.084,2.7375,0.54,17.316,4.2,1.6285,0.13,0.80567,0.051,0.4774,0.019,0.95852,0.031,0.34117,0.014
"BOR2019","HLE16 + SOC",0,FALSE,0.54985,0.031,1.3898e-17,0.04,0.85954,0.089,3.1985,0.6,21.006,5.3,1.535,0.17,0.75659,0.056,0.4803,0.021,0.99547,0.039,0.33715,0.016
"BOR2019","BJ",0,FALSE,0.5753,0.031,5.0858e-18,0.039,0.86942,0.073,2.5292,0.52,14.734,4.6,1.6262,0.16,0.8137,0.044,0.48275,0.018,0.9787,0.033,0.3431,0.014
"BOR2019","mBJ",0,FALSE,0.48394,0.023,-1.4175e-18,0.031,0.68348,0.051,1.4937,0.52,10.421,3.2,1.3131,0.077,0.91564,0.039,0.46809,0.016,0.90772,0.031,0.33664,0.012
"BOR2019","SCAN",0,FALSE,0.60213,0.032,-1.7669e-17,0.042,0.91975,0.085,2.7898,0.68,18.037,6.6,1.7123,0.16,0.80015,0.053,0.4846,0.019,0.9952,0.034,0.34438,0.015
"BOR2019","HSE06",0,FALSE,0.53119,0.031,-7.4476e-18,0.037,0.84744,0.075,2.4106,0.68,16.558,5.8,1.6793,0.15,0.82872,0.052,0.54448,0.017,0.9274,0.027,0.39951,0.013
"BOR2019","HSE14",0,FALSE,0.54433,0.03,-8.4044e-18,0.036,0.83054,0.061,1.1504,0.54,10.811,2.4,1.842,0.11,0.88639,0.033,0.51584,0.015,0.96064,0.029,0.37901,0.013
"BOR2019","HSE_mix",0,FALSE,0.58192,0.03,1.2345e-17,0.038,0.85645,0.054,-0.32023,0.45,7.9144,1.5,1.8328,0.14,0.92306,0.021,0.50554,0.015,1.015,0.026,0.37242,0.013
"BOR2019","PBE0",0,FALSE,0.547,0.031,8.9411e-18,0.039,0.86792,0.072,2.1088,0.62,14.5,4.6,1.7866,0.15,0.83748,0.045,0.54048,0.016,0.94245,0.028,0.39556,0.013
"BOR2019","PBE0_mix",0,FALSE,0.67704,0.032,-5.7852e-18,0.043,0.96544,0.054,-0.83836,0.3,6.4592,0.91,1.9969,0.11,0.93386,0.017,0.49404,0.013,0.93742,0.027,0.36209,0.011
"HAI2018","LSDA",0,FALSE,0.13003,0.0087,-1.4524e-18,0.014,0.17064,0.012,0.73756,0.27,4.3862,0.78,0.34359,0.036,0.96233,0.019,0.43552,0.022,0.8829,0.049,0.31996,0.018
"HAI2018","GGA",0,FALSE,0.10583,0.012,6.558e-20,0.014,0.18298,0.041,4.3812,1.3,32.219,12,0.28744,0.068,0.65488,0.12,0.49273,0.045,1.0458,0.071,0.34446,0.035
"HAI2018","mGGA",0,FALSE,0.068924,0.0046,1.6519e-18,0.0074,0.09187,0.0056,0.22442,0.21,3.5641,0.37,0.18735,0.017,0.98549,0.0094,0.46862,0.02,0.86265,0.044,0.34973,0.018
"HAI2018","hGGA",0,FALSE,0.051364,0.0037,7.8228e-19,0.0056,0.069613,0.0054,-0.30504,0.36,4.7753,0.67,0.15136,0.019,0.96325,0.017,0.45662,0.023,0.97462,0.048,0.33187,0.019
"HAI2018","hmGGA",0,FALSE,0.05092,0.0035,2.7805e-19,0.0056,0.068157,0.0049,0.68196,0.24,4.2736,0.6,0.13732,0.014,0.96658,0.017,0.45838,0.022,0.91648,0.045,0.33609,0.018
"NAR2019","G4MP2",0,FALSE,0.79155,0.033,-1.7823e-17,0.048,1.0567,0.046,-0.34753,0.22,4.4332,0.72,2.2074,0.09,0.98349,0.0098,0.46039,0.012,0.88252,0.032,0.3422,0.01
"NAR2019","B3LYP",0,FALSE,2.562,0.12,1.0159e-17,0.17,3.6745,0.32,1.9095,0.82,15.445,6.5,6.9301,0.56,0.89442,0.058,0.46658,0.017,0.89761,0.029,0.33452,0.012
"NAR2019","M06-2X",0,FALSE,2.6979,0.1,-9.3974e-17,0.17,3.4561,0.2,1.242,0.42,7.1166,2.7,6.164,0.46,0.93108,0.029,0.39548,0.014,0.85053,0.029,0.28314,0.01
"NAR2019","wB97X-D",0,FALSE,1.8682,0.087,3.5008e-17,0.13,2.654,0.25,2.13,0.93,17.66,7.7,4.8642,0.31,0.87922,0.064,0.44759,0.018,0.92098,0.036,0.31928,0.013
"PER2018","B3LYP",0,FALSE,0.95868,0.078,1.0953e-17,0.1,1.5103,0.12,1.614,0.3,7.2574,1.1,3.7304,0.47,0.81669,0.029,0.55994,0.018,0.98438,0.038,0.41643,0.017
"PER2018","B97-1",0,FALSE,0.69037,0.052,-1.9359e-18,0.069,1.0514,0.082,0.25805,0.39,6.6806,0.75,2.6933,0.31,0.8989,0.02,0.52448,0.019,1.0429,0.039,0.39238,0.018
"PER2018","BH&HLYP",0,FALSE,2.6289,0.15,-2.2153e-17,0.23,3.4953,0.24,1.3889,0.25,5.6335,1.1,7.1376,0.6,0.88873,0.026,0.42748,0.02,1.0231,0.046,0.30323,0.017
"PER2018","BLYP",0,FALSE,1.4727,0.11,-4.5965e-17,0.14,2.2323,0.17,-1.2904,0.27,6.5931,0.87,5.4169,0.64,0.87001,0.028,0.53105,0.02,1.07,0.039,0.38845,0.02
"PER2018","CAM-B3LYP",0,FALSE,1.0513,0.074,-3.01e-17,0.1,1.5431,0.12,1.7781,0.26,6.611,1.1,3.7034,0.39,0.76831,0.031,0.48616,0.02,1.1303,0.038,0.35966,0.019
"PER2018","LC-ωPBE",0,FALSE,1.145,0.078,1.8854e-17,0.11,1.6697,0.14,1.7247,0.35,8.0118,1.8,3.8691,0.45,0.83445,0.035,0.4739,0.022,1.0526,0.04,0.34444,0.019
"PER2018","PBE",0,FALSE,1.8871,0.12,-1.0238e-16,0.17,2.6678,0.2,-1.335,0.23,6.041,0.86,5.7154,0.65,0.90371,0.027,0.48075,0.02,1.0184,0.04,0.34622,0.017
"PER2018","PBE0",0,FALSE,0.99075,0.068,-5.5621e-17,0.096,1.442,0.12,1.7744,0.21,7.1871,1,3.0876,0.48,0.8428,0.03,0.49309,0.021,0.91575,0.038,0.36358,0.017
"PER2018","PW86PBE",0,FALSE,1.6681,0.12,3.9315e-17,0.16,2.4625,0.2,-1.4858,0.27,7.0637,1.1,5.9467,0.75,0.87528,0.03,0.50238,0.022,1.0525,0.042,0.36406,0.02
"SCH2018","LDA",0,FALSE,0.38985,0.02,-1.7029e-17,0.035,0.48557,0.024,0.14917,0.14,2.8664,0.22,0.97468,0.066,0.99487,0.0038,0.40332,0.016,0.88081,0.041,0.29341,0.014
"SCH2018","PBE",0,FALSE,0.17241,0.0089,3.177e-18,0.016,0.21256,0.0094,-0.11044,0.12,2.5127,0.18,0.41594,0.015,0.98839,0.0054,0.40136,0.017,0.88265,0.048,0.29985,0.014
"SCH2018","RPBE",0,FALSE,0.15861,0.0071,1.8786e-19,0.013,0.18856,0.0076,0.10973,0.12,2.2494,0.16,0.3488,0.021,0.97939,0.0075,0.35976,0.018,0.80754,0.043,0.26003,0.015
"SCH2018","vdW-DF2",0,FALSE,0.20672,0.01,2.6309e-18,0.017,0.25419,0.011,-0.17486,0.13,2.6425,0.19,0.5115,0.038,0.99121,0.0049,0.39376,0.018,0.85718,0.04,0.29154,0.015
"SCH2018","BEEF-vdW",0,FALSE,0.14603,0.0079,-3.4025e-18,0.013,0.18237,0.0083,-0.16862,0.11,2.5156,0.17,0.34096,0.0098,0.98551,0.0045,0.4175,0.017,0.81164,0.039,0.31269,0.015
"SCH2018","mBEEF",0,FALSE,0.18769,0.011,4.4883e-19,0.018,0.24212,0.014,-0.99989,0.14,3.4797,0.46,0.52794,0.038,0.91955,0.017,0.43076,0.018,0.8764,0.043,0.30889,0.016
"SCH2018","mBEEF-vdW",0,FALSE,0.22424,0.012,1.6791e-19,0.021,0.2848,0.014,-0.55838,0.13,2.9858,0.33,0.57799,0.025,0.97241,0.0099,0.42761,0.019,0.84086,0.043,0.30976,0.016
"THA2015","M11",0,FALSE,0.029536,0.0029,-1.9691e-19,0.0041,0.045132,0.0049,-0.74673,0.59,7.315,1.7,0.10254,0.014,0.9098,0.034,0.54435,0.024,0.98522,0.046,0.40766,0.022
"THA2015","M06-2X",0,FALSE,0.029152,0.0028,-5.8103e-19,0.0039,0.043625,0.0045,-0.62156,0.51,6.5305,1.2,0.10143,0.013,0.91062,0.028,0.52145,0.023,1.0357,0.046,0.38922,0.022
"THA2015","ωB97",0,FALSE,0.031587,0.0028,-2.2859e-19,0.004,0.045208,0.0042,-0.58476,0.43,5.7263,0.81,0.11095,0.014,0.93104,0.022,0.48991,0.023,0.93279,0.059,0.35174,0.021
"THA2015","LC-τHCTH",0,FALSE,0.029989,0.0027,-2.8483e-19,0.0039,0.043649,0.0042,-0.47628,0.48,6.144,0.94,0.1057,0.015,0.92732,0.024,0.50199,0.024,0.93372,0.057,0.36296,0.021
"THA2015","HISS",0,FALSE,0.028848,0.0028,-3.4333e-20,0.0038,0.042843,0.0043,-0.55912,0.5,6.4072,1.1,0.10229,0.013,0.915,0.026,0.51505,0.023,0.9554,0.055,0.37875,0.021
"THA2015","LC-ωPBE",0,FALSE,0.030672,0.0028,-4.7057e-19,0.004,0.04481,0.0043,-0.73851,0.43,5.9436,0.94,0.10974,0.014,0.92122,0.026,0.51117,0.023,0.9112,0.063,0.36831,0.021
"THA2015","MP2",0,FALSE,0.030343,0.0028,3.9125e-19,0.0039,0.044456,0.0044,-0.085745,0.51,6.1236,0.83,0.10889,0.016,0.92401,0.021,0.50337,0.023,1.0199,0.052,0.36785,0.022
"WU2015","HF",0,FALSE,0.022253,0.0017,-1.1537e-18,0.0022,0.029539,0.0024,-0.86448,0.32,4.8087,1.2,0.060175,0.0058,0.96025,0.023,0.44706,0.023,0.88874,0.047,0.32675,0.018
"WU2015","MP2",0,FALSE,0.0038951,0.00026,1.2188e-19,0.00042,0.0049689,0.00032,0.070321,0.21,3.2793,0.37,0.0099892,0.0011,0.9951,0.006,0.42385,0.022,0.90213,0.05,0.30944,0.018
"WU2015","LSDA",0,FALSE,0.017093,0.0015,1.2347e-19,0.0021,0.024686,0.0026,0.087677,0.65,7.2348,1.2,0.054658,0.0089,0.91079,0.026,0.47781,0.027,1.0307,0.061,0.3403,0.023
"WU2015","PBE",0,FALSE,0.016449,0.0015,5.8949e-19,0.0021,0.024385,0.0026,-0.13657,0.64,7.1452,1.2,0.05512,0.009,0.903,0.025,0.50782,0.026,0.91929,0.057,0.36507,0.023
"WU2015","HCTH",0,FALSE,0.016979,0.0015,-2.5871e-19,0.0021,0.024769,0.0026,-0.097653,0.62,6.9157,1.1,0.055517,0.0088,0.91052,0.024,0.49573,0.027,0.99633,0.06,0.35324,0.023
"WU2015","N12",0,FALSE,0.018272,0.0017,4.1531e-19,0.0022,0.026778,0.0026,-0.4796,0.52,6.1991,0.95,0.062286,0.0094,0.91099,0.024,0.51052,0.024,0.91082,0.051,0.37137,0.021
"WU2015","revTPSS",0,FALSE,0.016196,0.0015,1.015e-19,0.002,0.023922,0.0024,-0.42261,0.57,6.605,1,0.056013,0.0087,0.90373,0.025,0.51151,0.025,0.85674,0.054,0.36942,0.022
"WU2015","tHCTH",0,FALSE,0.017176,0.0016,2.1665e-19,0.0021,0.025305,0.0026,-0.2878,0.6,6.8233,1.1,0.058168,0.0095,0.90417,0.024,0.50567,0.026,0.96577,0.06,0.36166,0.022
"WU2015","M11-L",0,FALSE,0.022556,0.0018,-3.5349e-19,0.0025,0.030962,0.0029,0.014244,0.54,5.8344,1.1,0.062898,0.01,0.92196,0.019,0.45734,0.025,0.97327,0.05,0.33092,0.021
"WU2015","MN12-L",0,FALSE,0.02164,0.0017,1.2735e-19,0.0024,0.029612,0.0024,-0.53503,0.36,4.6697,0.63,0.068149,0.0082,0.93919,0.019,0.46935,0.023,0.84315,0.053,0.33765,0.02
"WU2015","PBE0",0,FALSE,0.014538,0.0012,5.6033e-20,0.0017,0.020568,0.0019,-0.43355,0.44,5.4399,0.78,0.047084,0.0065,0.92258,0.02,0.48078,0.02,1.0158,0.043,0.36015,0.019
"WU2015","mPW1PW",0,FALSE,0.014595,0.0012,-9.7765e-20,0.0017,0.020619,0.0018,-0.51941,0.42,5.3513,0.77,0.047449,0.0064,0.91961,0.021,0.48032,0.02,1.036,0.045,0.35971,0.019
"WU2015","B3LYP",0,FALSE,0.014578,0.0013,2.6755e-19,0.0017,0.020971,0.002,-0.48976,0.49,5.8065,0.88,0.047918,0.0069,0.90741,0.022,0.49614,0.022,0.96259,0.046,0.36372,0.02
"WU2015","B3PW91",0,FALSE,0.014686,0.0013,-4.5354e-19,0.0017,0.021086,0.002,-0.53443,0.46,5.7024,0.84,0.049214,0.007,0.91196,0.022,0.49132,0.021,0.99919,0.045,0.36569,0.02
"WU2015","B97-2",0,FALSE,0.015002,0.0013,-3.3414e-19,0.0017,0.02146,0.002,-0.53733,0.44,5.5486,0.81,0.049728,0.007,0.91365,0.022,0.49118,0.02,0.97787,0.044,0.36742,0.018
"WU2015","M06",0,FALSE,0.012793,0.0011,4.3877e-19,0.0014,0.01807,0.0018,0.26772,0.57,6.4159,1.2,0.037957,0.0061,0.92496,0.023,0.48503,0.026,0.87142,0.051,0.34887,0.02
"WU2015","M06-2X",0,FALSE,0.012609,0.00093,-2.6156e-19,0.0013,0.016733,0.0013,-0.35297,0.33,4.2735,0.58,0.03603,0.0041,0.95965,0.014,0.4442,0.022,0.90883,0.054,0.32088,0.018
"WU2015","M06-HF",0,FALSE,0.015065,0.001,-3.797e-21,0.0015,0.019466,0.0014,-0.6705,0.23,3.8174,0.52,0.040886,0.0041,0.9584,0.018,0.42122,0.021,0.89338,0.053,0.30065,0.018
"WU2015","SOGGA11X",0,FALSE,0.014573,0.0011,4.9313e-19,0.0016,0.019798,0.0015,-0.59271,0.29,4.2237,0.55,0.045369,0.004,0.94166,0.018,0.46911,0.021,0.92622,0.049,0.34404,0.018
"WU2015","tHCTHhyb",0,FALSE,0.015654,0.0014,-4.2962e-19,0.0019,0.022792,0.0022,-0.54379,0.49,5.9622,0.9,0.053589,0.0077,0.90321,0.023,0.50152,0.021,0.97171,0.044,0.3735,0.019
"WU2015","BMK",0,FALSE,0.015923,0.0012,2.946e-19,0.0017,0.021186,0.0015,-0.71809,0.23,3.8952,0.55,0.047676,0.0038,0.95447,0.018,0.45634,0.021,0.91487,0.045,0.33242,0.018
"WU2015","TPSSh",0,FALSE,0.015344,0.0014,1.5796e-20,0.0018,0.022476,0.0022,-0.43513,0.51,6.1188,0.91,0.052472,0.0076,0.90993,0.023,0.50805,0.022,0.95534,0.045,0.37621,0.02
"WU2015","LC-rTPSS",0,FALSE,0.013125,0.00082,2.0815e-19,0.0013,0.016375,0.00099,-0.088523,0.19,2.9985,0.34,0.031835,0.0026,0.98652,0.0071,0.40028,0.019,0.93185,0.047,0.2935,0.015
"WU2015","LC-wPBE",0,FALSE,0.012844,0.00079,-4.4499e-19,0.0013,0.015892,0.00089,-0.059442,0.15,2.7062,0.24,0.03078,0.0016,0.98466,0.0069,0.39603,0.017,0.98724,0.055,0.29607,0.014
"WU2015","LC-N12",0,FALSE,0.014216,0.00091,-3.7319e-19,0.0014,0.017906,0.0011,-0.2156,0.22,3.2168,0.49,0.034719,0.0027,0.98989,0.0077,0.41032,0.02,0.95689,0.052,0.30068,0.016
"WU2015","LC-HCTH",0,FALSE,0.013014,0.00091,-7.4868e-19,0.0013,0.016887,0.0012,-0.34614,0.26,3.7577,0.68,0.033921,0.0026,0.98239,0.012,0.4354,0.021,0.92189,0.051,0.31917,0.017
"WU2015","LC-tHCTH",0,FALSE,0.013917,0.00099,-3.6639e-19,0.0014,0.01821,0.0013,-0.47767,0.27,3.9019,0.75,0.036495,0.0026,0.98298,0.014,0.44394,0.022,0.92485,0.053,0.32115,0.018
"WU2015","M11",0,FALSE,0.013283,0.00085,-1.0307e-19,0.0013,0.016638,0.0011,-0.02963,0.24,3.3079,0.39,0.033802,0.0033,0.98645,0.0079,0.39806,0.022,0.90979,0.054,0.28254,0.018
"WU2015","CAM-B3LYP",0,FALSE,0.013731,0.00099,-2.2203e-19,0.0014,0.018014,0.0013,-0.31673,0.26,3.77,0.43,0.039082,0.0035,0.96889,0.013,0.43775,0.019,1.0345,0.047,0.32068,0.017
"WU2015","wB97XD",0,FALSE,0.014082,0.001,-4.0405e-19,0.0015,0.01833,0.0013,-0.25783,0.26,3.6915,0.43,0.039306,0.0033,0.97214,0.012,0.4311,0.019,0.99967,0.051,0.31391,0.017
"WU2015","wB97",0,FALSE,0.014329,0.00088,-1.5665e-19,0.0014,0.017694,0.00097,-0.02014,0.15,2.6058,0.23,0.033259,0.0017,0.98768,0.0067,0.39828,0.018,0.8925,0.051,0.30057,0.015
"WU2015","wB97X",0,FALSE,0.013755,9e-04,6.5975e-19,0.0014,0.017339,0.001,-0.10717,0.17,2.9059,0.26,0.034122,0.0028,0.99023,0.0066,0.41491,0.02,0.95764,0.052,0.30522,0.016
"WU2015","N12-SX",0,FALSE,0.01599,0.0013,-3.0362e-19,0.0018,0.02242,0.0019,-0.66981,0.36,5.0437,0.72,0.052162,0.0064,0.92194,0.021,0.47767,0.021,1.05,0.046,0.35839,0.019
"WU2015","MN12-SX",0,FALSE,0.017437,0.0014,-1.8754e-19,0.0019,0.024062,0.0021,-0.44567,0.43,5.1498,0.76,0.054665,0.0074,0.92506,0.019,0.46905,0.024,0.90759,0.048,0.33865,0.02
"WU2015","HSE06",0,FALSE,0.014551,0.0013,2.8516e-19,0.0017,0.020787,0.0019,-0.44764,0.46,5.6685,0.83,0.047745,0.0068,0.91691,0.021,0.48794,0.021,1.012,0.044,0.364,0.019
"WU2015","HISS",0,FALSE,0.014761,0.0012,2.1703e-19,0.0016,0.020231,0.0016,-0.61463,0.26,4.206,0.56,0.046498,0.0041,0.95246,0.017,0.47979,0.021,1.003,0.049,0.35286,0.018
"ZAS2019","HF",0,FALSE,2.376,0.027,-2.4695e-17,0.041,3.1307,0.041,-0.68547,0.072,5.1281,0.26,6.0879,0.11,0.9696,0.0044,0.4385,0.0037,0.88002,0.0076,0.31658,0.0029
"ZAS2019","MP2",0,FALSE,1.309,0.013,1.8112e-17,0.021,1.6661,0.016,-0.067702,0.034,3.3332,0.059,3.346,0.053,0.99613,0.00077,0.42418,0.0032,0.85993,0.0077,0.30764,0.0027
"ZAS2019","SLATM_L2",0,FALSE,1.2599,0.026,-2.4825e-17,0.032,2.443,0.08,0.79971,0.54,28.515,2.7,4.6585,0.14,0.70499,0.018,0.609,0.0056,1.0114,0.008,0.45124,0.005
"ZHA2018","PBE",0,FALSE,0.11947,0.0062,1.224e-18,0.01,0.1504,0.0084,-0.54778,0.22,3.678,0.58,0.29594,0.031,0.97832,0.012,0.40189,0.02,0.85035,0.043,0.28752,0.015
"ZHA2018","SCAN",0,FALSE,0.10108,0.007,2.1371e-18,0.0097,0.14102,0.0093,-0.30373,0.28,4.4101,0.64,0.29064,0.02,0.97445,0.013,0.50585,0.018,0.86248,0.042,0.3837,0.016
"BOR2019","LDA",1,FALSE,0.62784,0.028,1.0659e-17,0.039,0.85471,0.051,1.0504,0.36,7.3185,1.8,1.7184,0.13,0.94468,0.026,0.44647,0.015,0.91875,0.028,0.32305,0.011
"BOR2019","LDA + SOC",1,FALSE,0.6072,0.027,-1.2341e-17,0.037,0.83111,0.051,1.1195,0.4,7.9501,2,1.7056,0.11,0.93711,0.028,0.44664,0.016,0.95522,0.032,0.31542,0.012
"BOR2019","PBE",1,FALSE,0.60281,0.027,6.5663e-18,0.038,0.83323,0.054,1.2178,0.43,8.6215,2.3,1.6376,0.13,0.9344,0.032,0.45589,0.016,0.93059,0.027,0.33148,0.012
"BOR2019","PBE + SOC",1,FALSE,0.5805,0.026,1.5692e-17,0.036,0.80321,0.055,1.325,0.48,9.5834,2.6,1.599,0.11,0.92411,0.035,0.44644,0.016,0.91883,0.03,0.31815,0.012
"BOR2019","PBE_SOL",1,FALSE,0.60919,0.027,-5.642e-19,0.038,0.83548,0.05,1.0577,0.37,7.4725,1.8,1.6611,0.13,0.94419,0.027,0.45547,0.015,0.91324,0.027,0.32993,0.012
"BOR2019","HLE16",1,FALSE,0.5819,0.031,-6.0889e-18,0.041,0.8656,0.078,2.3807,0.61,15.95,4.7,1.5359,0.13,0.84742,0.052,0.47596,0.018,0.91422,0.029,0.34391,0.013
"BOR2019","HLE16 + SOC",1,FALSE,0.53061,0.03,1.3404e-17,0.038,0.82218,0.084,2.886,0.71,20.237,6.2,1.4166,0.16,0.79958,0.06,0.48768,0.02,0.94773,0.031,0.34829,0.014
"BOR2019","BJ",1,FALSE,0.52392,0.025,1.1533e-17,0.033,0.73121,0.049,1.1013,0.47,8.7424,2.5,1.4848,0.11,0.9377,0.032,0.46716,0.016,0.91193,0.03,0.33774,0.012
"BOR2019","mBJ",1,FALSE,0.47898,0.023,-8.2769e-18,0.03,0.67574,0.05,1.302,0.58,10.523,3.5,1.2885,0.094,0.92569,0.04,0.46987,0.016,0.89906,0.028,0.3401,0.012
"BOR2019","SCAN",1,FALSE,0.55742,0.027,-1.1077e-17,0.035,0.78992,0.056,1.3994,0.48,9.9836,2.7,1.5515,0.12,0.91905,0.036,0.47145,0.016,0.93062,0.027,0.3417,0.012
"BOR2019","HSE06",1,FALSE,0.53414,0.028,-1.2174e-17,0.035,0.80045,0.059,1.3282,0.54,10.978,2.9,1.7067,0.11,0.89989,0.037,0.51477,0.015,0.93472,0.027,0.38035,0.012
"BOR2019","HSE14",1,FALSE,0.54832,0.03,7.3129e-18,0.036,0.82865,0.059,0.91635,0.52,10.067,2,1.8327,0.12,0.89722,0.03,0.51229,0.015,0.96054,0.028,0.37672,0.013
"BOR2019","HSE_mix",1,FALSE,0.55173,0.029,2.288e-17,0.036,0.81781,0.053,0.39337,0.44,8.1203,1.4,1.8404,0.14,0.91883,0.021,0.50625,0.015,0.98678,0.027,0.37259,0.013
"BOR2019","PBE0",1,FALSE,0.54648,0.029,1.3159e-17,0.037,0.8351,0.059,1.1749,0.53,10.441,2.4,1.8104,0.11,0.89345,0.032,0.5298,0.015,0.92191,0.028,0.38879,0.012
"BOR2019","PBE0_mix",1,FALSE,0.59263,0.03,-3.3515e-17,0.038,0.87057,0.051,0.22287,0.34,6.9401,0.88,1.9674,0.15,0.93319,0.016,0.51065,0.014,0.9859,0.029,0.37311,0.012
"HAI2018","LSDA",1,FALSE,0.12107,0.0086,-1.5835e-18,0.013,0.16247,0.012,0.67916,0.32,4.6512,1,0.30809,0.03,0.9677,0.019,0.46077,0.022,0.88681,0.047,0.34784,0.018
"HAI2018","GGA",1,FALSE,0.096076,0.011,-1.5763e-19,0.013,0.16215,0.035,3.9215,1.6,31.042,13,0.25348,0.039,0.72463,0.14,0.50526,0.04,0.97725,0.065,0.36353,0.029
"HAI2018","mGGA",1,FALSE,0.066769,0.0044,1.6584e-18,0.0072,0.08792,0.0052,0.15944,0.2,3.3883,0.37,0.17876,0.014,0.98887,0.0081,0.45862,0.02,0.82024,0.047,0.34908,0.018
"HAI2018","hGGA",1,FALSE,0.05173,0.0037,2.4827e-18,0.0056,0.069542,0.0053,-0.27959,0.34,4.5776,0.63,0.15052,0.018,0.96768,0.015,0.4519,0.023,0.97908,0.051,0.3287,0.019
"HAI2018","hmGGA",1,FALSE,0.047422,0.0033,-1.1803e-18,0.0052,0.062302,0.004,0.0010906,0.23,3.5263,0.39,0.13275,0.0097,0.9915,0.0074,0.45184,0.02,0.84233,0.045,0.33582,0.018
"NAR2019","G4MP2",1,FALSE,0.76642,0.033,4.222e-18,0.047,1.0415,0.047,-0.49313,0.23,4.825,0.86,2.1801,0.086,0.97558,0.012,0.47525,0.013,0.89153,0.027,0.35325,0.011
"NAR2019","B3LYP",1,FALSE,2.4342,0.12,-1.1451e-17,0.17,3.5468,0.33,2.0102,0.96,17.797,7.8,6.6193,0.42,0.88522,0.065,0.47353,0.018,0.90709,0.029,0.34115,0.013
"NAR2019","M06-2X",1,FALSE,2.4212,0.096,-1.6701e-17,0.15,3.1556,0.24,1.4174,0.74,11.205,5.4,5.4997,0.29,0.93086,0.048,0.40483,0.016,0.83298,0.029,0.29058,0.011
"NAR2019","wB97X-D",1,FALSE,1.7187,0.086,-1.6986e-17,0.12,2.5399,0.29,2.7917,1.1,24.475,11,4.4066,0.48,0.82929,0.078,0.45813,0.021,0.9227,0.035,0.32509,0.015
"PER2018","B3LYP",1,FALSE,0.97472,0.076,3.8396e-18,0.1,1.5056,0.12,1.7205,0.27,7.2051,1.1,3.7108,0.47,0.80396,0.029,0.53709,0.018,0.99698,0.038,0.39669,0.017
"PER2018","B97-1",1,FALSE,0.69549,0.051,-3.4966e-17,0.069,1.0447,0.078,0.34929,0.36,6.2526,0.67,2.6283,0.29,0.91322,0.019,0.52439,0.018,0.96793,0.041,0.38944,0.017
"PER2018","BH&HLYP",1,FALSE,2.6322,0.14,1.3279e-18,0.23,3.4549,0.25,1.5953,0.24,5.9431,1.3,7.2135,0.68,0.84258,0.027,0.40223,0.022,1.0728,0.054,0.27946,0.017
"PER2018","BLYP",1,FALSE,1.4219,0.1,-4.0469e-17,0.14,2.144,0.16,-0.92651,0.31,6.2598,0.79,5.2328,0.52,0.90269,0.024,0.53356,0.019,1.0398,0.041,0.39919,0.018
"PER2018","CAM-B3LYP",1,FALSE,1.0219,0.075,4.0755e-17,0.1,1.532,0.12,1.621,0.3,6.716,1.1,3.5669,0.41,0.79767,0.03,0.51362,0.018,1.0663,0.037,0.38633,0.017
"PER2018","LC-ωPBE",1,FALSE,0.99685,0.08,-5.9604e-18,0.11,1.6052,0.15,1.4733,0.47,8.8921,1.7,3.9332,0.54,0.8208,0.034,0.55524,0.02,1.0261,0.038,0.41402,0.02
"PER2018","PBE",1,FALSE,1.8896,0.12,1.005e-17,0.17,2.6677,0.2,-1.3152,0.23,5.988,0.85,5.7152,0.64,0.90578,0.026,0.48036,0.02,1.0324,0.04,0.34626,0.017
"PER2018","PBE0",1,FALSE,0.8796,0.072,-6.7523e-18,0.094,1.3968,0.14,2.0797,0.3,9.4758,1.4,3.0566,0.58,0.79193,0.035,0.54359,0.023,0.97352,0.039,0.39973,0.02
"PER2018","PW86PBE",1,FALSE,1.6857,0.12,2.8601e-17,0.16,2.4576,0.2,-1.4088,0.26,6.8165,1,5.8448,0.74,0.88797,0.028,0.4951,0.021,1.02,0.039,0.36001,0.019
"SCH2018","LDA",1,FALSE,0.2733,0.015,-5.7703e-18,0.024,0.34652,0.018,0.2512,0.16,2.9801,0.33,0.65099,0.036,0.99125,0.0052,0.42729,0.019,0.83269,0.04,0.31746,0.016
"SCH2018","PBE",1,FALSE,0.14847,0.0072,-3.8263e-18,0.013,0.18088,0.0083,0.2097,0.14,2.6421,0.2,0.3441,0.024,0.98861,0.0051,0.38181,0.018,0.83047,0.048,0.27201,0.015
"SCH2018","RPBE",1,FALSE,0.1532,0.0071,1.1099e-17,0.013,0.18331,0.0075,0.11871,0.12,2.3107,0.17,0.34076,0.021,0.98573,0.0068,0.36723,0.018,0.82978,0.043,0.26974,0.015
"SCH2018","vdW-DF2",1,FALSE,0.20306,0.01,-4.3723e-18,0.017,0.2509,0.012,-0.20964,0.14,2.7696,0.2,0.51185,0.042,0.992,0.0049,0.3967,0.017,0.86662,0.041,0.29231,0.014
"SCH2018","BEEF-vdW",1,FALSE,0.14127,0.0073,3.8442e-18,0.012,0.1744,0.0076,-0.15103,0.12,2.4362,0.18,0.3198,0.013,0.98872,0.0056,0.40561,0.018,0.83986,0.043,0.30661,0.015
"SCH2018","mBEEF",1,FALSE,0.1245,0.0078,-1.0519e-18,0.012,0.16574,0.011,-0.16283,0.31,4.5134,0.62,0.34164,0.039,0.97972,0.012,0.45031,0.021,0.85579,0.043,0.32766,0.017
"SCH2018","mBEEF-vdW",1,FALSE,0.16107,0.009,-8.8907e-18,0.015,0.20555,0.011,-0.29417,0.2,3.4103,0.42,0.39825,0.027,0.99123,0.008,0.42309,0.019,0.88408,0.04,0.30744,0.015
"THA2015","M11",1,FALSE,0.029663,0.0029,6.5459e-19,0.0041,0.045113,0.0049,-0.74642,0.59,7.2851,1.7,0.10259,0.014,0.91094,0.034,0.53971,0.024,0.96846,0.047,0.40368,0.022
"THA2015","M06-2X",1,FALSE,0.028825,0.0028,-7.7797e-19,0.0039,0.043556,0.0045,-0.63312,0.51,6.6327,1.2,0.10141,0.013,0.90627,0.029,0.52848,0.022,1.0395,0.05,0.39822,0.021
"THA2015","ωB97",1,FALSE,0.031465,0.0028,-6.7763e-20,0.004,0.045049,0.0042,-0.57825,0.43,5.7289,0.8,0.11094,0.015,0.93198,0.022,0.49035,0.023,0.98758,0.055,0.35322,0.021
"THA2015","LC-τHCTH",1,FALSE,0.030028,0.0027,-2.5499e-19,0.0039,0.043596,0.0042,-0.47057,0.48,6.1272,0.93,0.10579,0.015,0.92706,0.024,0.49929,0.024,0.93853,0.054,0.36148,0.021
"THA2015","HISS",1,FALSE,0.028183,0.0028,-5.6203e-19,0.0038,0.042642,0.0044,-0.58969,0.52,6.6091,1.2,0.10226,0.013,0.90814,0.028,0.53178,0.022,1.0161,0.049,0.39504,0.021
"THA2015","LC-ωPBE",1,FALSE,0.030581,0.0028,-4.1933e-19,0.0039,0.044634,0.0043,-0.73019,0.43,5.9549,0.93,0.10975,0.014,0.92143,0.025,0.50918,0.023,0.97984,0.054,0.36853,0.021
"THA2015","MP2",1,FALSE,0.029855,0.0028,3.0636e-19,0.0039,0.044138,0.0043,-0.14897,0.51,6.192,0.85,0.10851,0.016,0.91738,0.023,0.50934,0.023,1.0679,0.051,0.37468,0.022
"WU2015","HF",1,FALSE,0.022237,0.0017,-9.3403e-19,0.0022,0.029534,0.0024,-0.86042,0.32,4.8253,1.2,0.060145,0.0058,0.9606,0.023,0.44729,0.023,0.89716,0.046,0.32666,0.018
"WU2015","MP2",1,FALSE,0.0039131,0.00025,7.9446e-20,0.00042,0.0049068,0.00031,-0.008293,0.22,3.2394,0.38,0.009951,0.0011,0.99406,0.0059,0.40242,0.023,0.84884,0.051,0.29169,0.018
"WU2015","LSDA",1,FALSE,0.01715,0.0015,2.2184e-19,0.0021,0.024684,0.0026,0.097313,0.64,7.1607,1.2,0.054463,0.0088,0.91299,0.026,0.47571,0.027,1.0435,0.062,0.33891,0.023
"WU2015","PBE",1,FALSE,0.016421,0.0015,7.7091e-19,0.0021,0.024385,0.0026,-0.14151,0.64,7.1795,1.2,0.055211,0.009,0.90186,0.025,0.50895,0.026,0.91831,0.058,0.36589,0.023
"WU2015","HCTH",1,FALSE,0.016916,0.0015,4.2789e-19,0.0021,0.024767,0.0026,-0.10936,0.63,6.9966,1.1,0.055664,0.0089,0.90773,0.024,0.498,0.027,0.99083,0.06,0.35476,0.023
"WU2015","N12",1,FALSE,0.018382,0.0017,-1.0141e-19,0.0022,0.026771,0.0026,-0.44921,0.5,6.0635,0.91,0.061972,0.0092,0.91619,0.023,0.50613,0.023,0.94988,0.051,0.36871,0.021
"WU2015","revTPSS",1,FALSE,0.016111,0.0015,-1.7534e-19,0.002,0.023918,0.0024,-0.4457,0.58,6.7364,1,0.056283,0.0089,0.89914,0.025,0.51385,0.026,0.86817,0.056,0.37065,0.022
"WU2015","tHCTH",1,FALSE,0.017218,0.0016,2.0282e-20,0.0021,0.025304,0.0026,-0.27862,0.6,6.7697,1.1,0.058044,0.0094,0.90609,0.024,0.50415,0.026,0.95769,0.059,0.36083,0.022
"WU2015","M11-L",1,FALSE,0.022511,0.0017,6.7249e-20,0.0025,0.030443,0.0027,0.022441,0.49,5.3331,0.99,0.06164,0.0082,0.93345,0.016,0.44997,0.025,0.93212,0.05,0.32607,0.02
"WU2015","MN12-L",1,FALSE,0.021526,0.0017,-1.4445e-19,0.0024,0.029575,0.0025,-0.58321,0.38,4.8946,0.68,0.068601,0.0088,0.92905,0.02,0.46721,0.023,0.86604,0.054,0.33589,0.02
"WU2015","PBE0",1,FALSE,0.014424,0.0013,7.3277e-20,0.0017,0.02056,0.0019,-0.46701,0.45,5.5783,0.82,0.047278,0.0066,0.91682,0.021,0.48672,0.02,1.0301,0.047,0.36424,0.019
"WU2015","mPW1PW",1,FALSE,0.01451,0.0013,3.6059e-19,0.0017,0.020614,0.0019,-0.54546,0.43,5.4554,0.8,0.047642,0.0065,0.91517,0.021,0.48488,0.02,1.0321,0.046,0.36281,0.019
"WU2015","B3LYP",1,FALSE,0.014567,0.0013,-2.0824e-19,0.0017,0.020971,0.002,-0.49271,0.49,5.8202,0.88,0.047951,0.007,0.90681,0.022,0.49678,0.022,0.96172,0.045,0.36406,0.02
"WU2015","B3PW91",1,FALSE,0.014661,0.0013,1.1155e-19,0.0017,0.021085,0.002,-0.54241,0.46,5.7358,0.85,0.049293,0.007,0.91052,0.022,0.49256,0.021,1.0034,0.045,0.36654,0.02
"WU2015","B97-2",1,FALSE,0.014936,0.0013,-2.7652e-19,0.0017,0.021457,0.002,-0.55803,0.45,5.6335,0.84,0.049864,0.0071,0.9099,0.022,0.49434,0.021,0.97852,0.044,0.36939,0.019
"WU2015","M06",1,FALSE,0.012794,0.0011,3.853e-19,0.0014,0.01807,0.0018,0.26832,0.57,6.4105,1.2,0.037941,0.0061,0.92515,0.023,0.48508,0.026,0.87133,0.051,0.34895,0.02
"WU2015","M06-2X",1,FALSE,0.012621,0.00093,-2.3764e-20,0.0013,0.016722,0.0013,-0.33334,0.32,4.1922,0.56,0.035942,0.004,0.96326,0.013,0.44468,0.022,0.91782,0.047,0.32161,0.018
"WU2015","M06-HF",1,FALSE,0.015002,0.001,-4.2069e-19,0.0015,0.019243,0.0013,-0.69262,0.22,3.674,0.48,0.040267,0.004,0.96076,0.018,0.41743,0.022,0.90633,0.058,0.29384,0.017
"WU2015","SOGGA11X",1,FALSE,0.014413,0.0011,1.7326e-19,0.0015,0.019717,0.0016,-0.6779,0.33,4.526,0.64,0.045815,0.0045,0.92639,0.02,0.46793,0.02,0.94388,0.045,0.34419,0.018
"WU2015","tHCTHhyb",1,FALSE,0.015684,0.0014,1.6983e-19,0.0019,0.022791,0.0022,-0.53446,0.48,5.9224,0.89,0.053481,0.0077,0.90495,0.023,0.50016,0.021,0.96321,0.044,0.37275,0.019
"WU2015","BMK",1,FALSE,0.015965,0.0012,-9.8887e-20,0.0017,0.021182,0.0015,-0.70278,0.23,3.8501,0.54,0.047594,0.0037,0.95634,0.017,0.45365,0.021,0.92924,0.047,0.33081,0.018
"WU2015","TPSSh",1,FALSE,0.015224,0.0014,8.6503e-20,0.0018,0.022469,0.0022,-0.46787,0.52,6.271,0.95,0.052791,0.0078,0.90372,0.024,0.51317,0.022,0.95549,0.044,0.37969,0.02
"WU2015","LC-rTPSS",1,FALSE,0.011235,0.00081,-3.1715e-19,0.0011,0.014833,0.0011,-0.24271,0.28,3.9977,0.52,0.032275,0.0032,0.97888,0.012,0.44511,0.022,0.9401,0.049,0.3223,0.018
"WU2015","LC-wPBE",1,FALSE,0.010923,0.00079,4.0658e-21,0.0011,0.014352,0.00099,-0.25535,0.22,3.5813,0.37,0.032474,0.0026,0.97417,0.011,0.44424,0.019,0.98494,0.047,0.32975,0.017
"WU2015","LC-N12",1,FALSE,0.0122,9e-04,-2.5238e-19,0.0013,0.01627,0.0012,-0.54263,0.28,4.2501,0.68,0.035184,0.0035,0.97116,0.017,0.4534,0.022,0.92062,0.047,0.331,0.018
"WU2015","LC-HCTH",1,FALSE,0.011329,0.00088,-3.1638e-19,0.0012,0.015422,0.0013,-0.59139,0.35,5.0209,0.89,0.034616,0.0037,0.95956,0.02,0.46063,0.023,0.91513,0.055,0.33258,0.019
"WU2015","LC-tHCTH",1,FALSE,0.012844,0.00098,-7.953e-19,0.0013,0.017307,0.0014,-0.5984,0.32,4.6262,0.87,0.03675,0.0039,0.96906,0.019,0.46292,0.024,0.90249,0.05,0.33254,0.02
"WU2015","M11",1,FALSE,0.013117,0.00086,-1.9738e-19,0.0013,0.016573,0.0011,-0.072418,0.26,3.504,0.43,0.03405,0.0037,0.98157,0.0091,0.40365,0.023,0.87141,0.055,0.28425,0.019
"WU2015","CAM-B3LYP",1,FALSE,0.012891,0.001,3.2947e-21,0.0014,0.017627,0.0014,-0.51167,0.34,4.5276,0.62,0.040023,0.0045,0.93911,0.017,0.46758,0.02,0.98267,0.045,0.34487,0.018
"WU2015","wB97XD",1,FALSE,0.013258,0.001,-3.4442e-20,0.0014,0.017934,0.0014,-0.44947,0.34,4.4328,0.6,0.040026,0.0043,0.94373,0.016,0.45869,0.021,0.97792,0.048,0.33669,0.018
"WU2015","wB97",1,FALSE,0.011907,0.00086,-6.9725e-20,0.0012,0.015649,0.0011,-0.30219,0.21,3.4815,0.37,0.034561,0.0026,0.97858,0.011,0.44995,0.019,0.93173,0.048,0.33399,0.017
"WU2015","wB97X",1,FALSE,0.012163,0.00092,-1.8296e-20,0.0013,0.016231,0.0012,-0.37369,0.25,3.7962,0.44,0.035269,0.0036,0.96951,0.013,0.46088,0.02,0.9234,0.046,0.33764,0.018
"WU2015","N12-SX",1,FALSE,0.016019,0.0013,8.5287e-20,0.0018,0.022418,0.0019,-0.65435,0.36,4.9932,0.7,0.0521,0.0064,0.92413,0.021,0.47651,0.02,1.0551,0.047,0.35798,0.019
"WU2015","MN12-SX",1,FALSE,0.017455,0.0014,-5.5098e-19,0.0019,0.024062,0.0021,-0.44152,0.43,5.1239,0.76,0.05462,0.0073,0.92617,0.019,0.46839,0.024,0.91702,0.047,0.33857,0.02
"WU2015","HSE06",1,FALSE,0.014542,0.0013,5.3462e-20,0.0017,0.020787,0.0019,-0.45026,0.47,5.6795,0.84,0.047763,0.0068,0.91647,0.021,0.48846,0.021,1.0137,0.045,0.36431,0.019
"WU2015","HISS",1,FALSE,0.014719,0.0012,-4.1237e-19,0.0016,0.020227,0.0016,-0.63205,0.27,4.2583,0.57,0.046625,0.0042,0.95027,0.018,0.48179,0.021,0.98003,0.045,0.35415,0.019
"ZAS2019","HF",1,FALSE,2.2859,0.025,-3.0292e-17,0.038,2.9686,0.036,-0.4553,0.06,4.3288,0.21,5.8694,0.08,0.98538,0.0031,0.43385,0.0035,0.87328,0.0075,0.31452,0.0027
"ZAS2019","MP2",1,FALSE,1.2751,0.012,-5.1731e-17,0.021,1.6059,0.015,0.089152,0.032,3.1418,0.06,3.1755,0.054,0.99826,0.00054,0.41642,0.0033,0.84666,0.0071,0.30227,0.0028
"ZAS2019","SLATM_L2",1,FALSE,1.2661,0.025,-3.8384e-17,0.032,2.4356,0.079,0.81942,0.53,28.152,2.7,4.6579,0.14,0.71029,0.018,0.60461,0.0056,1.0198,0.0079,0.44728,0.005
"ZHA2018","PBE",1,FALSE,0.092325,0.0061,9.1728e-19,0.0086,0.1281,0.011,-1.0784,0.4,6.5798,1.4,0.28741,0.038,0.92937,0.029,0.45664,0.023,0.96772,0.049,0.32598,0.018
"ZHA2018","SCAN",1,FALSE,0.091706,0.0063,-1.271e-18,0.0087,0.12676,0.0093,-0.39569,0.35,5.2734,0.86,0.27631,0.026,0.96235,0.018,0.4708,0.019,1.0122,0.04,0.34131,0.017
"BOR2019","LDA",-1,TRUE,1.158,0.047,1.1429,0.047,1.0513,0.095,2.7311,0.65,16.829,6.2,3.1392,0.2,0.79574,0.052,0.42135,0.016,0.96832,0.038,0.29376,0.012
"BOR2019","LDA + SOC",-1,TRUE,1.2293,0.046,1.2215,0.047,1.0425,0.096,2.7873,0.67,17.352,6.5,3.2146,0.2,0.79023,0.053,0.39697,0.015,0.99222,0.047,0.27538,0.011
"BOR2019","PBE",-1,TRUE,1.0429,0.044,1.0172,0.045,1.0063,0.095,2.8112,0.73,18.327,7.2,2.9159,0.18,0.79632,0.056,0.43868,0.016,0.97159,0.031,0.30883,0.012
"BOR2019","PBE + SOC",-1,TRUE,1.1152,0.044,1.1041,0.044,0.99349,0.096,2.923,0.76,19.274,7.6,2.9993,0.19,0.78379,0.058,0.41195,0.016,0.97034,0.036,0.28699,0.012
"BOR2019","PBE_SOL",-1,TRUE,1.1078,0.045,1.0892,0.046,1.0199,0.091,2.6601,0.66,16.434,6.2,3.0411,0.18,0.80479,0.052,0.42752,0.016,0.96054,0.034,0.2989,0.012
"BOR2019","HLE16",-1,TRUE,0.58842,0.034,0.36279,0.041,0.86463,0.079,2.6422,0.65,17.47,5.2,1.8457,0.17,0.82143,0.055,0.53425,0.017,0.95088,0.03,0.387,0.014
"BOR2019","HLE16 + SOC",-1,TRUE,0.59938,0.035,0.50024,0.038,0.82667,0.085,3.1225,0.73,21.514,6.6,1.9125,0.17,0.77318,0.061,0.54434,0.017,0.93764,0.03,0.39829,0.013
"BOR2019","BJ",-1,TRUE,0.78154,0.036,0.71753,0.038,0.84474,0.072,2.4676,0.6,14.907,5.3,2.2743,0.18,0.82483,0.048,0.46287,0.016,0.95446,0.031,0.33093,0.012
"BOR2019","mBJ",-1,TRUE,0.48686,0.022,0.21184,0.03,0.64674,0.035,0.92502,0.31,6.4331,1.4,1.3902,0.075,0.95322,0.021,0.48196,0.014,0.88703,0.026,0.35374,0.011
"BOR2019","SCAN",-1,TRUE,0.80349,0.038,0.7329,0.04,0.89599,0.085,2.7706,0.77,18.724,7.4,2.3935,0.18,0.8088,0.059,0.46904,0.017,0.93855,0.03,0.33529,0.013
"BOR2019","HSE06",-1,TRUE,0.51728,0.029,0.088546,0.036,0.82011,0.073,2.3014,0.79,16.734,6.8,1.6633,0.15,0.84268,0.056,0.54037,0.016,0.97009,0.028,0.39742,0.013
"BOR2019","HSE14",-1,TRUE,0.56417,0.028,-0.1818,0.036,0.8019,0.054,0.87491,0.57,9.8778,2.7,1.7907,0.12,0.90407,0.031,0.50644,0.014,0.88863,0.028,0.36929,0.012
"BOR2019","HSE_mix",-1,TRUE,0.63501,0.031,-0.37954,0.038,0.8295,0.045,-0.70286,0.32,6.7952,1.3,1.9471,0.12,0.93303,0.019,0.51208,0.014,0.8655,0.027,0.37448,0.012
"BOR2019","PBE0",-1,TRUE,0.77045,0.027,-0.48204,0.037,0.84175,0.07,1.9904,0.71,14.514,5.4,1.8029,0.12,0.85018,0.049,0.37381,0.014,0.92029,0.03,0.26441,0.01
"BOR2019","PBE0_mix",-1,TRUE,0.81111,0.036,-0.60439,0.043,0.94586,0.049,-1.0641,0.22,6.0762,0.92,2.4167,0.14,0.93377,0.018,0.47249,0.013,0.90962,0.027,0.34287,0.011
"HAI2018","LSDA",-1,TRUE,0.13009,0.0098,0.056279,0.014,0.17064,0.012,0.73756,0.27,4.3862,0.78,0.35502,0.052,0.96233,0.019,0.49087,0.027,0.77616,0.045,0.36261,0.022
"HAI2018","GGA",-1,TRUE,0.10225,0.013,0.060839,0.014,0.18298,0.041,4.3812,1.3,32.219,12,0.3402,0.076,0.65488,0.12,0.57123,0.04,0.96676,0.052,0.41921,0.031
"HAI2018","mGGA",-1,TRUE,0.084066,0.0051,0.055673,0.0074,0.09187,0.0056,0.22442,0.21,3.5641,0.37,0.22278,0.017,0.98549,0.0094,0.42132,0.02,0.90608,0.044,0.30782,0.017
"HAI2018","hGGA",-1,TRUE,0.050895,0.0039,-0.012077,0.0056,0.069613,0.0054,-0.30504,0.36,4.7753,0.67,0.16079,0.019,0.96325,0.017,0.4818,0.022,0.90826,0.047,0.35346,0.019
"HAI2018","hmGGA",-1,TRUE,0.051132,0.0037,0.015457,0.0056,0.068157,0.0049,0.68196,0.24,4.2736,0.6,0.14108,0.018,0.96658,0.017,0.47545,0.023,0.90349,0.046,0.34934,0.019
"NAR2019","G4MP2",-1,TRUE,0.7941,0.033,-0.060588,0.048,1.0567,0.046,-0.34753,0.22,4.4332,0.72,2.209,0.087,0.98349,0.0098,0.45723,0.012,0.88163,0.029,0.33931,0.01
"NAR2019","B3LYP",-1,TRUE,3.9907,0.15,3.6137,0.17,3.6745,0.32,1.9095,0.82,15.445,6.5,9.2503,0.55,0.89442,0.058,0.4001,0.016,0.89253,0.029,0.28259,0.011
"NAR2019","M06-2X",-1,TRUE,2.7052,0.099,-0.087473,0.17,3.4561,0.2,1.242,0.42,7.1166,2.7,6.0963,0.46,0.93108,0.029,0.39486,0.014,0.82635,0.029,0.28348,0.01
"NAR2019","wB97X-D",-1,TRUE,1.8543,0.092,0.52329,0.13,2.654,0.25,2.13,0.93,17.66,7.7,5.1783,0.38,0.87922,0.064,0.46792,0.018,0.9606,0.038,0.33104,0.013
"PER2018","B3LYP",-1,TRUE,1.1819,0.09,0.97928,0.1,1.5103,0.12,1.614,0.3,7.2574,1.1,4.4865,0.49,0.81669,0.029,0.51491,0.02,1.0944,0.034,0.37996,0.02
"PER2018","B97-1",-1,TRUE,0.85462,0.052,0.50593,0.069,1.0514,0.082,0.25805,0.39,6.6806,0.75,2.6704,0.35,0.8989,0.02,0.44402,0.021,0.96601,0.058,0.30688,0.017
"PER2018","BH&HLYP",-1,TRUE,4.8311,0.23,4.7918,0.23,3.4953,0.24,1.3889,0.25,5.6335,1.1,11.744,0.61,0.88873,0.026,0.36837,0.015,1.008,0.039,0.26911,0.012
"PER2018","BLYP",-1,TRUE,1.627,0.1,0.41088,0.14,2.2323,0.17,-1.2904,0.27,6.5931,0.87,5.3257,0.56,0.87001,0.028,0.46465,0.02,1.072,0.07,0.329,0.018
"PER2018","CAM-B3LYP",-1,TRUE,0.90408,0.091,0.55114,0.1,1.5431,0.12,1.7781,0.26,6.611,1.1,4.1328,0.37,0.76831,0.031,0.66318,0.015,0.99141,0.042,0.53026,0.017
"PER2018","LC-ωPBE",-1,TRUE,1.0939,0.095,0.73093,0.11,1.6697,0.14,1.7247,0.35,8.0118,1.8,4.3381,0.51,0.83445,0.035,0.60329,0.018,0.9276,0.037,0.46746,0.017
"PER2018","PBE",-1,TRUE,2.7916,0.16,-2.5326,0.17,2.6678,0.2,-1.335,0.23,6.041,0.86,8.0647,0.83,0.90371,0.027,0.42315,0.018,0.95855,0.042,0.30198,0.015
"PER2018","PBE0",-1,TRUE,0.92456,0.074,0.23639,0.096,1.442,0.12,1.7744,0.21,7.1871,1,3.2688,0.5,0.8428,0.03,0.56521,0.021,0.90525,0.036,0.42144,0.019
"PER2018","PW86PBE",-1,TRUE,1.6352,0.12,-0.53545,0.16,2.4625,0.2,-1.4858,0.27,7.0637,1.1,6.1354,0.89,0.87528,0.03,0.52769,0.021,0.98418,0.039,0.39481,0.018
"SCH2018","LDA",-1,TRUE,0.71559,0.031,0.68462,0.035,0.48557,0.024,0.14917,0.14,2.8664,0.22,1.5148,0.07,0.99487,0.0038,0.34472,0.017,0.80751,0.044,0.2518,0.013
"SCH2018","PBE",-1,TRUE,0.18687,0.0099,0.093231,0.016,0.21256,0.0094,-0.11044,0.12,2.5127,0.18,0.41837,0.023,0.98839,0.0054,0.4139,0.02,0.77526,0.04,0.30877,0.017
"SCH2018","RPBE",-1,TRUE,0.21231,0.01,-0.17169,0.013,0.18856,0.0076,0.10973,0.12,2.2494,0.16,0.46332,0.021,0.97939,0.0075,0.37564,0.018,0.7986,0.042,0.28073,0.015
"SCH2018","vdW-DF2",-1,TRUE,0.20882,0.01,0.023282,0.017,0.25419,0.011,-0.17486,0.13,2.6425,0.19,0.50316,0.035,0.99121,0.0049,0.38764,0.018,0.78848,0.042,0.28726,0.015
"SCH2018","BEEF-vdW",-1,TRUE,0.14569,0.008,-0.0094872,0.013,0.18237,0.0083,-0.16862,0.11,2.5156,0.17,0.34049,0.012,0.98551,0.0045,0.42113,0.017,0.81642,0.039,0.31771,0.015
"SCH2018","mBEEF",-1,TRUE,0.20559,0.0099,0.057897,0.018,0.24212,0.014,-0.99989,0.14,3.4797,0.46,0.48625,0.03,0.91955,0.017,0.37626,0.018,0.81878,0.043,0.2742,0.015
"SCH2018","mBEEF-vdW",-1,TRUE,0.31154,0.013,0.22621,0.021,0.2848,0.014,-0.55838,0.13,2.9858,0.33,0.63641,0.023,0.97241,0.0099,0.34152,0.016,0.81332,0.047,0.25416,0.013
"THA2015","M11",-1,TRUE,0.025703,0.002,0.0079563,0.0031,0.033924,0.0026,-0.5055,0.22,4.0579,0.49,0.077661,0.006,0.95815,0.015,0.48561,0.021,0.86472,0.05,0.36057,0.02
"THA2015","M06-2X",-1,TRUE,0.027189,0.002,0.012685,0.003,0.033224,0.0026,-0.58104,0.23,4.2259,0.52,0.077452,0.0071,0.94907,0.016,0.45599,0.025,0.84554,0.054,0.33326,0.021
"THA2015","ωB97",-1,TRUE,0.027962,0.002,0.0076504,0.0032,0.035207,0.0028,-0.77873,0.26,4.2407,0.66,0.073987,0.0076,0.96024,0.02,0.43129,0.025,0.82324,0.05,0.31252,0.021
"THA2015","LC-τHCTH",-1,TRUE,0.025369,0.0019,0.0039686,0.003,0.033227,0.0025,-0.56998,0.25,3.9919,0.51,0.072164,0.0074,0.96919,0.016,0.45118,0.023,0.83579,0.049,0.3359,0.019
"THA2015","HISS",-1,TRUE,0.03347,0.002,0.023498,0.003,0.032549,0.0026,-0.58699,0.25,4.2237,0.5,0.073594,0.0078,0.95444,0.016,0.36304,0.021,0.79748,0.057,0.26363,0.018
"THA2015","LC-ωPBE",-1,TRUE,0.033944,0.0019,0.020589,0.0031,0.034775,0.0028,-0.87477,0.25,4.3539,0.66,0.077051,0.0074,0.95009,0.022,0.35415,0.02,0.88445,0.049,0.25676,0.016
"THA2015","MP2",-1,TRUE,0.026985,0.0021,0.0086079,0.0032,0.03513,0.0034,0.18564,0.61,6.0764,1.8,0.07126,0.0076,0.94486,0.027,0.4469,0.027,0.87466,0.054,0.32049,0.02
"WU2015","HF",-1,TRUE,0.042378,0.0018,0.037843,0.0022,0.029539,0.0024,-0.86448,0.32,4.8087,1.2,0.080324,0.0033,0.96025,0.023,0.30133,0.018,0.83948,0.052,0.21898,0.014
"WU2015","MP2",-1,TRUE,0.0052883,0.00033,-0.0041314,0.00042,0.0049689,0.00032,0.070321,0.21,3.2793,0.37,0.011967,0.00098,0.9951,0.006,0.38693,0.021,0.87936,0.049,0.28206,0.017
"WU2015","LSDA",-1,TRUE,0.06545,0.0018,-0.064423,0.0021,0.024686,0.0026,0.087677,0.65,7.2348,1.2,0.11205,0.0072,0.91079,0.026,0.17679,0.012,1.0113,0.054,0.12355,0.0088
"WU2015","PBE",-1,TRUE,0.060785,0.0018,-0.059753,0.0021,0.024385,0.0026,-0.13657,0.64,7.1452,1.2,0.10802,0.007,0.903,0.025,0.18609,0.013,1.042,0.059,0.12808,0.01
"WU2015","HCTH",-1,TRUE,0.048912,0.0018,-0.04751,0.0021,0.024769,0.0026,-0.097653,0.62,6.9157,1.1,0.096249,0.0069,0.91052,0.024,0.23469,0.016,0.98266,0.065,0.16169,0.012
"WU2015","N12",-1,TRUE,0.039666,0.002,-0.0378,0.0022,0.026778,0.0026,-0.4796,0.52,6.1991,0.95,0.092011,0.0076,0.91099,0.024,0.31309,0.019,1.0248,0.053,0.21795,0.015
"WU2015","revTPSS",-1,TRUE,0.04546,0.0018,-0.044243,0.002,0.023922,0.0024,-0.42261,0.57,6.605,1,0.09305,0.0075,0.90373,0.025,0.24391,0.017,1.1123,0.065,0.16802,0.013
"WU2015","tHCTH",-1,TRUE,0.04561,0.0019,-0.044127,0.0021,0.025305,0.0026,-0.2878,0.6,6.8233,1.1,0.094701,0.0074,0.90417,0.024,0.25673,0.017,1.0384,0.061,0.17731,0.013
"WU2015","M11-L",-1,TRUE,0.083238,0.0023,-0.082153,0.0025,0.030962,0.0029,0.014244,0.54,5.8344,1.1,0.13775,0.0058,0.92196,0.019,0.18127,0.01,1.0971,0.049,0.13028,0.0083
"WU2015","MN12-L",-1,TRUE,0.048955,0.0022,-0.047579,0.0024,0.029612,0.0024,-0.53503,0.36,4.6697,0.63,0.10851,0.0075,0.93919,0.019,0.29744,0.016,1.0187,0.049,0.21013,0.013
"WU2015","PBE0",-1,TRUE,0.019573,0.0014,-0.01627,0.0017,0.020568,0.0019,-0.43355,0.44,5.4399,0.78,0.058448,0.0044,0.92258,0.02,0.45205,0.02,0.91519,0.047,0.33198,0.018
"WU2015","mPW1PW",-1,TRUE,0.017538,0.0014,-0.013518,0.0017,0.020619,0.0018,-0.51941,0.42,5.3513,0.77,0.057041,0.0042,0.91961,0.021,0.49367,0.021,0.92171,0.047,0.36402,0.019
"WU2015","B3LYP",-1,TRUE,0.030977,0.0015,-0.029595,0.0017,0.020971,0.002,-0.48976,0.49,5.8065,0.88,0.072244,0.0049,0.90741,0.022,0.31738,0.018,0.9903,0.058,0.22326,0.015
"WU2015","B3PW91",-1,TRUE,0.021365,0.0015,-0.018623,0.0017,0.021086,0.002,-0.53443,0.46,5.7024,0.84,0.062274,0.005,0.91196,0.022,0.43485,0.021,0.92931,0.048,0.31541,0.018
"WU2015","B97-2",-1,TRUE,0.01948,0.0015,-0.015941,0.0017,0.02146,0.002,-0.53733,0.44,5.5486,0.81,0.060606,0.0047,0.91365,0.022,0.47042,0.021,0.9544,0.046,0.3462,0.019
"WU2015","M06",-1,TRUE,0.028929,0.0013,-0.02756,0.0014,0.01807,0.0018,0.26772,0.57,6.4159,1.2,0.060234,0.0044,0.92496,0.023,0.29789,0.016,0.9905,0.054,0.21032,0.013
"WU2015","M06-2X",-1,TRUE,0.01244,0.00097,-0.0026542,0.0013,0.016733,0.0013,-0.35297,0.33,4.2735,0.58,0.038522,0.0037,0.95965,0.014,0.46784,0.022,0.91008,0.047,0.33803,0.019
"WU2015","M06-HF",-1,TRUE,0.017488,0.00099,0.0081397,0.0015,0.019466,0.0014,-0.6705,0.23,3.8174,0.52,0.041585,0.0045,0.9584,0.018,0.3634,0.022,0.80888,0.049,0.25882,0.017
"WU2015","SOGGA11X",-1,TRUE,0.014981,0.0013,-0.0083793,0.0016,0.019798,0.0015,-0.59271,0.29,4.2237,0.55,0.051647,0.0032,0.94166,0.018,0.5164,0.02,0.95538,0.043,0.38174,0.02
"WU2015","tHCTHhyb",-1,TRUE,0.029704,0.0017,-0.027908,0.0019,0.022792,0.0022,-0.54379,0.49,5.9622,0.9,0.075298,0.006,0.90321,0.023,0.35401,0.02,0.9802,0.05,0.25021,0.016
"WU2015","BMK",-1,TRUE,0.016153,0.0013,-0.0077516,0.0017,0.021186,0.0015,-0.71809,0.23,3.8952,0.55,0.052309,0.0038,0.95447,0.018,0.49286,0.021,0.97797,0.052,0.36383,0.019
"WU2015","TPSSh",-1,TRUE,0.030127,0.0016,-0.028262,0.0018,0.022476,0.0022,-0.43513,0.51,6.1188,0.91,0.074637,0.0061,0.90993,0.023,0.34233,0.02,1.0126,0.052,0.24109,0.016
"WU2015","LC-rTPSS",-1,TRUE,0.024987,0.0012,0.024045,0.0013,0.016375,0.00099,-0.088523,0.19,2.9985,0.34,0.052537,0.0029,0.98652,0.0071,0.33548,0.022,0.69917,0.045,0.24281,0.019
"WU2015","LC-wPBE",-1,TRUE,0.020052,0.001,0.017746,0.0013,0.015892,0.00089,-0.059442,0.15,2.7062,0.24,0.046221,0.0026,0.98466,0.0069,0.35759,0.021,0.70822,0.049,0.26199,0.018
"WU2015","LC-N12",-1,TRUE,0.037959,0.0013,0.037576,0.0014,0.017906,0.0011,-0.2156,0.22,3.2168,0.49,0.067613,0.003,0.98989,0.0077,0.25399,0.017,0.73866,0.048,0.18176,0.014
"WU2015","LC-HCTH",-1,TRUE,0.017634,0.00098,0.013083,0.0013,0.016887,0.0012,-0.34614,0.26,3.7577,0.68,0.043486,0.0029,0.98239,0.012,0.37386,0.021,0.86295,0.052,0.2637,0.017
"WU2015","LC-tHCTH",-1,TRUE,0.013844,0.001,-0.0010833,0.0014,0.01821,0.0013,-0.47767,0.27,3.9019,0.75,0.036709,0.0025,0.98298,0.014,0.45056,0.022,0.91134,0.051,0.32504,0.018
"WU2015","M11",-1,TRUE,0.013293,0.00087,-0.0024264,0.0013,0.016638,0.0011,-0.02963,0.24,3.3079,0.39,0.035204,0.0033,0.98645,0.0079,0.40839,0.021,0.94236,0.051,0.29477,0.017
"WU2015","CAM-B3LYP",-1,TRUE,0.015111,0.0012,-0.010295,0.0014,0.018014,0.0013,-0.31673,0.26,3.77,0.43,0.046586,0.0028,0.96889,0.013,0.49741,0.022,0.82346,0.051,0.3653,0.02
"WU2015","wB97XD",-1,TRUE,0.015897,0.0012,-0.011212,0.0015,0.01833,0.0013,-0.25783,0.26,3.6915,0.43,0.047829,0.0027,0.97214,0.012,0.48362,0.022,0.83712,0.044,0.35554,0.02
"WU2015","wB97",-1,TRUE,0.014456,0.00087,0.0013959,0.0014,0.017694,0.00097,-0.02014,0.15,2.6058,0.23,0.033941,0.0019,0.98768,0.0067,0.39126,0.018,0.8967,0.049,0.29107,0.015
"WU2015","wB97X",-1,TRUE,0.014091,0.00098,-0.0054504,0.0014,0.017339,0.001,-0.10717,0.17,2.9059,0.26,0.036316,0.0019,0.99023,0.0066,0.4418,0.019,0.8671,0.043,0.33282,0.017
"WU2015","N12-SX",-1,TRUE,0.015768,0.0015,-0.0073318,0.0018,0.02242,0.0019,-0.66981,0.36,5.0437,0.72,0.05788,0.005,0.92194,0.021,0.5425,0.021,0.89857,0.071,0.39817,0.021
"WU2015","MN12-SX",-1,TRUE,0.048207,0.0018,-0.047226,0.0019,0.024062,0.0021,-0.44567,0.43,5.1498,0.76,0.095887,0.006,0.92506,0.019,0.24227,0.014,1.0641,0.051,0.17275,0.011
"WU2015","HSE06",-1,TRUE,0.020901,0.0015,-0.018027,0.0017,0.020787,0.0019,-0.44764,0.46,5.6685,0.83,0.060493,0.0047,0.91691,0.021,0.43588,0.02,0.95686,0.049,0.31688,0.018
"WU2015","HISS",-1,TRUE,0.018746,0.0011,0.010518,0.0016,0.020231,0.0016,-0.61463,0.26,4.206,0.56,0.042476,0.004,0.95246,0.017,0.37312,0.022,0.86128,0.055,0.26215,0.017
"ZAS2019","HF",-1,TRUE,2.3703,0.025,0.062466,0.041,3.111,0.04,-0.69783,0.075,5.1219,0.29,6.01,0.099,0.9696,0.0046,0.43596,0.0038,0.87553,0.0075,0.31493,0.0029
"ZAS2019","MP2",-1,TRUE,1.3047,0.013,-0.0039203,0.021,1.6597,0.016,-0.077119,0.035,3.3327,0.062,3.3177,0.051,0.99567,0.00081,0.42362,0.0035,0.86209,0.0075,0.30723,0.0029
"ZAS2019","SLATM_L2",-1,TRUE,1.2377,0.025,0.10779,0.03,2.354,0.075,0.23762,0.52,26.653,3,4.6098,0.15,0.72024,0.018,0.60508,0.0054,1.0047,0.0084,0.44722,0.0048
"ZHA2018","PBE",-1,TRUE,0.20709,0.0096,-0.20378,0.01,0.14083,0.007,-0.40738,0.18,3.1115,0.42,0.44201,0.029,0.98337,0.0091,0.3682,0.019,0.76465,0.041,0.26757,0.016
"ZHA2018","SCAN",-1,TRUE,0.09676,0.0064,-0.016417,0.0098,0.13133,0.0086,-0.35242,0.28,4.2795,0.82,0.27021,0.015,0.97609,0.014,0.48697,0.019,0.88692,0.048,0.36986,0.016
"BOR2019","LDA",0,TRUE,0.69169,0.036,-9.8496e-18,0.047,1.0513,0.095,2.7311,0.65,16.829,6.2,1.9995,0.19,0.79574,0.052,0.49132,0.019,0.8994,0.036,0.34809,0.014
"BOR2019","LDA + SOC",0,TRUE,0.68274,0.036,5.5268e-18,0.047,1.0425,0.096,2.7873,0.67,17.352,6.5,1.9952,0.19,0.79023,0.053,0.49265,0.019,0.90315,0.032,0.34971,0.014
"BOR2019","PBE",0,TRUE,0.66274,0.034,9.8658e-18,0.045,1.0063,0.095,2.8112,0.73,18.327,7.2,1.9048,0.17,0.79632,0.056,0.48628,0.019,0.93722,0.032,0.34571,0.014
"BOR2019","PBE + SOC",0,TRUE,0.64842,0.034,9.1696e-18,0.044,0.99349,0.096,2.923,0.76,19.274,7.6,1.8982,0.18,0.78379,0.058,0.48945,0.019,0.90696,0.031,0.34693,0.014
"BOR2019","PBE_SOL",0,TRUE,0.67628,0.035,3.1527e-17,0.046,1.0199,0.091,2.6601,0.66,16.434,6.2,1.9565,0.17,0.80479,0.052,0.48831,0.019,0.89323,0.033,0.3473,0.014
"BOR2019","HLE16",0,TRUE,0.57788,0.029,5.1349e-18,0.041,0.86463,0.079,2.6422,0.65,17.47,5.2,1.605,0.12,0.82143,0.055,0.47284,0.019,0.93654,0.03,0.33884,0.014
"BOR2019","HLE16 + SOC",0,TRUE,0.53724,0.028,4.9954e-19,0.038,0.82667,0.085,3.1225,0.73,21.514,6.6,1.5025,0.17,0.77318,0.061,0.47598,0.021,0.99264,0.04,0.33497,0.015
"BOR2019","BJ",0,TRUE,0.5649,0.029,-1.6016e-18,0.038,0.84474,0.072,2.4676,0.6,14.907,5.3,1.6003,0.15,0.82483,0.048,0.47898,0.019,0.9707,0.033,0.34062,0.014
"BOR2019","mBJ",0,TRUE,0.47316,0.02,-3.8248e-18,0.03,0.64674,0.035,0.92502,0.31,6.4331,1.4,1.3007,0.068,0.95322,0.021,0.46263,0.014,0.90744,0.029,0.33411,0.011
"BOR2019","SCAN",0,TRUE,0.59155,0.031,7.3077e-18,0.04,0.89599,0.085,2.7706,0.77,18.724,7.4,1.6862,0.14,0.8088,0.059,0.48125,0.019,0.99008,0.034,0.34206,0.015
"BOR2019","HSE06",0,TRUE,0.52088,0.029,1.8226e-18,0.036,0.82011,0.073,2.3014,0.79,16.734,6.8,1.6487,0.13,0.84268,0.056,0.54021,0.017,0.92772,0.027,0.39695,0.013
"BOR2019","HSE14",0,TRUE,0.53509,0.027,2.5272e-17,0.036,0.8019,0.054,0.87491,0.57,9.8778,2.7,1.82,0.11,0.90407,0.031,0.5094,0.015,0.95024,0.028,0.37455,0.012
"BOR2019","HSE_mix",0,TRUE,0.57426,0.027,1.7989e-17,0.038,0.8295,0.045,-0.70286,0.32,6.7952,1.3,1.8066,0.11,0.93303,0.019,0.49836,0.014,1.0162,0.025,0.3665,0.012
"BOR2019","PBE0",0,TRUE,0.53655,0.029,1.4546e-17,0.037,0.84175,0.07,1.9904,0.71,14.514,5.4,1.7609,0.13,0.85018,0.049,0.53709,0.016,0.9364,0.027,0.39356,0.013
"BOR2019","PBE0_mix",0,TRUE,0.67079,0.03,-3.3541e-19,0.043,0.94586,0.049,-1.0641,0.22,6.0762,0.92,1.9749,0.098,0.93377,0.018,0.48858,0.014,0.92914,0.026,0.35796,0.011
"HAI2018","LSDA",0,TRUE,0.13003,0.0087,-1.4524e-18,0.014,0.17064,0.012,0.73756,0.27,4.3862,0.78,0.34359,0.036,0.96233,0.019,0.43552,0.022,0.8829,0.049,0.31996,0.018
"HAI2018","GGA",0,TRUE,0.10583,0.012,6.558e-20,0.014,0.18298,0.041,4.3812,1.3,32.219,12,0.28744,0.068,0.65488,0.12,0.49273,0.045,1.0458,0.071,0.34446,0.035
"HAI2018","mGGA",0,TRUE,0.068924,0.0046,1.6519e-18,0.0074,0.09187,0.0056,0.22442,0.21,3.5641,0.37,0.18735,0.017,0.98549,0.0094,0.46862,0.02,0.86265,0.044,0.34973,0.018
"HAI2018","hGGA",0,TRUE,0.051364,0.0037,7.8228e-19,0.0056,0.069613,0.0054,-0.30504,0.36,4.7753,0.67,0.15136,0.019,0.96325,0.017,0.45662,0.023,0.97462,0.048,0.33187,0.019
"HAI2018","hmGGA",0,TRUE,0.05092,0.0035,2.7805e-19,0.0056,0.068157,0.0049,0.68196,0.24,4.2736,0.6,0.13732,0.014,0.96658,0.017,0.45838,0.022,0.91648,0.045,0.33609,0.018
"NAR2019","G4MP2",0,TRUE,0.79155,0.033,-1.7823e-17,0.048,1.0567,0.046,-0.34753,0.22,4.4332,0.72,2.2074,0.09,0.98349,0.0098,0.46039,0.012,0.88252,0.032,0.3422,0.01
"NAR2019","B3LYP",0,TRUE,2.562,0.12,1.0159e-17,0.17,3.6745,0.32,1.9095,0.82,15.445,6.5,6.9301,0.56,0.89442,0.058,0.46658,0.017,0.89761,0.029,0.33452,0.012
"NAR2019","M06-2X",0,TRUE,2.6979,0.1,-9.3974e-17,0.17,3.4561,0.2,1.242,0.42,7.1166,2.7,6.164,0.46,0.93108,0.029,0.39548,0.014,0.85053,0.029,0.28314,0.01
"NAR2019","wB97X-D",0,TRUE,1.8682,0.087,3.5008e-17,0.13,2.654,0.25,2.13,0.93,17.66,7.7,4.8642,0.31,0.87922,0.064,0.44759,0.018,0.92098,0.036,0.31928,0.013
"PER2018","B3LYP",0,TRUE,0.95868,0.078,1.0953e-17,0.1,1.5103,0.12,1.614,0.3,7.2574,1.1,3.7304,0.47,0.81669,0.029,0.55994,0.018,0.98438,0.038,0.41643,0.017
"PER2018","B97-1",0,TRUE,0.69037,0.052,-1.9359e-18,0.069,1.0514,0.082,0.25805,0.39,6.6806,0.75,2.6933,0.31,0.8989,0.02,0.52448,0.019,1.0429,0.039,0.39238,0.018
"PER2018","BH&HLYP",0,TRUE,2.6289,0.15,-2.2153e-17,0.23,3.4953,0.24,1.3889,0.25,5.6335,1.1,7.1376,0.6,0.88873,0.026,0.42748,0.02,1.0231,0.046,0.30323,0.017
"PER2018","BLYP",0,TRUE,1.4727,0.11,-4.5965e-17,0.14,2.2323,0.17,-1.2904,0.27,6.5931,0.87,5.4169,0.64,0.87001,0.028,0.53105,0.02,1.07,0.039,0.38845,0.02
"PER2018","CAM-B3LYP",0,TRUE,1.0513,0.074,-3.01e-17,0.1,1.5431,0.12,1.7781,0.26,6.611,1.1,3.7034,0.39,0.76831,0.031,0.48616,0.02,1.1303,0.038,0.35966,0.019
"PER2018","LC-ωPBE",0,TRUE,1.145,0.078,1.8854e-17,0.11,1.6697,0.14,1.7247,0.35,8.0118,1.8,3.8691,0.45,0.83445,0.035,0.4739,0.022,1.0526,0.04,0.34444,0.019
"PER2018","PBE",0,TRUE,1.8871,0.12,-1.0238e-16,0.17,2.6678,0.2,-1.335,0.23,6.041,0.86,5.7154,0.65,0.90371,0.027,0.48075,0.02,1.0184,0.04,0.34622,0.017
"PER2018","PBE0",0,TRUE,0.99075,0.068,-5.5621e-17,0.096,1.442,0.12,1.7744,0.21,7.1871,1,3.0876,0.48,0.8428,0.03,0.49309,0.021,0.91575,0.038,0.36358,0.017
"PER2018","PW86PBE",0,TRUE,1.6681,0.12,3.9315e-17,0.16,2.4625,0.2,-1.4858,0.27,7.0637,1.1,5.9467,0.75,0.87528,0.03,0.50238,0.022,1.0525,0.042,0.36406,0.02
"SCH2018","LDA",0,TRUE,0.38985,0.02,-1.7029e-17,0.035,0.48557,0.024,0.14917,0.14,2.8664,0.22,0.97468,0.066,0.99487,0.0038,0.40332,0.016,0.88081,0.041,0.29341,0.014
"SCH2018","PBE",0,TRUE,0.17241,0.0089,3.177e-18,0.016,0.21256,0.0094,-0.11044,0.12,2.5127,0.18,0.41594,0.015,0.98839,0.0054,0.40136,0.017,0.88265,0.048,0.29985,0.014
"SCH2018","RPBE",0,TRUE,0.15861,0.0071,1.8786e-19,0.013,0.18856,0.0076,0.10973,0.12,2.2494,0.16,0.3488,0.021,0.97939,0.0075,0.35976,0.018,0.80754,0.043,0.26003,0.015
"SCH2018","vdW-DF2",0,TRUE,0.20672,0.01,2.6309e-18,0.017,0.25419,0.011,-0.17486,0.13,2.6425,0.19,0.5115,0.038,0.99121,0.0049,0.39376,0.018,0.85718,0.04,0.29154,0.015
"SCH2018","BEEF-vdW",0,TRUE,0.14603,0.0079,-3.4025e-18,0.013,0.18237,0.0083,-0.16862,0.11,2.5156,0.17,0.34096,0.0098,0.98551,0.0045,0.4175,0.017,0.81164,0.039,0.31269,0.015
"SCH2018","mBEEF",0,TRUE,0.18769,0.011,4.4883e-19,0.018,0.24212,0.014,-0.99989,0.14,3.4797,0.46,0.52794,0.038,0.91955,0.017,0.43076,0.018,0.8764,0.043,0.30889,0.016
"SCH2018","mBEEF-vdW",0,TRUE,0.22424,0.012,1.6791e-19,0.021,0.2848,0.014,-0.55838,0.13,2.9858,0.33,0.57799,0.025,0.97241,0.0099,0.42761,0.019,0.84086,0.043,0.30976,0.016
"THA2015","M11",0,TRUE,0.024343,0.0021,-1.7067e-19,0.0031,0.033924,0.0026,-0.5055,0.22,4.0579,0.49,0.077246,0.0057,0.95815,0.015,0.49897,0.022,0.9249,0.049,0.37206,0.02
"THA2015","M06-2X",0,TRUE,0.024183,0.002,7.6396e-19,0.003,0.033224,0.0026,-0.58104,0.23,4.2259,0.52,0.077505,0.0054,0.94907,0.016,0.47354,0.022,0.96265,0.048,0.34783,0.02
"THA2015","ωB97",0,TRUE,0.026617,0.002,-6.3395e-19,0.0032,0.035207,0.0028,-0.77873,0.26,4.2407,0.66,0.075521,0.0078,0.96024,0.02,0.44273,0.024,0.85783,0.051,0.32175,0.02
"THA2015","LC-τHCTH",0,TRUE,0.025025,0.0019,1.7064e-19,0.003,0.033227,0.0025,-0.56998,0.25,3.9919,0.51,0.072429,0.0074,0.96919,0.016,0.45055,0.023,0.87063,0.051,0.32945,0.019
"THA2015","HISS",0,TRUE,0.023956,0.0019,-6.0535e-19,0.003,0.032549,0.0026,-0.58699,0.25,4.2237,0.5,0.075957,0.0065,0.95444,0.016,0.46397,0.022,0.91309,0.052,0.34112,0.02
"THA2015","LC-ωPBE",0,TRUE,0.025663,0.0021,-1.7839e-19,0.0031,0.034775,0.0028,-0.87477,0.25,4.3539,0.66,0.076381,0.0079,0.95009,0.022,0.46827,0.024,0.82798,0.05,0.34161,0.021
"THA2015","MP2",0,TRUE,0.025567,0.0021,5.0278e-19,0.0032,0.03513,0.0034,0.18564,0.61,6.0764,1.8,0.075626,0.0073,0.94486,0.027,0.45816,0.025,0.95143,0.051,0.33167,0.02
"WU2015","HF",0,TRUE,0.022253,0.0017,-1.1537e-18,0.0022,0.029539,0.0024,-0.86448,0.32,4.8087,1.2,0.060175,0.0058,0.96025,0.023,0.44706,0.023,0.88874,0.047,0.32675,0.018
"WU2015","MP2",0,TRUE,0.0038951,0.00026,1.2188e-19,0.00042,0.0049689,0.00032,0.070321,0.21,3.2793,0.37,0.0099892,0.0011,0.9951,0.006,0.42385,0.022,0.90213,0.05,0.30944,0.018
"WU2015","LSDA",0,TRUE,0.017093,0.0015,1.2347e-19,0.0021,0.024686,0.0026,0.087677,0.65,7.2348,1.2,0.054658,0.0089,0.91079,0.026,0.47781,0.027,1.0307,0.061,0.3403,0.023
"WU2015","PBE",0,TRUE,0.016449,0.0015,5.8949e-19,0.0021,0.024385,0.0026,-0.13657,0.64,7.1452,1.2,0.05512,0.009,0.903,0.025,0.50782,0.026,0.91929,0.057,0.36507,0.023
"WU2015","HCTH",0,TRUE,0.016979,0.0015,-2.5871e-19,0.0021,0.024769,0.0026,-0.097653,0.62,6.9157,1.1,0.055517,0.0088,0.91052,0.024,0.49573,0.027,0.99633,0.06,0.35324,0.023
"WU2015","N12",0,TRUE,0.018272,0.0017,4.1531e-19,0.0022,0.026778,0.0026,-0.4796,0.52,6.1991,0.95,0.062286,0.0094,0.91099,0.024,0.51052,0.024,0.91082,0.051,0.37137,0.021
"WU2015","revTPSS",0,TRUE,0.016196,0.0015,1.015e-19,0.002,0.023922,0.0024,-0.42261,0.57,6.605,1,0.056013,0.0087,0.90373,0.025,0.51151,0.025,0.85674,0.054,0.36942,0.022
"WU2015","tHCTH",0,TRUE,0.017176,0.0016,2.1665e-19,0.0021,0.025305,0.0026,-0.2878,0.6,6.8233,1.1,0.058168,0.0095,0.90417,0.024,0.50567,0.026,0.96577,0.06,0.36166,0.022
"WU2015","M11-L",0,TRUE,0.022556,0.0018,-3.5349e-19,0.0025,0.030962,0.0029,0.014244,0.54,5.8344,1.1,0.062898,0.01,0.92196,0.019,0.45734,0.025,0.97327,0.05,0.33092,0.021
"WU2015","MN12-L",0,TRUE,0.02164,0.0017,1.2735e-19,0.0024,0.029612,0.0024,-0.53503,0.36,4.6697,0.63,0.068149,0.0082,0.93919,0.019,0.46935,0.023,0.84315,0.053,0.33765,0.02
"WU2015","PBE0",0,TRUE,0.014538,0.0012,5.6033e-20,0.0017,0.020568,0.0019,-0.43355,0.44,5.4399,0.78,0.047084,0.0065,0.92258,0.02,0.48078,0.02,1.0158,0.043,0.36015,0.019
"WU2015","mPW1PW",0,TRUE,0.014595,0.0012,-9.7765e-20,0.0017,0.020619,0.0018,-0.51941,0.42,5.3513,0.77,0.047449,0.0064,0.91961,0.021,0.48032,0.02,1.036,0.045,0.35971,0.019
"WU2015","B3LYP",0,TRUE,0.014578,0.0013,2.6755e-19,0.0017,0.020971,0.002,-0.48976,0.49,5.8065,0.88,0.047918,0.0069,0.90741,0.022,0.49614,0.022,0.96259,0.046,0.36372,0.02
"WU2015","B3PW91",0,TRUE,0.014686,0.0013,-4.5354e-19,0.0017,0.021086,0.002,-0.53443,0.46,5.7024,0.84,0.049214,0.007,0.91196,0.022,0.49132,0.021,0.99919,0.045,0.36569,0.02
"WU2015","B97-2",0,TRUE,0.015002,0.0013,-3.3414e-19,0.0017,0.02146,0.002,-0.53733,0.44,5.5486,0.81,0.049728,0.007,0.91365,0.022,0.49118,0.02,0.97787,0.044,0.36742,0.018
"WU2015","M06",0,TRUE,0.012793,0.0011,4.3877e-19,0.0014,0.01807,0.0018,0.26772,0.57,6.4159,1.2,0.037957,0.0061,0.92496,0.023,0.48503,0.026,0.87142,0.051,0.34887,0.02
"WU2015","M06-2X",0,TRUE,0.012609,0.00093,-2.6156e-19,0.0013,0.016733,0.0013,-0.35297,0.33,4.2735,0.58,0.03603,0.0041,0.95965,0.014,0.4442,0.022,0.90883,0.054,0.32088,0.018
"WU2015","M06-HF",0,TRUE,0.015065,0.001,-3.797e-21,0.0015,0.019466,0.0014,-0.6705,0.23,3.8174,0.52,0.040886,0.0041,0.9584,0.018,0.42122,0.021,0.89338,0.053,0.30065,0.018
"WU2015","SOGGA11X",0,TRUE,0.014573,0.0011,4.9313e-19,0.0016,0.019798,0.0015,-0.59271,0.29,4.2237,0.55,0.045369,0.004,0.94166,0.018,0.46911,0.021,0.92622,0.049,0.34404,0.018
"WU2015","tHCTHhyb",0,TRUE,0.015654,0.0014,-4.2962e-19,0.0019,0.022792,0.0022,-0.54379,0.49,5.9622,0.9,0.053589,0.0077,0.90321,0.023,0.50152,0.021,0.97171,0.044,0.3735,0.019
"WU2015","BMK",0,TRUE,0.015923,0.0012,2.946e-19,0.0017,0.021186,0.0015,-0.71809,0.23,3.8952,0.55,0.047676,0.0038,0.95447,0.018,0.45634,0.021,0.91487,0.045,0.33242,0.018
"WU2015","TPSSh",0,TRUE,0.015344,0.0014,1.5796e-20,0.0018,0.022476,0.0022,-0.43513,0.51,6.1188,0.91,0.052472,0.0076,0.90993,0.023,0.50805,0.022,0.95534,0.045,0.37621,0.02
"WU2015","LC-rTPSS",0,TRUE,0.013125,0.00082,2.0815e-19,0.0013,0.016375,0.00099,-0.088523,0.19,2.9985,0.34,0.031835,0.0026,0.98652,0.0071,0.40028,0.019,0.93185,0.047,0.2935,0.015
"WU2015","LC-wPBE",0,TRUE,0.012844,0.00079,-4.4499e-19,0.0013,0.015892,0.00089,-0.059442,0.15,2.7062,0.24,0.03078,0.0016,0.98466,0.0069,0.39603,0.017,0.98724,0.055,0.29607,0.014
"WU2015","LC-N12",0,TRUE,0.014216,0.00091,-3.7319e-19,0.0014,0.017906,0.0011,-0.2156,0.22,3.2168,0.49,0.034719,0.0027,0.98989,0.0077,0.41032,0.02,0.95689,0.052,0.30068,0.016
"WU2015","LC-HCTH",0,TRUE,0.013014,0.00091,-7.4868e-19,0.0013,0.016887,0.0012,-0.34614,0.26,3.7577,0.68,0.033921,0.0026,0.98239,0.012,0.4354,0.021,0.92189,0.051,0.31917,0.017
"WU2015","LC-tHCTH",0,TRUE,0.013917,0.00099,-3.6639e-19,0.0014,0.01821,0.0013,-0.47767,0.27,3.9019,0.75,0.036495,0.0026,0.98298,0.014,0.44394,0.022,0.92485,0.053,0.32115,0.018
"WU2015","M11",0,TRUE,0.013283,0.00085,-1.0307e-19,0.0013,0.016638,0.0011,-0.02963,0.24,3.3079,0.39,0.033802,0.0033,0.98645,0.0079,0.39806,0.022,0.90979,0.054,0.28254,0.018
"WU2015","CAM-B3LYP",0,TRUE,0.013731,0.00099,-2.2203e-19,0.0014,0.018014,0.0013,-0.31673,0.26,3.77,0.43,0.039082,0.0035,0.96889,0.013,0.43775,0.019,1.0345,0.047,0.32068,0.017
"WU2015","wB97XD",0,TRUE,0.014082,0.001,-4.0405e-19,0.0015,0.01833,0.0013,-0.25783,0.26,3.6915,0.43,0.039306,0.0033,0.97214,0.012,0.4311,0.019,0.99967,0.051,0.31391,0.017
"WU2015","wB97",0,TRUE,0.014329,0.00088,-1.5665e-19,0.0014,0.017694,0.00097,-0.02014,0.15,2.6058,0.23,0.033259,0.0017,0.98768,0.0067,0.39828,0.018,0.8925,0.051,0.30057,0.015
"WU2015","wB97X",0,TRUE,0.013755,9e-04,6.5975e-19,0.0014,0.017339,0.001,-0.10717,0.17,2.9059,0.26,0.034122,0.0028,0.99023,0.0066,0.41491,0.02,0.95764,0.052,0.30522,0.016
"WU2015","N12-SX",0,TRUE,0.01599,0.0013,-3.0362e-19,0.0018,0.02242,0.0019,-0.66981,0.36,5.0437,0.72,0.052162,0.0064,0.92194,0.021,0.47767,0.021,1.05,0.046,0.35839,0.019
"WU2015","MN12-SX",0,TRUE,0.017437,0.0014,-1.8754e-19,0.0019,0.024062,0.0021,-0.44567,0.43,5.1498,0.76,0.054665,0.0074,0.92506,0.019,0.46905,0.024,0.90759,0.048,0.33865,0.02
"WU2015","HSE06",0,TRUE,0.014551,0.0013,2.8516e-19,0.0017,0.020787,0.0019,-0.44764,0.46,5.6685,0.83,0.047745,0.0068,0.91691,0.021,0.48794,0.021,1.012,0.044,0.364,0.019
"WU2015","HISS",0,TRUE,0.014761,0.0012,2.1703e-19,0.0016,0.020231,0.0016,-0.61463,0.26,4.206,0.56,0.046498,0.0041,0.95246,0.017,0.47979,0.021,1.003,0.049,0.35286,0.018
"ZAS2019","HF",0,TRUE,2.3646,0.025,-3.562e-17,0.041,3.111,0.04,-0.69783,0.075,5.1219,0.29,6.0316,0.1,0.9696,0.0046,0.43746,0.0038,0.87531,0.0076,0.31593,0.003
"ZAS2019","MP2",0,TRUE,1.3049,0.013,1.8818e-17,0.021,1.6597,0.016,-0.077119,0.035,3.3327,0.062,3.3167,0.051,0.99567,0.00081,0.42351,0.0035,0.86216,0.0073,0.30715,0.0029
"ZAS2019","SLATM_L2",0,TRUE,1.2369,0.025,4.4293e-18,0.03,2.354,0.075,0.23762,0.52,26.653,3,4.5892,0.14,0.72024,0.018,0.60467,0.0054,1.0067,0.0076,0.44755,0.0048
"ZHA2018","PBE",0,TRUE,0.11407,0.0057,1.5811e-18,0.01,0.14083,0.007,-0.40738,0.18,3.1115,0.42,0.25862,0.026,0.98337,0.0091,0.38948,0.02,0.80131,0.044,0.28046,0.016
"ZHA2018","SCAN",0,TRUE,0.095363,0.0064,3.9811e-18,0.0098,0.13133,0.0086,-0.35242,0.28,4.2795,0.82,0.2709,0.014,0.97609,0.014,0.49692,0.019,0.87188,0.039,0.37745,0.017
"BOR2019","LDA",1,TRUE,0.61894,0.025,1.5267e-17,0.038,0.82708,0.041,0.77658,0.33,6.0158,1.6,1.6916,0.12,0.96345,0.02,0.44087,0.013,0.91774,0.027,0.32013,0.01
"BOR2019","LDA + SOC",1,TRUE,0.59795,0.024,3.8265e-18,0.037,0.8006,0.041,0.78144,0.34,6.2092,1.7,1.6853,0.1,0.95999,0.021,0.44028,0.014,0.94121,0.034,0.31129,0.011
"BOR2019","PBE",1,TRUE,0.5934,0.025,1.2068e-17,0.037,0.80367,0.045,0.91243,0.41,7.1318,2.4,1.6086,0.12,0.95612,0.026,0.45065,0.014,0.91256,0.027,0.32855,0.01
"BOR2019","PBE + SOC",1,TRUE,0.57072,0.024,1.5817e-17,0.035,0.77048,0.044,0.94312,0.44,7.5504,2.5,1.5769,0.1,0.95118,0.028,0.44032,0.014,0.91813,0.029,0.31506,0.011
"BOR2019","PBE_SOL",1,TRUE,0.59996,0.025,-2.2171e-17,0.037,0.80669,0.04,0.75256,0.32,5.9495,1.6,1.6338,0.11,0.96498,0.019,0.45015,0.013,0.90731,0.026,0.32717,0.01
"BOR2019","HLE16",1,TRUE,0.57087,0.027,-3.6882e-18,0.039,0.8309,0.07,2.1558,0.7,15.245,5.7,1.5077,0.11,0.87175,0.053,0.47015,0.018,0.91149,0.029,0.34131,0.013
"BOR2019","HLE16 + SOC",1,TRUE,0.51827,0.027,4.8382e-18,0.036,0.78447,0.076,2.6569,0.83,19.75,7.6,1.3936,0.14,0.82706,0.062,0.48289,0.019,0.93191,0.031,0.34577,0.014
"BOR2019","BJ",1,TRUE,0.51452,0.022,2.9038e-18,0.032,0.69718,0.035,0.58632,0.29,5.6646,1.1,1.4582,0.11,0.96897,0.016,0.46064,0.013,0.91051,0.027,0.33398,0.011
"BOR2019","mBJ",1,TRUE,0.46847,0.02,-9.9132e-18,0.03,0.63744,0.033,0.6192,0.31,5.8936,1.2,1.2751,0.079,0.9668,0.017,0.46356,0.014,0.89135,0.027,0.33711,0.011
"BOR2019","SCAN",1,TRUE,0.54781,0.024,-4.6621e-18,0.035,0.75769,0.045,1.0284,0.45,8.0167,2.6,1.5258,0.12,0.94631,0.029,0.46576,0.014,0.91933,0.027,0.33825,0.011
"BOR2019","HSE06",1,TRUE,0.52578,0.026,7.5234e-18,0.035,0.76894,0.05,0.96692,0.55,9.3676,3.2,1.6852,0.1,0.9243,0.033,0.50669,0.014,0.94048,0.027,0.37452,0.012
"BOR2019","HSE14",1,TRUE,0.53962,0.027,2.7163e-17,0.036,0.79949,0.05,0.57402,0.52,8.8364,2.1,1.8055,0.12,0.91693,0.026,0.50577,0.014,0.95818,0.026,0.37178,0.012
"BOR2019","HSE_mix",1,TRUE,0.54328,0.026,2.4005e-17,0.035,0.79105,0.044,0.044175,0.37,6.9279,1.1,1.8137,0.12,0.93337,0.016,0.50008,0.013,0.98048,0.028,0.36816,0.012
"BOR2019","PBE0",1,TRUE,0.53812,0.027,-6.2065e-18,0.036,0.80594,0.053,0.86814,0.54,9.2999,2.6,1.7916,0.11,0.91308,0.03,0.52217,0.015,0.92891,0.026,0.38375,0.012
"BOR2019","PBE0_mix",1,TRUE,0.58509,0.028,1.6988e-17,0.038,0.85004,0.045,0.0094076,0.31,6.4171,0.8,1.9347,0.13,0.94128,0.014,0.50628,0.013,0.98056,0.027,0.36991,0.012
"HAI2018","LSDA",1,TRUE,0.12107,0.0086,-1.5835e-18,0.013,0.16247,0.012,0.67916,0.32,4.6512,1,0.30809,0.03,0.9677,0.019,0.46077,0.022,0.88681,0.047,0.34784,0.018
"HAI2018","GGA",1,TRUE,0.096076,0.011,-1.5763e-19,0.013,0.16215,0.035,3.9215,1.6,31.042,13,0.25348,0.039,0.72463,0.14,0.50526,0.04,0.97725,0.065,0.36353,0.029
"HAI2018","mGGA",1,TRUE,0.066769,0.0044,1.6584e-18,0.0072,0.08792,0.0052,0.15944,0.2,3.3883,0.37,0.17876,0.014,0.98887,0.0081,0.45862,0.02,0.82024,0.047,0.34908,0.018
"HAI2018","hGGA",1,TRUE,0.05173,0.0037,2.4827e-18,0.0056,0.069542,0.0053,-0.27959,0.34,4.5776,0.63,0.15052,0.018,0.96768,0.015,0.4519,0.023,0.97908,0.051,0.3287,0.019
"HAI2018","hmGGA",1,TRUE,0.047422,0.0033,-1.1803e-18,0.0052,0.062302,0.004,0.0010906,0.23,3.5263,0.39,0.13275,0.0097,0.9915,0.0074,0.45184,0.02,0.84233,0.045,0.33582,0.018
"NAR2019","G4MP2",1,TRUE,0.76642,0.033,4.222e-18,0.047,1.0415,0.047,-0.49313,0.23,4.825,0.86,2.1801,0.086,0.97558,0.012,0.47525,0.013,0.89153,0.027,0.35325,0.011
"NAR2019","B3LYP",1,TRUE,2.4342,0.12,-1.1451e-17,0.17,3.5468,0.33,2.0102,0.96,17.797,7.8,6.6193,0.42,0.88522,0.065,0.47353,0.018,0.90709,0.029,0.34115,0.013
"NAR2019","M06-2X",1,TRUE,2.4212,0.096,-1.6701e-17,0.15,3.1556,0.24,1.4174,0.74,11.205,5.4,5.4997,0.29,0.93086,0.048,0.40483,0.016,0.83298,0.029,0.29058,0.011
"NAR2019","wB97X-D",1,TRUE,1.7187,0.086,-1.6986e-17,0.12,2.5399,0.29,2.7917,1.1,24.475,11,4.4066,0.48,0.82929,0.078,0.45813,0.021,0.9227,0.035,0.32509,0.015
"PER2018","B3LYP",1,TRUE,0.97472,0.076,3.8396e-18,0.1,1.5056,0.12,1.7205,0.27,7.2051,1.1,3.7108,0.47,0.80396,0.029,0.53709,0.018,0.99698,0.038,0.39669,0.017
"PER2018","B97-1",1,TRUE,0.69549,0.051,-3.4966e-17,0.069,1.0447,0.078,0.34929,0.36,6.2526,0.67,2.6283,0.29,0.91322,0.019,0.52439,0.018,0.96793,0.041,0.38944,0.017
"PER2018","BH&HLYP",1,TRUE,2.6322,0.14,1.3279e-18,0.23,3.4549,0.25,1.5953,0.24,5.9431,1.3,7.2135,0.68,0.84258,0.027,0.40223,0.022,1.0728,0.054,0.27946,0.017
"PER2018","BLYP",1,TRUE,1.4219,0.1,-4.0469e-17,0.14,2.144,0.16,-0.92651,0.31,6.2598,0.79,5.2328,0.52,0.90269,0.024,0.53356,0.019,1.0398,0.041,0.39919,0.018
"PER2018","CAM-B3LYP",1,TRUE,1.0219,0.075,4.0755e-17,0.1,1.532,0.12,1.621,0.3,6.716,1.1,3.5669,0.41,0.79767,0.03,0.51362,0.018,1.0663,0.037,0.38633,0.017
"PER2018","LC-ωPBE",1,TRUE,0.99685,0.08,-5.9604e-18,0.11,1.6052,0.15,1.4733,0.47,8.8921,1.7,3.9332,0.54,0.8208,0.034,0.55524,0.02,1.0261,0.038,0.41402,0.02
"PER2018","PBE",1,TRUE,1.8896,0.12,1.005e-17,0.17,2.6677,0.2,-1.3152,0.23,5.988,0.85,5.7152,0.64,0.90578,0.026,0.48036,0.02,1.0324,0.04,0.34626,0.017
"PER2018","PBE0",1,TRUE,0.8796,0.072,-6.7523e-18,0.094,1.3968,0.14,2.0797,0.3,9.4758,1.4,3.0566,0.58,0.79193,0.035,0.54359,0.023,0.97352,0.039,0.39973,0.02
"PER2018","PW86PBE",1,TRUE,1.6857,0.12,2.8601e-17,0.16,2.4576,0.2,-1.4088,0.26,6.8165,1,5.8448,0.74,0.88797,0.028,0.4951,0.021,1.02,0.039,0.36001,0.019
"SCH2018","LDA",1,TRUE,0.2733,0.015,-5.7703e-18,0.024,0.34652,0.018,0.2512,0.16,2.9801,0.33,0.65099,0.036,0.99125,0.0052,0.42729,0.019,0.83269,0.04,0.31746,0.016
"SCH2018","PBE",1,TRUE,0.14847,0.0072,-3.8263e-18,0.013,0.18088,0.0083,0.2097,0.14,2.6421,0.2,0.3441,0.024,0.98861,0.0051,0.38181,0.018,0.83047,0.048,0.27201,0.015
"SCH2018","RPBE",1,TRUE,0.1532,0.0071,1.1099e-17,0.013,0.18331,0.0075,0.11871,0.12,2.3107,0.17,0.34076,0.021,0.98573,0.0068,0.36723,0.018,0.82978,0.043,0.26974,0.015
"SCH2018","vdW-DF2",1,TRUE,0.20306,0.01,-4.3723e-18,0.017,0.2509,0.012,-0.20964,0.14,2.7696,0.2,0.51185,0.042,0.992,0.0049,0.3967,0.017,0.86662,0.041,0.29231,0.014
"SCH2018","BEEF-vdW",1,TRUE,0.14127,0.0073,3.8442e-18,0.012,0.1744,0.0076,-0.15103,0.12,2.4362,0.18,0.3198,0.013,0.98872,0.0056,0.40561,0.018,0.83986,0.043,0.30661,0.015
"SCH2018","mBEEF",1,TRUE,0.1245,0.0078,-1.0519e-18,0.012,0.16574,0.011,-0.16283,0.31,4.5134,0.62,0.34164,0.039,0.97972,0.012,0.45031,0.021,0.85579,0.043,0.32766,0.017
"SCH2018","mBEEF-vdW",1,TRUE,0.16107,0.009,-8.8907e-18,0.015,0.20555,0.011,-0.29417,0.2,3.4103,0.42,0.39825,0.027,0.99123,0.008,0.42309,0.019,0.88408,0.04,0.30744,0.015
"THA2015","M11",1,TRUE,0.024407,0.0021,-4.4975e-19,0.0031,0.033913,0.0026,-0.51014,0.22,4.0387,0.49,0.077303,0.0057,0.959,0.015,0.49658,0.022,0.91565,0.05,0.3701,0.02
"THA2015","M06-2X",1,TRUE,0.023777,0.002,1.3865e-19,0.003,0.033096,0.0027,-0.58815,0.24,4.3455,0.55,0.077597,0.0053,0.94449,0.017,0.48335,0.021,0.98513,0.048,0.35737,0.02
"THA2015","ωB97",1,TRUE,0.026505,0.002,9.2451e-21,0.0032,0.03502,0.0028,-0.76713,0.26,4.2339,0.66,0.074687,0.0077,0.96281,0.02,0.4419,0.023,0.86593,0.049,0.32034,0.02
"THA2015","LC-τHCTH",1,TRUE,0.025056,0.0019,2.0712e-19,0.003,0.033174,0.0025,-0.56802,0.25,3.9781,0.5,0.072404,0.0076,0.96908,0.015,0.44762,0.023,0.84946,0.053,0.32697,0.019
"THA2015","HISS",1,TRUE,0.023203,0.002,3.0477e-19,0.003,0.032222,0.0026,-0.63223,0.25,4.4188,0.56,0.07552,0.0067,0.94787,0.018,0.48473,0.022,0.96594,0.048,0.35596,0.02
"THA2015","LC-ωPBE",1,TRUE,0.025577,0.002,3.4236e-19,0.0031,0.034567,0.0028,-0.86147,0.25,4.3605,0.66,0.076182,0.008,0.95215,0.022,0.46486,0.025,0.9018,0.05,0.33704,0.021
"THA2015","MP2",1,TRUE,0.025035,0.0021,8.3328e-19,0.0032,0.034659,0.0033,0.080826,0.59,5.9278,1.6,0.075374,0.0069,0.94071,0.026,0.46417,0.025,0.98176,0.055,0.33486,0.021
"WU2015","HF",1,TRUE,0.022237,0.0017,-9.3403e-19,0.0022,0.029534,0.0024,-0.86042,0.32,4.8253,1.2,0.060145,0.0058,0.9606,0.023,0.44729,0.023,0.89716,0.046,0.32666,0.018
"WU2015","MP2",1,TRUE,0.0039131,0.00025,7.9446e-20,0.00042,0.0049068,0.00031,-0.008293,0.22,3.2394,0.38,0.009951,0.0011,0.99406,0.0059,0.40242,0.023,0.84884,0.051,0.29169,0.018
"WU2015","LSDA",1,TRUE,0.01715,0.0015,2.2184e-19,0.0021,0.024684,0.0026,0.097313,0.64,7.1607,1.2,0.054463,0.0088,0.91299,0.026,0.47571,0.027,1.0435,0.062,0.33891,0.023
"WU2015","PBE",1,TRUE,0.016421,0.0015,7.7091e-19,0.0021,0.024385,0.0026,-0.14151,0.64,7.1795,1.2,0.055211,0.009,0.90186,0.025,0.50895,0.026,0.91831,0.058,0.36589,0.023
"WU2015","HCTH",1,TRUE,0.016916,0.0015,4.2789e-19,0.0021,0.024767,0.0026,-0.10936,0.63,6.9966,1.1,0.055664,0.0089,0.90773,0.024,0.498,0.027,0.99083,0.06,0.35476,0.023
"WU2015","N12",1,TRUE,0.018382,0.0017,-1.0141e-19,0.0022,0.026771,0.0026,-0.44921,0.5,6.0635,0.91,0.061972,0.0092,0.91619,0.023,0.50613,0.023,0.94988,0.051,0.36871,0.021
"WU2015","revTPSS",1,TRUE,0.016111,0.0015,-1.7534e-19,0.002,0.023918,0.0024,-0.4457,0.58,6.7364,1,0.056283,0.0089,0.89914,0.025,0.51385,0.026,0.86817,0.056,0.37065,0.022
"WU2015","tHCTH",1,TRUE,0.017218,0.0016,2.0282e-20,0.0021,0.025304,0.0026,-0.27862,0.6,6.7697,1.1,0.058044,0.0094,0.90609,0.024,0.50415,0.026,0.95769,0.059,0.36083,0.022
"WU2015","M11-L",1,TRUE,0.022511,0.0017,6.7249e-20,0.0025,0.030443,0.0027,0.022441,0.49,5.3331,0.99,0.06164,0.0082,0.93345,0.016,0.44997,0.025,0.93212,0.05,0.32607,0.02
"WU2015","MN12-L",1,TRUE,0.021526,0.0017,-1.4445e-19,0.0024,0.029575,0.0025,-0.58321,0.38,4.8946,0.68,0.068601,0.0088,0.92905,0.02,0.46721,0.023,0.86604,0.054,0.33589,0.02
"WU2015","PBE0",1,TRUE,0.014424,0.0013,7.3277e-20,0.0017,0.02056,0.0019,-0.46701,0.45,5.5783,0.82,0.047278,0.0066,0.91682,0.021,0.48672,0.02,1.0301,0.047,0.36424,0.019
"WU2015","mPW1PW",1,TRUE,0.01451,0.0013,3.6059e-19,0.0017,0.020614,0.0019,-0.54546,0.43,5.4554,0.8,0.047642,0.0065,0.91517,0.021,0.48488,0.02,1.0321,0.046,0.36281,0.019
"WU2015","B3LYP",1,TRUE,0.014567,0.0013,-2.0824e-19,0.0017,0.020971,0.002,-0.49271,0.49,5.8202,0.88,0.047951,0.007,0.90681,0.022,0.49678,0.022,0.96172,0.045,0.36406,0.02
"WU2015","B3PW91",1,TRUE,0.014661,0.0013,1.1155e-19,0.0017,0.021085,0.002,-0.54241,0.46,5.7358,0.85,0.049293,0.007,0.91052,0.022,0.49256,0.021,1.0034,0.045,0.36654,0.02
"WU2015","B97-2",1,TRUE,0.014936,0.0013,-2.7652e-19,0.0017,0.021457,0.002,-0.55803,0.45,5.6335,0.84,0.049864,0.0071,0.9099,0.022,0.49434,0.021,0.97852,0.044,0.36939,0.019
"WU2015","M06",1,TRUE,0.012794,0.0011,3.853e-19,0.0014,0.01807,0.0018,0.26832,0.57,6.4105,1.2,0.037941,0.0061,0.92515,0.023,0.48508,0.026,0.87133,0.051,0.34895,0.02
"WU2015","M06-2X",1,TRUE,0.012621,0.00093,-2.3764e-20,0.0013,0.016722,0.0013,-0.33334,0.32,4.1922,0.56,0.035942,0.004,0.96326,0.013,0.44468,0.022,0.91782,0.047,0.32161,0.018
"WU2015","M06-HF",1,TRUE,0.015002,0.001,-4.2069e-19,0.0015,0.019243,0.0013,-0.69262,0.22,3.674,0.48,0.040267,0.004,0.96076,0.018,0.41743,0.022,0.90633,0.058,0.29384,0.017
"WU2015","SOGGA11X",1,TRUE,0.014413,0.0011,1.7326e-19,0.0015,0.019717,0.0016,-0.6779,0.33,4.526,0.64,0.045815,0.0045,0.92639,0.02,0.46793,0.02,0.94388,0.045,0.34419,0.018
"WU2015","tHCTHhyb",1,TRUE,0.015684,0.0014,1.6983e-19,0.0019,0.022791,0.0022,-0.53446,0.48,5.9224,0.89,0.053481,0.0077,0.90495,0.023,0.50016,0.021,0.96321,0.044,0.37275,0.019
"WU2015","BMK",1,TRUE,0.015965,0.0012,-9.8887e-20,0.0017,0.021182,0.0015,-0.70278,0.23,3.8501,0.54,0.047594,0.0037,0.95634,0.017,0.45365,0.021,0.92924,0.047,0.33081,0.018
"WU2015","TPSSh",1,TRUE,0.015224,0.0014,8.6503e-20,0.0018,0.022469,0.0022,-0.46787,0.52,6.271,0.95,0.052791,0.0078,0.90372,0.024,0.51317,0.022,0.95549,0.044,0.37969,0.02
"WU2015","LC-rTPSS",1,TRUE,0.011235,0.00081,-3.1715e-19,0.0011,0.014833,0.0011,-0.24271,0.28,3.9977,0.52,0.032275,0.0032,0.97888,0.012,0.44511,0.022,0.9401,0.049,0.3223,0.018
"WU2015","LC-wPBE",1,TRUE,0.010923,0.00079,4.0658e-21,0.0011,0.014352,0.00099,-0.25535,0.22,3.5813,0.37,0.032474,0.0026,0.97417,0.011,0.44424,0.019,0.98494,0.047,0.32975,0.017
"WU2015","LC-N12",1,TRUE,0.0122,9e-04,-2.5238e-19,0.0013,0.01627,0.0012,-0.54263,0.28,4.2501,0.68,0.035184,0.0035,0.97116,0.017,0.4534,0.022,0.92062,0.047,0.331,0.018
"WU2015","LC-HCTH",1,TRUE,0.011329,0.00088,-3.1638e-19,0.0012,0.015422,0.0013,-0.59139,0.35,5.0209,0.89,0.034616,0.0037,0.95956,0.02,0.46063,0.023,0.91513,0.055,0.33258,0.019
"WU2015","LC-tHCTH",1,TRUE,0.012844,0.00098,-7.953e-19,0.0013,0.017307,0.0014,-0.5984,0.32,4.6262,0.87,0.03675,0.0039,0.96906,0.019,0.46292,0.024,0.90249,0.05,0.33254,0.02
"WU2015","M11",1,TRUE,0.013117,0.00086,-1.9738e-19,0.0013,0.016573,0.0011,-0.072418,0.26,3.504,0.43,0.03405,0.0037,0.98157,0.0091,0.40365,0.023,0.87141,0.055,0.28425,0.019
"WU2015","CAM-B3LYP",1,TRUE,0.012891,0.001,3.2947e-21,0.0014,0.017627,0.0014,-0.51167,0.34,4.5276,0.62,0.040023,0.0045,0.93911,0.017,0.46758,0.02,0.98267,0.045,0.34487,0.018
"WU2015","wB97XD",1,TRUE,0.013258,0.001,-3.4442e-20,0.0014,0.017934,0.0014,-0.44947,0.34,4.4328,0.6,0.040026,0.0043,0.94373,0.016,0.45869,0.021,0.97792,0.048,0.33669,0.018
"WU2015","wB97",1,TRUE,0.011907,0.00086,-6.9725e-20,0.0012,0.015649,0.0011,-0.30219,0.21,3.4815,0.37,0.034561,0.0026,0.97858,0.011,0.44995,0.019,0.93173,0.048,0.33399,0.017
"WU2015","wB97X",1,TRUE,0.012163,0.00092,-1.8296e-20,0.0013,0.016231,0.0012,-0.37369,0.25,3.7962,0.44,0.035269,0.0036,0.96951,0.013,0.46088,0.02,0.9234,0.046,0.33764,0.018
"WU2015","N12-SX",1,TRUE,0.016019,0.0013,8.5287e-20,0.0018,0.022418,0.0019,-0.65435,0.36,4.9932,0.7,0.0521,0.0064,0.92413,0.021,0.47651,0.02,1.0551,0.047,0.35798,0.019
"WU2015","MN12-SX",1,TRUE,0.017455,0.0014,-5.5098e-19,0.0019,0.024062,0.0021,-0.44152,0.43,5.1239,0.76,0.05462,0.0073,0.92617,0.019,0.46839,0.024,0.91702,0.047,0.33857,0.02
"WU2015","HSE06",1,TRUE,0.014542,0.0013,5.3462e-20,0.0017,0.020787,0.0019,-0.45026,0.47,5.6795,0.84,0.047763,0.0068,0.91647,0.021,0.48846,0.021,1.0137,0.045,0.36431,0.019
"WU2015","HISS",1,TRUE,0.014719,0.0012,-4.1237e-19,0.0016,0.020227,0.0016,-0.63205,0.27,4.2583,0.57,0.046625,0.0042,0.95027,0.018,0.48179,0.021,0.98003,0.045,0.35415,0.019
"ZAS2019","HF",1,TRUE,2.2763,0.024,-5.8473e-17,0.039,2.9536,0.034,-0.47091,0.063,4.3353,0.22,5.8292,0.08,0.984,0.0033,0.43312,0.0035,0.87174,0.007,0.31401,0.0028
"ZAS2019","MP2",1,TRUE,1.2704,0.012,4.3938e-17,0.02,1.5977,0.015,0.07811,0.032,3.1171,0.064,3.1453,0.057,0.998,0.00048,0.41536,0.0035,0.84491,0.0069,0.30164,0.0028
"ZAS2019","SLATM_L2",1,TRUE,1.2427,0.025,3.8875e-17,0.03,2.3467,0.074,0.26141,0.51,26.302,2.9,4.5817,0.14,0.72438,0.018,0.60026,0.0054,1.0125,0.0078,0.44356,0.0049
"ZHA2018","PBE",1,TRUE,0.08565,0.0051,1.6887e-18,0.0083,0.11376,0.0075,-0.81994,0.26,4.7669,0.62,0.24716,0.032,0.95629,0.019,0.43576,0.021,0.95516,0.044,0.31138,0.017
"ZHA2018","SCAN",1,TRUE,0.085853,0.0055,4.0118e-18,0.0086,0.11661,0.0086,-0.52916,0.38,5.3033,1.2,0.24738,0.019,0.96788,0.021,0.45884,0.022,0.97108,0.044,0.32998,0.018
