"Dataset","Methods","ctd","out","mue","u_mue","mse","u_mse","rmsd","u_rmsd","q95hd","u_q95hd","hrmode","u_hrmode","skew","u_skew","skewgm","u_skewgm","skewgm_mcf","u_skewgm_mcf","kurt","u_kurt","kurtcs","u_kurtcs","gini","u_gini","gimc","u_gimc","bmax","u_bmax","gmax","u_gmax"
"BOR2019","LDA",-1,FALSE,1.16724,0.0482,1.1522,0.0489,1.06929,0.0928,3.18296,0.214,0.86385,0.14,2.7092,0.594,0.31021,0.0414,0.487905,0.063,16.1898,5.77,1.56658,0.483,0.424184,0.0152,0.533714,0.0213,0.853763,0.107,0.533811,0.0174
"BOR2019","LDA + SOC",-1,FALSE,1.23873,0.0481,1.23097,0.0486,1.06156,0.0932,3.25798,0.217,1.19965,0.196,2.76636,0.608,0.316502,0.0442,0.433963,0.0587,16.6756,5.98,1.65478,0.487,0.399935,0.0149,0.501526,0.0221,0.867935,0.104,0.5367,0.0177
"BOR2019","PBE",-1,FALSE,1.05231,0.0457,1.02669,0.0468,1.02609,0.0931,2.95378,0.196,0.69495,0.153,2.79388,0.664,0.291826,0.0432,0.5106,0.0623,17.5791,6.59,1.60366,0.489,0.441884,0.0157,0.5353,0.0209,0.664067,0.0965,0.536013,0.0177
"BOR2019","PBE + SOC",-1,FALSE,1.12481,0.0458,1.1138,0.0463,1.01439,0.094,3.03968,0.202,0.7578,0.189,2.9045,0.683,0.307119,0.0434,0.527506,0.0615,18.4525,6.94,1.6426,0.496,0.415279,0.0154,0.534282,0.0223,0.730058,0.109,0.534795,0.0179
"BOR2019","PBE_SOL",-1,FALSE,1.11718,0.0467,1.0986,0.0475,1.03887,0.0892,3.08067,0.196,0.91605,0.14,2.64754,0.594,0.286924,0.0421,0.443893,0.0664,15.8296,5.69,1.52439,0.485,0.430521,0.0152,0.52237,0.0203,0.732542,0.111,0.531442,0.0172
"BOR2019","HLE16",-1,FALSE,0.598837,0.0366,0.373684,0.042,0.89549,0.0837,1.88369,0.181,-0.01815,0.0788,2.73748,0.542,0.326427,0.0443,0.48676,0.0421,17.316,4.25,1.58272,0.459,0.540123,0.0183,0.539695,0.0187,0.00854908,0.0368,0.540084,0.0182
"BOR2019","HLE16 + SOC",-1,FALSE,0.610154,0.0378,0.511231,0.0402,0.859537,0.0889,1.95172,0.186,0.0692,0.104,3.1985,0.597,0.372047,0.0432,0.567491,0.0405,21.0064,5.28,1.6353,0.466,0.550126,0.0177,0.559937,0.0195,0.087347,0.0471,0.560455,0.0178
"BOR2019","BJ",-1,FALSE,0.791054,0.0374,0.727175,0.0395,0.869424,0.0729,2.31211,0.199,0.42405,0.0486,2.52924,0.517,0.315805,0.0449,0.501964,0.0408,14.7336,4.61,1.74085,0.474,0.467394,0.0162,0.536268,0.0186,0.424152,0.0364,0.536268,0.0179
"BOR2019","mBJ",-1,FALSE,0.496558,0.0252,0.222117,0.0307,0.683475,0.0506,1.40589,0.0806,0.06635,0.0894,1.49368,0.516,0.164629,0.0414,0.417035,0.0494,10.421,3.2,0.721048,0.323,0.490029,0.0159,0.490896,0.0181,0.0664004,0.0606,0.490896,0.016
"BOR2019","SCAN",-1,FALSE,0.813099,0.0394,0.742661,0.0415,0.919748,0.0852,2.43176,0.191,0.46595,0.145,2.78981,0.675,0.280436,0.0432,0.505799,0.0495,18.0373,6.57,1.57666,0.475,0.473365,0.0168,0.528603,0.02,0.395875,0.0723,0.531901,0.0176
"BOR2019","HSE06",-1,FALSE,0.526364,0.0313,0.0985365,0.0374,0.847442,0.0755,1.69945,0.161,0.08515,0.0607,2.41059,0.677,0.138738,0.0511,0.522165,0.0396,16.5581,5.79,2.66219,0.503,0.54605,0.0167,0.545999,0.0183,0.0469595,0.0432,0.548158,0.0167
"BOR2019","HSE14",-1,FALSE,0.572689,0.0298,-0.171689,0.0363,0.830536,0.0614,1.81639,0.125,0.08515,0.198,1.1504,0.539,0.0537022,0.0547,0.354656,0.087,10.8108,2.41,2.34624,0.428,0.511653,0.015,0.497177,0.0184,-0.121141,0.11,0.519005,0.0148
"BOR2019","HSE_mix",-1,FALSE,0.642834,0.0316,-0.369564,0.038,0.856447,0.0544,1.97208,0.129,-0.0111,0.115,-0.320233,0.449,-0.123403,0.0496,0.439511,0.0659,7.91443,1.47,1.98233,0.399,0.515861,0.0146,0.518237,0.0164,-0.142422,0.0627,0.527326,0.0138
"BOR2019","PBE0",-1,FALSE,0.7777,0.0283,-0.472128,0.0385,0.867918,0.0717,1.8296,0.121,-0.55945,0.0845,2.10881,0.618,0.157607,0.0513,0.561328,0.056,14.4999,4.59,2.84445,0.493,0.378078,0.0144,0.548758,0.0195,-0.554901,0.0456,0.548788,0.0161
"BOR2019","PBE0_mix",-1,FALSE,0.817238,0.0362,-0.595248,0.0433,0.965437,0.0537,2.44504,0.152,-0.3911,0.142,-0.838361,0.297,-0.182691,0.045,0.487363,0.0416,6.45925,0.914,1.75705,0.379,0.474481,0.014,0.517212,0.0144,-0.390999,0.0713,0.517212,0.0136
"NAR2019","G4MP2",-1,FALSE,0.794096,0.0334,-0.0605882,0.0475,1.05669,0.0461,2.20896,0.0869,-0.19,0.163,-0.34753,0.215,0.0329609,0.0458,0.367233,0.05,4.43323,0.72,0.93653,0.258,0.457231,0.0125,0.467658,0.0135,-0.19,0.105,0.467658,0.0124
"NAR2019","B3LYP",-1,FALSE,3.9907,0.153,3.61366,0.174,3.67446,0.321,9.25029,0.552,3.03,0.792,1.90949,0.824,0.10259,0.0456,0.394917,0.0501,15.4453,6.5,0.924018,0.295,0.400101,0.0156,0.471104,0.0171,2.98982,0.623,0.471161,0.0162
"NAR2019","M06-2X",-1,FALSE,2.70521,0.0994,-0.0874728,0.166,3.45605,0.202,6.09626,0.457,-3.73,1.92,1.24202,0.417,0.16577,0.0487,0.227188,0.107,7.11665,2.75,-0.205081,0.178,0.394859,0.0142,0.45578,0.027,-2.89077,1.42,0.468952,0.0257
"NAR2019","wB97X-D",-1,FALSE,1.85431,0.0919,0.52329,0.128,2.65402,0.253,5.17825,0.377,-0.51,0.558,2.12997,0.929,0.178147,0.0439,0.388783,0.0605,17.6604,7.74,0.533325,0.233,0.467922,0.018,0.482543,0.02,-0.520528,0.427,0.482555,0.0183
"PER2018","B3LYP",-1,FALSE,1.18192,0.0899,0.979282,0.0997,1.51033,0.123,4.48649,0.489,0.710385,0.111,1.61399,0.298,0.301324,0.0742,0.640308,0.0458,7.25745,1.11,4.92539,0.958,0.514906,0.0196,0.613777,0.0198,0.690597,0.0564,0.614263,0.017
"PER2018","B97-1",-1,FALSE,0.85462,0.0521,0.505927,0.0688,1.05144,0.0817,2.67039,0.354,0.838437,0.119,0.25805,0.394,-0.122904,0.0767,0.465798,0.0755,6.68059,0.747,3.475,0.716,0.444017,0.0212,0.547248,0.0211,0.735327,0.054,0.555323,0.0179
"PER2018","BH&HLYP",-1,FALSE,4.83115,0.228,4.79177,0.232,3.49527,0.242,11.7445,0.609,3.0195,0.35,1.38893,0.248,0.416011,0.0522,0.58382,0.0573,5.63346,1.08,0.602025,0.48,0.368374,0.015,0.56114,0.0199,2.84497,0.156,0.563857,0.0182
"PER2018","BLYP",-1,FALSE,1.62697,0.101,0.410879,0.144,2.23232,0.173,5.32572,0.557,1.57943,0.453,-1.2904,0.274,-0.24112,0.0672,0.483635,0.0717,6.59308,0.865,3.46987,0.784,0.464651,0.0199,0.554668,0.0203,1.27165,0.268,0.571115,0.0177
"PER2018","CAM-B3LYP",-1,FALSE,0.90408,0.0906,0.551142,0.103,1.54311,0.12,4.13278,0.367,0.00133929,0.0668,1.77813,0.257,0.572355,0.0575,0.752781,0.035,6.61096,1.1,5.10117,1.29,0.663176,0.015,0.662986,0.0156,-0.054344,0.0293,0.667151,0.0148
"PER2018","LC-ωPBE",-1,FALSE,1.0939,0.095,0.730925,0.113,1.66974,0.144,4.33805,0.514,0.267,0.125,1.72467,0.352,0.447076,0.0644,0.616897,0.0507,8.01181,1.8,2.81735,0.817,0.603288,0.018,0.602333,0.0196,0.183972,0.0939,0.609759,0.0183
"PER2018","PBE",-1,FALSE,2.79157,0.156,-2.53265,0.174,2.66783,0.196,8.06469,0.83,-1.2735,0.451,-1.33498,0.23,-0.218689,0.0608,0.491952,0.0699,6.04098,0.86,1.9695,0.52,0.423151,0.0178,0.531738,0.0229,-1.25991,0.324,0.531848,0.0207
"PER2018","PBE0",-1,FALSE,0.924562,0.0739,0.236388,0.0965,1.44198,0.12,3.2688,0.497,-0.01,0.157,1.77438,0.206,0.349149,0.063,0.556581,0.0628,7.18707,1.01,2.99403,0.865,0.565213,0.0213,0.567521,0.0241,-0.139464,0.0852,0.580816,0.0201
"PER2018","PW86PBE",-1,FALSE,1.63516,0.123,-0.535453,0.16,2.4625,0.202,6.13537,0.889,0.836786,0.457,-1.48577,0.269,-0.261061,0.068,0.424646,0.0879,7.06366,1.06,2.68442,0.585,0.527692,0.0211,0.535653,0.0212,0.709696,0.322,0.539101,0.0203
"SCH2018","LDA",-1,FALSE,0.71559,0.0311,0.684615,0.0346,0.485566,0.0237,1.5148,0.0698,0.6,0.218,0.149173,0.139,0.0471041,0.0718,0.275841,0.0749,2.86641,0.219,0.137639,0.235,0.344717,0.0166,0.414076,0.0162,0.429924,0.232,0.425072,0.0157
"SCH2018","PBE",-1,FALSE,0.186872,0.0099,0.0932308,0.0156,0.212565,0.00942,0.418373,0.0235,0,0.0781,-0.11044,0.12,-0.00467329,0.06,0.146055,0.085,2.51269,0.176,-0.0896366,0.22,0.413896,0.02,0.413896,0.0165,0,0.098,0.413896,0.015
"SCH2018","RPBE",-1,FALSE,0.212308,0.0101,-0.171692,0.0134,0.188561,0.00756,0.463319,0.0208,-0.31,0.0622,0.109728,0.125,0.105782,0.072,0.249237,0.086,2.24945,0.163,-0.64345,0.203,0.375637,0.0184,0.449985,0.0271,-0.31,0.0578,0.449985,0.0213
"SCH2018","vdW-DF2",-1,FALSE,0.208821,0.0103,0.0232821,0.0174,0.254193,0.0113,0.503163,0.0347,0.13,0.109,-0.174864,0.131,-0.084259,0.0655,0.206566,0.0672,2.64248,0.185,-0.0591881,0.267,0.387643,0.0176,0.424544,0.0196,0.13,0.115,0.424544,0.0175
"SCH2018","BEEF-vdW",-1,FALSE,0.145692,0.00796,-0.00948718,0.013,0.182369,0.00825,0.340486,0.0119,0.02,0.0464,-0.168621,0.109,-0.0846877,0.0574,0.327137,0.0853,2.51562,0.173,-0.0883017,0.27,0.421127,0.0175,0.430229,0.0189,0.0395855,0.0436,0.430922,0.0169
"SCH2018","mBEEF",-1,FALSE,0.20559,0.00985,0.0578974,0.018,0.242119,0.0138,0.486251,0.0304,0.27,0.0683,-0.999891,0.137,-0.288409,0.0542,0.413562,0.0779,3.47969,0.461,0.238248,0.315,0.376259,0.0181,0.503024,0.023,0.229975,0.0328,0.513189,0.0165
"SCH2018","mBEEF-vdW",-1,FALSE,0.311538,0.013,0.226205,0.0211,0.284797,0.0141,0.636405,0.0226,0.38,0.12,-0.55838,0.13,-0.0511797,0.0586,0.384832,0.102,2.98577,0.326,0.00108744,0.286,0.341517,0.0164,0.444312,0.022,0.439595,0.119,0.452949,0.0187
"THA2015","M11",-1,FALSE,3.08127,0.291,0.740893,0.407,4.51318,0.492,10.1034,1.46,0.958086,0.785,-0.746729,0.594,-0.0467178,0.0996,0.576259,0.0953,7.31501,1.7,3.17874,0.874,0.529378,0.025,0.543591,0.0261,0.757563,0.56,0.544396,0.0235
"THA2015","M06-2X",-1,FALSE,3.19915,0.28,1.22765,0.389,4.36246,0.449,10.1094,1.49,0.234169,1.17,-0.621562,0.506,-0.10563,0.0912,0.397523,0.1,6.53048,1.19,2.82783,0.751,0.498105,0.0258,0.508243,0.0274,1.75403,0.899,0.527839,0.0219
"THA2015","ωB97",-1,FALSE,3.28304,0.275,0.726759,0.398,4.52082,0.419,10.9949,1.46,1.7722,1.43,-0.58476,0.427,-0.152733,0.087,0.496099,0.0942,5.72632,0.806,2.14079,0.668,0.477556,0.025,0.509988,0.0282,1.67753,1.06,0.511056,0.023
"THA2015","LC-τHCTH",-1,FALSE,3.03086,0.272,0.37019,0.387,4.36492,0.425,10.4762,1.52,-1.41488,1.35,-0.476281,0.484,-0.0649293,0.0888,0.296072,0.0963,6.14404,0.944,2.09251,0.694,0.501174,0.0242,0.462622,0.0291,0.771519,1,0.505705,0.0233
"THA2015","HISS",-1,FALSE,3.79308,0.268,2.31499,0.381,4.28434,0.434,10.3852,1.61,1.65603,1.1,-0.559118,0.5,-0.0656581,0.097,0.451714,0.101,6.40718,1.11,2.80065,0.738,0.405741,0.0244,0.515095,0.0268,2.05214,0.856,0.520138,0.0221
"THA2015","LC-ωPBE",-1,FALSE,3.85025,0.264,2.00454,0.395,4.48099,0.427,10.5146,1.39,2.62015,0.827,-0.738507,0.429,-0.17011,0.088,0.510558,0.0797,5.94358,0.943,2.41286,0.763,0.398742,0.0234,0.530511,0.0272,2.62189,0.553,0.530518,0.0226
"THA2015","MP2",-1,FALSE,3.16806,0.284,0.835312,0.391,4.44562,0.436,10.8101,1.73,1.68439,1.13,-0.0857454,0.51,-0.101898,0.0943,0.534649,0.0813,6.12362,0.829,2.62726,0.795,0.490433,0.0258,0.520112,0.0243,1.6852,0.901,0.520114,0.0223
"WU2015","HF",-1,FALSE,4.23777,0.178,3.78434,0.219,2.95393,0.242,8.03235,0.329,3.58481,0.855,-0.86448,0.317,-0.040347,0.0745,0.32275,0.0852,4.80871,1.16,0.458033,0.387,0.301327,0.0176,0.452501,0.0227,3.54944,0.828,0.452751,0.0216
"WU2015","MP2",-1,FALSE,0.528828,0.0331,-0.413137,0.0424,0.496892,0.032,1.19666,0.0981,-0.486599,0.189,0.0703212,0.211,0.0451792,0.0662,0.216652,0.0789,3.27927,0.37,0.257432,0.368,0.386929,0.021,0.429969,0.0195,-0.487279,0.19,0.429982,0.0184
"WU2015","LSDA",-1,FALSE,6.54504,0.182,-6.44227,0.208,2.46859,0.261,11.2049,0.723,-6.21864,0.797,0.0876771,0.649,-0.0962549,0.0882,0.41287,0.0839,7.23479,1.23,1.49758,0.765,0.176795,0.0123,0.48538,0.0257,-6.19427,0.737,0.485527,0.0239
"WU2015","PBE",-1,FALSE,6.07853,0.182,-5.97534,0.205,2.4385,0.257,10.8023,0.7,-5.87104,0.376,-0.136565,0.64,-0.138538,0.0876,0.461123,0.0683,7.1452,1.16,1.93025,0.843,0.186088,0.0134,0.516733,0.026,-5.72735,0.323,0.520831,0.0247
"WU2015","HCTH",-1,FALSE,4.89123,0.182,-4.751,0.207,2.47686,0.255,9.62491,0.693,-4.651,0.695,-0.0976525,0.62,-0.117024,0.0866,0.395313,0.0747,6.91565,1.12,1.5534,0.796,0.234692,0.016,0.499012,0.0244,-4.29357,0.578,0.504653,0.0231
"WU2015","N12",-1,FALSE,3.96662,0.199,-3.77998,0.221,2.67785,0.26,9.20107,0.761,-2.71515,0.464,-0.479603,0.518,-0.189992,0.0835,0.534049,0.0665,6.19907,0.948,2.26826,0.859,0.313086,0.0193,0.528556,0.024,-3.21473,0.315,0.535994,0.0218
"WU2015","revTPSS",-1,FALSE,4.54596,0.179,-4.4243,0.199,2.39221,0.241,9.30503,0.749,-3.64979,0.252,-0.422611,0.565,-0.20867,0.0869,0.523422,0.0778,6.60496,1.01,2.10195,0.919,0.243914,0.0173,0.540649,0.0254,-3.85648,0.153,0.54945,0.0244
"WU2015","tHCTH",-1,FALSE,4.56102,0.187,-4.41272,0.21,2.53051,0.26,9.47006,0.739,-3.74594,0.467,-0.287798,0.601,-0.170032,0.0867,0.498385,0.0702,6.82334,1.08,1.8901,0.838,0.256731,0.0174,0.527733,0.025,-3.7463,0.368,0.527735,0.0233
"WU2015","M11-L",-1,FALSE,8.32375,0.226,-8.21527,0.25,3.09625,0.289,13.7747,0.58,-6.98807,0.464,0.0142444,0.539,-0.256182,0.0796,0.532803,0.0656,5.83435,1.09,0.985026,0.785,0.181269,0.0102,0.534085,0.0243,-6.85596,0.285,0.536172,0.0214
"WU2015","MN12-L",-1,FALSE,4.8955,0.218,-4.75786,0.236,2.96124,0.239,10.8512,0.748,-4.23768,0.676,-0.535034,0.359,-0.226673,0.0709,0.450415,0.0851,4.66969,0.629,1.12168,0.662,0.297436,0.0158,0.5013,0.0252,-3.87838,0.491,0.509801,0.021
"WU2015","PBE0",-1,FALSE,1.95734,0.145,-1.62696,0.166,2.05682,0.186,5.84478,0.441,-1.12176,0.216,-0.433553,0.439,-0.281248,0.0815,0.465193,0.0601,5.43989,0.784,2.04606,0.7,0.45205,0.0202,0.547918,0.0256,-1.09302,0.158,0.548412,0.0236
"WU2015","mPW1PW",-1,FALSE,1.75378,0.144,-1.3518,0.166,2.06187,0.184,5.70407,0.423,-0.927407,0.221,-0.519405,0.424,-0.291707,0.0807,0.482288,0.061,5.35134,0.771,2.05778,0.695,0.493671,0.0209,0.541588,0.0251,-0.748849,0.168,0.548659,0.0228
"WU2015","B3LYP",-1,FALSE,3.09774,0.154,-2.95951,0.17,2.09712,0.196,7.22442,0.486,-2.53412,0.341,-0.489757,0.487,-0.268039,0.0812,0.502081,0.0684,5.80649,0.876,1.98075,0.782,0.317377,0.0181,0.538737,0.0271,-2.3801,0.237,0.544137,0.0226
"WU2015","B3PW91",-1,FALSE,2.13647,0.152,-1.86233,0.171,2.10857,0.196,6.22743,0.501,-1.40871,0.278,-0.534427,0.459,-0.273384,0.0816,0.506852,0.0624,5.70237,0.838,2.18463,0.741,0.434852,0.0206,0.546168,0.0261,-1.3218,0.211,0.54939,0.0238
"WU2015","B97-2",-1,FALSE,1.94799,0.152,-1.59413,0.173,2.14604,0.196,6.06064,0.467,-0.79995,0.208,-0.537326,0.444,-0.280583,0.0796,0.502249,0.0643,5.5486,0.813,2.33249,0.77,0.470422,0.0207,0.551811,0.0225,-0.919203,0.142,0.55289,0.0216
"WU2015","M06",-1,FALSE,2.89294,0.127,-2.75598,0.145,1.80701,0.18,6.02337,0.442,-2.59075,0.429,0.26772,0.569,-0.123821,0.0791,0.384173,0.0996,6.41592,1.23,1.15637,0.793,0.297892,0.0162,0.495652,0.0272,-2.47394,0.356,0.497274,0.0216
"WU2015","M06-2X",-1,FALSE,1.244,0.0967,-0.26542,0.131,1.67328,0.131,3.85221,0.366,0.412783,0.396,-0.352969,0.334,-0.194596,0.0796,0.421281,0.0729,4.27347,0.581,0.619408,0.517,0.467844,0.0225,0.487394,0.0244,0.410453,0.348,0.487412,0.0226
"WU2015","M06-HF",-1,FALSE,1.74884,0.0988,0.813966,0.151,1.94655,0.138,4.15846,0.448,2.00392,0.451,-0.670496,0.232,-0.273481,0.0648,0.518599,0.0932,3.81737,0.522,0.616799,0.42,0.363398,0.0222,0.507967,0.0253,1.98546,0.261,0.508035,0.0216
"WU2015","SOGGA11X",-1,FALSE,1.49811,0.128,-0.837931,0.156,1.97982,0.151,5.16471,0.322,-0.341283,0.391,-0.592706,0.293,-0.24277,0.0779,0.481021,0.0664,4.22374,0.553,1.25021,0.563,0.516396,0.0205,0.503279,0.0226,-0.0477701,0.295,0.516888,0.0209
"WU2015","tHCTHhyb",-1,FALSE,2.97039,0.168,-2.79079,0.186,2.27917,0.217,7.52984,0.6,-2.19888,0.179,-0.543785,0.488,-0.27254,0.084,0.501595,0.0574,5.96223,0.898,2.45257,0.835,0.354012,0.0201,0.560339,0.0242,-2.21354,0.109,0.560708,0.0227
"WU2015","BMK",-1,FALSE,1.61535,0.131,-0.775162,0.168,2.1186,0.153,5.23089,0.384,-0.349825,0.498,-0.718092,0.234,-0.219794,0.0682,0.430152,0.0801,3.8952,0.552,0.756879,0.46,0.492863,0.0212,0.48683,0.0241,-0.0856572,0.418,0.493367,0.021
"WU2015","TPSSh",-1,FALSE,3.01271,0.165,-2.82617,0.184,2.24756,0.217,7.46371,0.613,-2.10176,0.183,-0.435127,0.508,-0.228879,0.0839,0.453733,0.0625,6.11884,0.914,2.4002,0.853,0.342329,0.0201,0.544491,0.0241,-2.34093,0.123,0.552617,0.0233
"WU2015","LC-rTPSS",-1,FALSE,2.4987,0.118,2.40453,0.129,1.63751,0.0987,5.2537,0.295,3.26186,0.232,-0.0885234,0.189,-0.163196,0.0812,0.219272,0.098,2.9985,0.344,0.0862276,0.295,0.335475,0.0225,0.467358,0.0234,3.26087,0.2,0.467363,0.0227
"WU2015","LC-wPBE",-1,FALSE,2.00517,0.103,1.77458,0.127,1.58921,0.089,4.62205,0.258,2.34991,0.362,-0.0594416,0.149,-0.17707,0.0834,0.299577,0.112,2.70623,0.236,0.0771674,0.277,0.357593,0.0209,0.459122,0.0242,2.49488,0.297,0.463447,0.0235
"WU2015","LC-N12",-1,FALSE,3.79586,0.135,3.75756,0.14,1.79064,0.114,6.76128,0.305,4.37645,0.402,-0.215597,0.218,-0.15692,0.0702,0.279022,0.0873,3.21678,0.489,0.102085,0.307,0.253988,0.0172,0.456471,0.0225,4.43577,0.347,0.457043,0.022
"WU2015","LC-HCTH",-1,FALSE,1.76338,0.0977,1.30832,0.131,1.6887,0.12,4.34861,0.293,1.57742,0.337,-0.34614,0.262,-0.160537,0.0619,0.359974,0.0851,3.75766,0.683,0.449067,0.365,0.37386,0.0215,0.46569,0.0225,1.68802,0.255,0.467817,0.022
"WU2015","LC-tHCTH",-1,FALSE,1.38444,0.101,-0.108333,0.14,1.82097,0.132,3.67093,0.252,-0.0380563,0.535,-0.477667,0.268,-0.102234,0.0596,0.271171,0.0765,3.9019,0.75,0.369511,0.349,0.45056,0.0222,0.449282,0.0215,0.162457,0.477,0.454722,0.021
"WU2015","M11",-1,FALSE,1.32932,0.0869,-0.242637,0.132,1.66376,0.11,3.52044,0.334,0.761151,0.686,-0.0296302,0.237,-0.0826441,0.0873,0.297162,0.0922,3.30785,0.393,0.0994117,0.357,0.408393,0.021,0.45671,0.0242,0.780475,0.636,0.456778,0.0233
"WU2015","CAM-B3LYP",-1,FALSE,1.51105,0.118,-1.02948,0.143,1.80137,0.129,4.65858,0.282,-0.0228698,0.348,-0.316733,0.26,-0.207966,0.0724,0.357168,0.0859,3.77001,0.434,0.828068,0.434,0.497406,0.0221,0.49889,0.0234,-0.12403,0.23,0.50122,0.0215
"WU2015","wB97XD",-1,FALSE,1.58966,0.12,-1.12122,0.147,1.83297,0.13,4.78289,0.267,-0.195571,0.474,-0.257828,0.258,-0.189854,0.0728,0.353372,0.0946,3.69149,0.428,0.738209,0.419,0.483623,0.0216,0.491032,0.0241,-0.198213,0.368,0.491039,0.0225
"WU2015","wB97",-1,FALSE,1.44563,0.0872,0.139586,0.143,1.76944,0.0968,3.39409,0.192,0.746911,0.396,-0.0201401,0.147,-0.124874,0.0828,0.272584,0.0934,2.60582,0.234,-0.0678347,0.289,0.391256,0.018,0.446381,0.0227,0.889846,0.372,0.450559,0.0229
"WU2015","wB97X",-1,FALSE,1.40908,0.0977,-0.545043,0.139,1.73389,0.104,3.6316,0.185,0.392954,0.466,-0.107169,0.168,-0.105002,0.07,0.255839,0.0987,2.90587,0.261,0.272818,0.291,0.4418,0.0189,0.462181,0.0242,0.374055,0.412,0.462287,0.0232
"WU2015","N12-SX",-1,FALSE,1.57678,0.148,-0.733182,0.179,2.24197,0.193,5.78803,0.497,0.217199,0.313,-0.669808,0.365,-0.275214,0.0779,0.472726,0.0915,5.04369,0.718,2.04709,0.612,0.5425,0.0209,0.548825,0.0252,0.219396,0.215,0.548838,0.0228
"WU2015","MN12-SX",-1,FALSE,4.82065,0.176,-4.72258,0.191,2.40621,0.207,9.58873,0.601,-3.32688,0.545,-0.445671,0.435,-0.24973,0.0736,0.535646,0.0785,5.1498,0.764,1.27301,0.723,0.242265,0.0135,0.52237,0.0245,-3.49558,0.358,0.527184,0.0205
"WU2015","HSE06",-1,FALSE,2.09009,0.148,-1.80269,0.168,2.0787,0.193,6.04932,0.466,-1.11434,0.245,-0.447638,0.465,-0.26446,0.0817,0.484376,0.0675,5.66849,0.834,2.08742,0.734,0.435884,0.0201,0.546833,0.025,-1.17548,0.156,0.548673,0.0232
"WU2015","HISS",-1,FALSE,1.8746,0.108,1.05177,0.158,2.02306,0.156,4.24763,0.395,1.8953,0.432,-0.614627,0.264,-0.198749,0.0706,0.506892,0.0696,4.20603,0.558,1.35695,0.502,0.373122,0.022,0.511314,0.0242,1.74931,0.275,0.512449,0.0197
"ZAS2019","HF",-1,FALSE,2.381,0.0265,0.0555144,0.0412,3.13072,0.0409,6.06708,0.111,0.62,0.381,-0.685469,0.0717,-0.121019,0.0112,0.334739,0.0153,5.12807,0.265,0.345192,0.0597,0.43715,0.00374,0.450736,0.00637,1.40954,0.117,0.457763,0.00362
"ZAS2019","MP2",-1,FALSE,1.30901,0.013,0.000104653,0.0215,1.66609,0.016,3.34595,0.0527,-0.25,0.248,-0.0677015,0.0338,-0.0486395,0.0112,0.246374,0.0339,3.33315,0.0591,0.144856,0.067,0.424181,0.00323,0.418002,0.00633,0.839594,0.138,0.4355,0.00325
"ZAS2019","SLATM_L2",-1,FALSE,1.25965,0.0256,0.129762,0.0321,2.44304,0.0798,4.69231,0.146,0.14,0.0765,0.799713,0.544,0.0523293,0.0215,0.638469,0.0108,28.5153,2.74,4.47659,0.249,0.610147,0.00561,0.608609,0.00588,0.0493813,0.0222,0.610547,0.00561
"ZHA2018","PBE",-1,FALSE,0.210566,0.00977,-0.205454,0.0103,0.150404,0.00842,0.46667,0.0343,-0.251,0.073,-0.547783,0.217,-0.0432163,0.0638,0.243813,0.0758,3.67797,0.579,-0.174654,0.276,0.3764,0.0186,0.408063,0.0184,-0.0818787,0.0854,0.425211,0.0174
"ZHA2018","SCAN",-1,FALSE,0.102449,0.00694,-0.0165408,0.00965,0.141022,0.00926,0.290716,0.0209,-0.028,0.017,-0.303732,0.281,-0.00679937,0.0675,0.475336,0.0685,4.41011,0.641,1.4905,0.528,0.496398,0.0184,0.502965,0.0193,-0.0159999,0.0101,0.50594,0.0182
"BOR2019","LDA",1,FALSE,0.627843,0.0275,1.0659e-17,0.0385,0.854714,0.0507,1.71842,0.128,-0.426698,0.12,1.05043,0.362,0.156246,0.0479,0.319991,0.0486,7.31846,1.75,0.905104,0.251,0.446467,0.0148,0.473734,0.0147,-0.304397,0.0852,0.479195,0.0146
"BOR2019","LDA + SOC",1,FALSE,0.607196,0.0268,-1.23412e-17,0.0373,0.83111,0.0515,1.70562,0.108,-0.526261,0.277,1.11952,0.402,0.106373,0.0487,0.331926,0.0599,7.95006,1.99,0.665485,0.244,0.446639,0.0157,0.47033,0.0173,-0.41839,0.217,0.473245,0.0162
"BOR2019","PBE",1,FALSE,0.602806,0.0273,6.56627e-18,0.0376,0.833228,0.0542,1.63758,0.126,-0.308875,0.131,1.21775,0.434,0.147691,0.0439,0.344383,0.0481,8.62154,2.31,0.928809,0.267,0.455895,0.0155,0.478339,0.0163,-0.286173,0.0952,0.478456,0.0156
"BOR2019","PBE + SOC",1,FALSE,0.580496,0.0262,1.56922e-17,0.0361,0.803208,0.0553,1.59895,0.109,-0.182307,0.147,1.32503,0.484,0.168348,0.0451,0.366196,0.0466,9.58343,2.62,0.827142,0.271,0.446442,0.0163,0.472571,0.017,-0.290979,0.12,0.479076,0.0161
"BOR2019","PBE_SOL",1,FALSE,0.609188,0.0272,-5.64199e-19,0.0377,0.835478,0.0503,1.66106,0.125,-0.221205,0.155,1.05766,0.372,0.135934,0.0437,0.360507,0.048,7.47246,1.8,0.903877,0.251,0.45547,0.0152,0.475268,0.016,-0.246826,0.109,0.475361,0.0153
"BOR2019","HLE16",1,FALSE,0.581904,0.0305,-6.08891e-18,0.0407,0.865598,0.0777,1.53589,0.132,-0.183399,0.0739,2.38074,0.613,0.241626,0.0505,0.441088,0.0458,15.9498,4.72,1.27921,0.444,0.475963,0.0183,0.506617,0.0195,-0.275863,0.044,0.513815,0.019
"BOR2019","HLE16 + SOC",1,FALSE,0.530611,0.0301,1.34041e-17,0.0385,0.822181,0.0837,1.41663,0.165,-0.329531,0.104,2.88604,0.71,0.270592,0.0506,0.509012,0.0499,20.2367,6.17,1.56054,0.508,0.487682,0.0197,0.536777,0.0225,-0.309385,0.0393,0.536979,0.0191
"BOR2019","BJ",1,FALSE,0.523925,0.0246,1.15329e-17,0.0326,0.731214,0.0488,1.48479,0.115,-0.124031,0.0868,1.10135,0.47,0.107172,0.0427,0.348004,0.0463,8.74242,2.51,0.895604,0.295,0.467164,0.0156,0.478134,0.0163,-0.12486,0.056,0.478134,0.016
"BOR2019","mBJ",1,FALSE,0.478977,0.023,-8.27688e-18,0.0302,0.675743,0.0504,1.28847,0.0936,-0.0875924,0.073,1.30203,0.58,0.113854,0.0424,0.40902,0.0475,10.523,3.55,0.732669,0.335,0.469871,0.0165,0.480862,0.0168,-0.089373,0.0598,0.480866,0.0163
"BOR2019","SCAN",1,FALSE,0.557418,0.0265,-1.1077e-17,0.0353,0.789916,0.0557,1.55149,0.123,-0.185393,0.0993,1.39935,0.482,0.131791,0.0445,0.384561,0.0442,9.9836,2.65,1.06624,0.32,0.471448,0.016,0.487321,0.0165,-0.185393,0.064,0.487321,0.0162
"BOR2019","HSE06",1,FALSE,0.534137,0.0282,-1.21741e-17,0.0352,0.800452,0.0593,1.70671,0.106,0.176865,0.0858,1.32822,0.544,-0.00584454,0.0487,0.426736,0.0576,10.978,2.91,1.95637,0.388,0.514767,0.0155,0.513054,0.0182,0.104624,0.0434,0.520477,0.0153
"BOR2019","HSE14",1,FALSE,0.548319,0.0295,7.3129e-18,0.0363,0.828653,0.0594,1.83272,0.124,0.272887,0.168,0.916355,0.52,0.0326952,0.0536,0.370918,0.0753,10.0675,2.05,2.21631,0.418,0.512288,0.0151,0.497203,0.0189,0.064922,0.101,0.515054,0.0146
"BOR2019","HSE_mix",1,FALSE,0.551726,0.0286,2.288e-17,0.036,0.817808,0.053,1.84037,0.138,0.310041,0.159,0.393373,0.437,0.0137076,0.0534,0.334928,0.0765,8.12028,1.42,2.1994,0.382,0.506245,0.0147,0.485788,0.0184,0.0943206,0.109,0.510815,0.0143
"BOR2019","PBE0",1,FALSE,0.546483,0.0293,1.31592e-17,0.037,0.835099,0.059,1.81037,0.106,0.0232079,0.0844,1.17495,0.535,0.0385,0.0501,0.492861,0.0494,10.4411,2.38,2.25995,0.402,0.5298,0.015,0.530669,0.0174,0.0232538,0.0374,0.53067,0.0149
"BOR2019","PBE0_mix",1,FALSE,0.592634,0.0297,-3.35153e-17,0.0384,0.870568,0.0508,1.96739,0.145,0.0181296,0.171,0.22287,0.34,0.0215931,0.0481,0.477122,0.0566,6.94006,0.876,2.16384,0.386,0.51065,0.0139,0.510417,0.0161,-0.000300238,0.092,0.51065,0.0138
"NAR2019","G4MP2",1,FALSE,0.766422,0.0332,4.22201e-18,0.0471,1.04153,0.0474,2.18005,0.086,-0.11566,0.12,-0.493135,0.234,0.0111127,0.0413,0.403929,0.0558,4.82499,0.859,1.12642,0.267,0.475253,0.0128,0.478175,0.014,-0.0926276,0.0754,0.478237,0.0128
"NAR2019","B3LYP",1,FALSE,2.43417,0.118,-1.14514e-17,0.168,3.54676,0.334,6.61935,0.421,-0.0401765,0.65,2.01024,0.959,0.0880747,0.0465,0.398759,0.0517,17.7967,7.76,0.879711,0.315,0.473534,0.0178,0.474275,0.0181,-0.265296,0.533,0.475996,0.0174
"NAR2019","M06-2X",1,FALSE,2.4212,0.0962,-1.6701e-17,0.148,3.15558,0.239,5.49975,0.293,-0.174168,1.11,1.41744,0.736,0.108755,0.0403,0.211217,0.0747,11.2049,5.44,-0.286466,0.151,0.404832,0.0162,0.409419,0.0209,-2.28461,0.963,0.443016,0.0197
"NAR2019","wB97X-D",1,FALSE,1.71865,0.0861,-1.69863e-17,0.12,2.53995,0.287,4.40658,0.483,-1.14887,0.687,2.7917,1.13,0.191148,0.047,0.428629,0.0806,24.4745,10.6,0.670531,0.278,0.458133,0.0211,0.498274,0.0259,-1.26598,0.391,0.499603,0.0197
"PER2018","B3LYP",1,FALSE,0.974721,0.0762,3.83964e-18,0.0995,1.50561,0.123,3.71078,0.468,-0.225671,0.0718,1.72051,0.27,0.349848,0.0708,0.620253,0.0451,7.20512,1.14,4.9018,1,0.537085,0.0179,0.611886,0.0194,-0.33954,0.0557,0.62198,0.0168
"PER2018","B97-1",1,FALSE,0.695491,0.051,-3.49658e-17,0.0686,1.04472,0.0782,2.62835,0.289,0.145893,0.119,0.349286,0.356,-0.0919514,0.0735,0.556716,0.0691,6.25255,0.669,3.19313,0.663,0.524387,0.0178,0.54544,0.0204,0.180294,0.0616,0.547008,0.0174
"PER2018","BH&HLYP",1,FALSE,2.63216,0.144,1.3279e-18,0.228,3.45487,0.249,7.2135,0.685,-2.08779,0.258,1.59528,0.245,0.556206,0.0455,0.653726,0.0434,5.94314,1.25,0.516624,0.539,0.402228,0.0221,0.601075,0.0189,-2.08792,0.13,0.601075,0.0173
"PER2018","BLYP",1,FALSE,1.4219,0.103,-4.04691e-17,0.14,2.14401,0.162,5.23282,0.519,0.548407,0.441,-0.926509,0.305,-0.154846,0.0701,0.598862,0.0925,6.25981,0.79,3.51309,0.631,0.533561,0.0189,0.548666,0.0222,0.548609,0.249,0.548667,0.0182
"PER2018","CAM-B3LYP",1,FALSE,1.02189,0.0747,4.07553e-17,0.103,1.532,0.119,3.56692,0.407,-0.494639,0.057,1.62101,0.298,0.473264,0.0656,0.711113,0.0338,6.71601,1.07,5.07528,1.22,0.513616,0.0181,0.648003,0.0169,-0.501211,0.0225,0.648201,0.0158
"PER2018","LC-ωPBE",1,FALSE,0.996845,0.0799,-5.96043e-18,0.109,1.60519,0.146,3.93324,0.537,-0.294409,0.0457,1.4733,0.47,0.313677,0.0884,0.665279,0.0424,8.8921,1.72,5.29101,1.29,0.555244,0.0202,0.633232,0.0194,-0.325895,0.0329,0.633967,0.0188
"PER2018","PBE",1,FALSE,1.88963,0.12,1.00499e-17,0.174,2.66769,0.195,5.7152,0.637,1.30138,0.446,-1.31523,0.23,-0.215588,0.0607,0.481515,0.0677,5.98803,0.853,1.94835,0.52,0.480361,0.0201,0.531208,0.0228,1.2884,0.315,0.531347,0.0208
"PER2018","PBE0",1,FALSE,0.879599,0.0719,-6.75233e-18,0.0939,1.39679,0.137,3.05656,0.575,-0.0689285,0.128,2.07975,0.299,0.325523,0.0732,0.556104,0.0725,9.47577,1.44,4.63625,1.19,0.543586,0.0234,0.570236,0.0256,-0.294591,0.0496,0.608003,0.0215
"PER2018","PW86PBE",1,FALSE,1.68569,0.115,2.86014e-17,0.16,2.45756,0.197,5.84482,0.744,1.29807,0.409,-1.40876,0.264,-0.246352,0.0662,0.379819,0.0832,6.81649,1.01,2.5537,0.563,0.4951,0.0213,0.531234,0.0215,0.893339,0.299,0.535038,0.0204
"SCH2018","LDA",1,FALSE,0.273295,0.0151,-5.7703e-18,0.024,0.346515,0.0177,0.650989,0.0355,0.00324659,0.0873,0.251199,0.158,0.00939673,0.0543,0.259801,0.064,2.98007,0.327,-0.0184563,0.296,0.427292,0.0191,0.42758,0.0173,0.00343118,0.099,0.427582,0.0166
"SCH2018","PBE",1,FALSE,0.148468,0.0072,-3.8263e-18,0.0128,0.180881,0.00832,0.344104,0.0239,0.118563,0.103,0.209696,0.138,0.0208601,0.0686,0.170496,0.0755,2.64211,0.2,-0.274731,0.206,0.38181,0.0182,0.410272,0.0178,0.129682,0.122,0.410735,0.0149
"SCH2018","RPBE",1,FALSE,0.153203,0.00713,1.10988e-17,0.0128,0.183308,0.00752,0.340758,0.021,-0.0815241,0.0568,0.118715,0.124,0.120226,0.0761,0.291151,0.0735,2.31068,0.167,-0.511978,0.208,0.367232,0.0182,0.425971,0.0221,-0.123088,0.0601,0.430761,0.0177
"SCH2018","vdW-DF2",1,FALSE,0.203058,0.0103,-4.37225e-18,0.0171,0.250901,0.0116,0.51185,0.0417,0.0376231,0.0972,-0.209644,0.135,-0.0978963,0.0643,0.270966,0.0684,2.76959,0.198,0.0633885,0.256,0.396703,0.0169,0.412559,0.0184,0.117269,0.109,0.426012,0.0168
"SCH2018","BEEF-vdW",1,FALSE,0.14127,0.00729,3.84419e-18,0.0122,0.174396,0.00757,0.319804,0.0133,0.0619621,0.0379,-0.151031,0.116,-0.098097,0.0572,0.241735,0.0708,2.43623,0.178,-0.235437,0.259,0.405613,0.0178,0.430655,0.0205,0.0624354,0.039,0.430675,0.0177
"SCH2018","mBEEF",1,FALSE,0.124497,0.00783,-1.05188e-18,0.0119,0.165743,0.0112,0.341638,0.0386,-0.0657811,0.042,-0.162834,0.312,0.0393034,0.0642,0.361789,0.065,4.51336,0.617,0.622564,0.477,0.450309,0.0211,0.455674,0.0199,-0.0496682,0.0365,0.456527,0.0187
"SCH2018","mBEEF-vdW",1,FALSE,0.161072,0.00897,-8.89074e-18,0.0147,0.205547,0.0113,0.398252,0.0267,0.115366,0.0674,-0.294169,0.2,-0.0672919,0.0633,0.252493,0.0705,3.41033,0.416,0.244307,0.32,0.423089,0.0192,0.447456,0.0193,0.116059,0.0605,0.447469,0.0184
"THA2015","M11",1,FALSE,2.96633,0.293,-2.33288e-17,0.406,4.51135,0.491,10.2585,1.38,-0.98225,0.777,-0.746417,0.591,-0.0474316,0.0979,0.414739,0.1,7.28512,1.69,3.15882,0.875,0.539709,0.0242,0.521669,0.026,0.0230739,0.62,0.539765,0.0237
"THA2015","M06-2X",1,FALSE,2.88252,0.284,1.61875e-17,0.389,4.35555,0.451,10.1405,1.32,0.328834,1.1,-0.633117,0.515,-0.122772,0.0931,0.56666,0.0984,6.63275,1.23,3.1634,0.781,0.528475,0.0223,0.537315,0.0262,0.437539,0.814,0.537939,0.0224
"THA2015","ωB97",1,FALSE,3.14655,0.279,1.79852e-16,0.396,4.50487,0.419,11.0936,1.47,-0.84097,1.31,-0.578247,0.425,-0.128616,0.0881,0.370609,0.0889,5.72887,0.796,2.16485,0.675,0.490355,0.0228,0.4786,0.0252,1.06313,1.06,0.505269,0.0225
"THA2015","LC-τHCTH",1,FALSE,3.0028,0.273,1.57667e-17,0.386,4.35955,0.424,10.5787,1.48,-0.893639,1.29,-0.470569,0.482,-0.0415871,0.0899,0.427501,0.0937,6.12724,0.934,2.11694,0.693,0.499285,0.0243,0.496757,0.0266,-0.29186,0.971,0.503818,0.0225
"THA2015","HISS",1,FALSE,2.81831,0.278,-3.85976e-17,0.381,4.26416,0.438,10.2263,1.32,0.711833,1.1,-0.589693,0.516,-0.0911462,0.0952,0.532978,0.0983,6.60914,1.16,2.98464,0.758,0.531784,0.0224,0.531667,0.0273,0.710709,0.746,0.531668,0.0217
"THA2015","LC-ωPBE",1,FALSE,3.05814,0.281,-5.20674e-17,0.393,4.46345,0.427,10.9746,1.4,1.1399,1.01,-0.730193,0.428,-0.142464,0.0887,0.530001,0.0795,5.95485,0.933,2.49345,0.741,0.509183,0.0232,0.522006,0.0262,1.14715,0.786,0.522045,0.0226
"THA2015","MP2",1,FALSE,2.98549,0.283,1.54985e-17,0.39,4.41376,0.434,10.8506,1.56,1.41734,0.79,-0.148973,0.512,-0.1528,0.0939,0.499011,0.0679,6.19203,0.845,2.73518,0.804,0.509335,0.0231,0.538566,0.0249,1.2037,0.55,0.540666,0.0229
"WU2015","HF",1,FALSE,2.22373,0.165,-1.41455e-16,0.219,2.95344,0.242,6.0145,0.583,-0.220829,0.888,-0.860418,0.319,-0.0450803,0.0744,0.326202,0.0843,4.8253,1.16,0.462105,0.388,0.447286,0.023,0.451795,0.0221,-0.222087,0.841,0.4518,0.0214
"WU2015","MP2",1,FALSE,0.391309,0.0247,-1.19158e-17,0.0417,0.490682,0.0311,0.995101,0.109,-0.205492,0.225,-0.00829299,0.217,0.0294694,0.0805,0.228798,0.0753,3.2394,0.379,0.133914,0.347,0.402421,0.0228,0.426707,0.0187,-0.204603,0.242,0.426727,0.0176
"WU2015","LSDA",1,FALSE,1.71497,0.151,4.77647e-17,0.208,2.46844,0.26,5.44632,0.881,0.298725,0.8,0.0973131,0.641,-0.0976965,0.0877,0.41325,0.0852,7.1607,1.22,1.45447,0.757,0.475712,0.027,0.485039,0.0258,0.297396,0.737,0.485045,0.0242
"WU2015","PBE",1,FALSE,1.64211,0.154,1.18739e-17,0.205,2.43847,0.258,5.52114,0.901,0.501496,0.391,-0.141512,0.643,-0.138175,0.0878,0.430899,0.0673,7.1795,1.17,1.95276,0.847,0.508955,0.0263,0.525181,0.0261,0.489718,0.333,0.525311,0.0247
"WU2015","HCTH",1,FALSE,1.69161,0.153,3.37793e-17,0.207,2.47668,0.257,5.5664,0.894,0.478995,0.687,-0.109356,0.629,-0.117853,0.0867,0.500393,0.0751,6.99659,1.14,1.59873,0.806,0.497997,0.0267,0.505943,0.0243,0.448718,0.576,0.506102,0.0236
"WU2015","N12",1,FALSE,1.83822,0.165,-2.67088e-17,0.221,2.67712,0.256,6.19721,0.925,0.480448,0.433,-0.449214,0.504,-0.18715,0.0828,0.499806,0.0675,6.06346,0.914,2.20383,0.835,0.506135,0.0231,0.53245,0.0247,0.556375,0.31,0.532902,0.0219
"WU2015","revTPSS",1,FALSE,1.61105,0.152,3.1566e-17,0.199,2.39179,0.244,5.62834,0.886,0.738327,0.233,-0.445695,0.578,-0.212644,0.0874,0.517719,0.0741,6.73636,1.04,2.1644,0.941,0.513852,0.0257,0.545971,0.0254,0.593674,0.145,0.552006,0.0244
"WU2015","tHCTH",1,FALSE,1.72178,0.158,1.15509e-17,0.21,2.53043,0.259,5.80439,0.943,0.67653,0.471,-0.278621,0.596,-0.168484,0.0865,0.494384,0.0696,6.76974,1.06,1.87079,0.832,0.504149,0.0258,0.526764,0.025,0.66376,0.368,0.526816,0.0235
"WU2015","M11-L",1,FALSE,2.25107,0.168,1.26934e-17,0.247,3.04435,0.266,6.16395,0.817,1.37488,0.396,0.0224414,0.486,-0.245645,0.0825,0.479281,0.0656,5.33311,0.989,0.756957,0.687,0.449968,0.0249,0.526123,0.0237,1.36987,0.26,0.526152,0.0215
"WU2015","MN12-L",1,FALSE,2.15255,0.168,3.61301e-18,0.235,2.95748,0.246,6.86011,0.877,0.616183,0.632,-0.583207,0.383,-0.258783,0.0712,0.460822,0.0693,4.89458,0.682,1.20574,0.697,0.467207,0.0228,0.516093,0.0233,1.04656,0.502,0.517286,0.0207
"WU2015","PBE0",1,FALSE,1.44238,0.125,1.04562e-17,0.166,2.05596,0.189,4.72775,0.665,0.681416,0.25,-0.467009,0.454,-0.276812,0.0816,0.476236,0.0641,5.57829,0.817,2.11639,0.73,0.48672,0.0204,0.548306,0.0256,0.595532,0.168,0.55066,0.0233
"WU2015","mPW1PW",1,FALSE,1.45097,0.125,1.55886e-17,0.166,2.06136,0.187,4.76415,0.654,0.383452,0.244,-0.545463,0.435,-0.28841,0.0806,0.501942,0.0626,5.45538,0.797,2.10706,0.715,0.484882,0.0203,0.537381,0.0243,0.631804,0.159,0.551002,0.0223
"WU2015","B3LYP",1,FALSE,1.45667,0.129,2.70183e-17,0.17,2.09711,0.197,4.79506,0.695,0.424076,0.342,-0.492714,0.488,-0.267104,0.0812,0.502008,0.0695,5.82023,0.88,1.98868,0.785,0.49678,0.022,0.538977,0.0277,0.581429,0.245,0.544221,0.0225
"WU2015","B3PW91",1,FALSE,1.46608,0.13,1.12039e-17,0.171,2.10853,0.196,4.92927,0.699,0.523458,0.282,-0.542412,0.462,-0.271882,0.0816,0.498797,0.0621,5.73578,0.846,2.20107,0.748,0.492559,0.021,0.549741,0.026,0.523641,0.208,0.549742,0.0236
"WU2015","B97-2",1,FALSE,1.49364,0.132,7.81523e-18,0.173,2.14572,0.198,4.98643,0.707,0.964395,0.209,-0.558034,0.453,-0.278292,0.0799,0.502352,0.0629,5.63349,0.835,2.37618,0.788,0.494341,0.0207,0.54197,0.022,0.604581,0.132,0.556774,0.0214
"WU2015","M06",1,FALSE,1.27937,0.109,-3.20326e-18,0.145,1.80701,0.18,3.7941,0.613,-0.0397693,0.427,0.268318,0.568,-0.12326,0.0791,0.338385,0.0978,6.41045,1.23,1.15665,0.793,0.485079,0.0257,0.481356,0.0268,0.428119,0.357,0.498506,0.0216
"WU2015","M06-2X",1,FALSE,1.26209,0.0929,-4.59732e-17,0.131,1.67218,0.129,3.59415,0.398,0.38595,0.408,-0.333343,0.324,-0.194954,0.078,0.394603,0.0738,4.19222,0.56,0.629251,0.502,0.44468,0.0218,0.479962,0.0247,0.55584,0.362,0.48514,0.0223
"WU2015","M06-HF",1,FALSE,1.5002,0.0999,3.99794e-17,0.15,1.92431,0.132,4.02666,0.396,1.58962,0.432,-0.692617,0.216,-0.243288,0.0655,0.386037,0.0919,3.67396,0.483,0.349738,0.387,0.417427,0.0216,0.483348,0.0259,1.09926,0.24,0.503775,0.0219
"WU2015","SOGGA11X",1,FALSE,1.44126,0.113,-6.68527e-17,0.155,1.97173,0.158,4.58148,0.449,0.487013,0.268,-0.677901,0.327,-0.302467,0.0754,0.467304,0.0592,4.52603,0.637,1.38567,0.621,0.467929,0.0205,0.519845,0.0231,0.865124,0.187,0.531817,0.021
"WU2015","tHCTHhyb",1,FALSE,1.5684,0.142,2.6948e-17,0.186,2.27911,0.216,5.34811,0.768,0.566943,0.177,-0.534457,0.484,-0.272953,0.0837,0.497757,0.0576,5.92238,0.887,2.43211,0.826,0.500157,0.0209,0.56042,0.0242,0.569503,0.11,0.560424,0.0231
"WU2015","BMK",1,FALSE,1.59653,0.117,3.94321e-17,0.168,2.11816,0.151,4.7594,0.372,0.533807,0.459,-0.702785,0.23,-0.223998,0.0691,0.457785,0.0779,3.85011,0.538,0.764819,0.462,0.45365,0.0206,0.490769,0.0239,0.787524,0.425,0.493574,0.022
"WU2015","TPSSh",1,FALSE,1.52237,0.142,-3.69436e-17,0.184,2.24685,0.221,5.27913,0.776,0.426497,0.187,-0.467869,0.523,-0.227081,0.0851,0.511058,0.0588,6.271,0.952,2.4721,0.891,0.513174,0.0221,0.555583,0.0239,0.440453,0.132,0.555862,0.0232
"WU2015","LC-rTPSS",1,FALSE,1.12352,0.081,-2.41515e-17,0.115,1.48334,0.11,3.22751,0.316,0.339411,0.433,-0.242711,0.276,-0.148903,0.0678,0.372485,0.0769,3.99771,0.517,0.807791,0.422,0.445112,0.0221,0.47252,0.0233,0.339427,0.349,0.47252,0.0213
"WU2015","LC-wPBE",1,FALSE,1.0923,0.0785,9.51107e-18,0.113,1.43525,0.0993,3.24744,0.259,0.596193,0.333,-0.255351,0.215,-0.174323,0.0755,0.389397,0.0781,3.58129,0.371,1.109,0.427,0.444236,0.0187,0.486872,0.0233,0.526456,0.247,0.48794,0.0212
"WU2015","LC-N12",1,FALSE,1.21995,0.0896,-3.05969e-17,0.125,1.627,0.124,3.51843,0.352,0.569119,0.351,-0.542628,0.281,-0.17297,0.0736,0.422042,0.0747,4.25009,0.679,0.924296,0.487,0.453404,0.022,0.492155,0.0247,0.579309,0.263,0.492339,0.0226
"WU2015","LC-HCTH",1,FALSE,1.1329,0.0884,-3.00376e-17,0.117,1.54225,0.132,3.46162,0.37,0.688311,0.35,-0.591388,0.347,-0.147992,0.0721,0.446907,0.0715,5.02085,0.892,1.1776,0.537,0.460632,0.0235,0.495727,0.0248,0.688047,0.253,0.495728,0.0228
"WU2015","LC-tHCTH",1,FALSE,1.28436,0.0979,-4.81087e-17,0.131,1.73067,0.14,3.67499,0.389,0.330242,0.271,-0.598404,0.322,-0.136586,0.0661,0.29787,0.0769,4.62621,0.868,0.726697,0.443,0.462923,0.0241,0.478832,0.0245,0.310628,0.275,0.478905,0.0229
"WU2015","M11",1,FALSE,1.3117,0.0858,-2.01736e-17,0.131,1.65733,0.114,3.40505,0.369,1.32727,0.72,-0.0724177,0.26,-0.117861,0.0781,0.294554,0.0864,3.504,0.431,0.0712273,0.367,0.403648,0.0226,0.457106,0.0247,1.17046,0.608,0.461323,0.0235
"WU2015","CAM-B3LYP",1,FALSE,1.2891,0.103,-5.47335e-19,0.139,1.76274,0.143,4.00232,0.449,0.480041,0.257,-0.511671,0.342,-0.261912,0.0728,0.467954,0.0697,4.52764,0.618,1.31493,0.542,0.467576,0.0201,0.52291,0.0227,0.514471,0.188,0.523498,0.0207
"WU2015","wB97XD",1,FALSE,1.32583,0.104,-1.94259e-17,0.143,1.7934,0.143,4.00257,0.435,0.601555,0.346,-0.449469,0.343,-0.240654,0.0735,0.444447,0.0784,4.43279,0.602,1.04679,0.516,0.45869,0.0208,0.513015,0.0261,0.634653,0.248,0.51357,0.0221
"WU2015","wB97",1,FALSE,1.19066,0.0859,-3.13147e-17,0.125,1.56486,0.106,3.45613,0.256,0.306768,0.325,-0.302187,0.205,-0.17426,0.0671,0.408587,0.073,3.48145,0.367,0.942626,0.411,0.449951,0.0192,0.482321,0.0225,0.340788,0.265,0.482603,0.0206
"WU2015","wB97X",1,FALSE,1.21633,0.092,-1.10693e-17,0.129,1.62308,0.118,3.52692,0.36,0.509521,0.317,-0.373685,0.252,-0.181111,0.0684,0.421811,0.0756,3.79625,0.437,0.986203,0.454,0.460884,0.0203,0.494227,0.0229,0.52404,0.233,0.494367,0.0202
"WU2015","N12-SX",1,FALSE,1.60192,0.134,-4.68076e-19,0.179,2.24179,0.192,5.21003,0.635,0.937059,0.293,-0.654349,0.36,-0.27823,0.0778,0.471405,0.0926,4.99324,0.704,2.02254,0.604,0.476511,0.0204,0.548278,0.0244,0.936576,0.177,0.548279,0.0223
"WU2015","MN12-SX",1,FALSE,1.74551,0.137,-1.04801e-17,0.191,2.40616,0.206,5.46197,0.733,1.28911,0.534,-0.441515,0.432,-0.247393,0.0734,0.538572,0.0783,5.1239,0.758,1.27067,0.72,0.468386,0.0236,0.525276,0.0244,1.21258,0.36,0.526268,0.0206
"WU2015","HSE06",1,FALSE,1.4542,0.127,2.99001e-17,0.168,2.07869,0.193,4.77634,0.682,0.688417,0.247,-0.450258,0.466,-0.263595,0.0817,0.485101,0.0677,5.67945,0.836,2.09427,0.737,0.48846,0.0209,0.547137,0.0251,0.627509,0.153,0.548716,0.0231
"WU2015","HISS",1,FALSE,1.47188,0.118,9.25983e-18,0.157,2.02269,0.157,4.66248,0.421,0.24964,0.405,-0.632053,0.269,-0.197772,0.0704,0.4385,0.068,4.25826,0.573,1.38919,0.503,0.481792,0.0209,0.501626,0.023,0.718735,0.287,0.512312,0.0197
"ZAS2019","HF",1,FALSE,2.2859,0.0252,-3.02917e-17,0.0385,2.96856,0.0356,5.86943,0.0805,0.189405,0.413,-0.4553,0.0599,-0.0682812,0.0115,0.311521,0.0146,4.32876,0.205,0.279683,0.0563,0.433851,0.00347,0.43617,0.00486,1.16725,0.289,0.440359,0.00367
"ZAS2019","MP2",1,FALSE,1.27513,0.0124,-5.17311e-17,0.0211,1.60586,0.0148,3.17553,0.0544,-0.178421,0.162,0.0891524,0.0317,0.00567149,0.0112,0.249023,0.0155,3.14182,0.0603,0.0492874,0.0595,0.416417,0.00332,0.415818,0.00333,-0.0243457,0.361,0.416475,0.00343
"ZAS2019","SLATM_L2",1,FALSE,1.26605,0.0254,-3.83841e-17,0.032,2.43561,0.0789,4.65787,0.139,-0.121054,0.127,0.819422,0.535,0.0474222,0.0213,0.633488,0.0124,28.1516,2.66,4.34635,0.232,0.604608,0.00559,0.605315,0.00672,-0.070516,0.0207,0.605756,0.00558
"ZHA2018","PBE",1,FALSE,0.092325,0.0061,9.17285e-19,0.00858,0.128098,0.0106,0.287407,0.0376,0.061382,0.0527,-1.07837,0.401,-0.137745,0.0709,0.349972,0.0838,6.57984,1.43,1.0163,0.434,0.45664,0.0226,0.47879,0.0239,0.0598909,0.0408,0.478923,0.0209
"ZHA2018","SCAN",1,FALSE,0.091706,0.00632,-1.27096e-18,0.0087,0.126759,0.00934,0.27631,0.0257,0.0585942,0.0414,-0.395693,0.355,-0.0823147,0.067,0.32941,0.0798,5.27344,0.864,1.27156,0.407,0.470805,0.0193,0.475274,0.02,0.0414292,0.0295,0.48135,0.0184
"BOR2019","LDA",-1,TRUE,1.15799,0.0467,1.14292,0.0473,1.05128,0.0947,3.13916,0.198,0.86385,0.14,2.73109,0.652,0.302598,0.0428,0.479903,0.0618,16.8286,6.25,1.42947,0.45,0.421349,0.0156,0.530046,0.0215,0.853774,0.107,0.530144,0.0177
"BOR2019","LDA + SOC",-1,TRUE,1.22925,0.0464,1.22148,0.0467,1.04249,0.0956,3.21457,0.201,1.19965,0.194,2.78726,0.668,0.309062,0.0462,0.425917,0.0611,17.3525,6.5,1.51316,0.457,0.396974,0.0152,0.497636,0.0228,0.868035,0.11,0.532866,0.0179
"BOR2019","PBE",-1,TRUE,1.04289,0.0442,1.01722,0.0452,1.00635,0.0948,2.91585,0.182,0.69495,0.147,2.81122,0.734,0.283199,0.0431,0.502475,0.0627,18.3265,7.22,1.46168,0.458,0.438684,0.0161,0.531246,0.021,0.662283,0.1,0.531999,0.0178
"BOR2019","PBE + SOC",-1,TRUE,1.11516,0.044,1.10412,0.0444,0.993489,0.0961,2.9993,0.189,0.7578,0.186,2.92303,0.757,0.298653,0.0443,0.519326,0.0631,19.2744,7.65,1.49806,0.464,0.41195,0.0156,0.529944,0.0226,0.7299,0.116,0.530499,0.0182
"BOR2019","PBE_SOL",-1,TRUE,1.10785,0.0451,1.08923,0.0458,1.01987,0.0907,3.04111,0.185,0.91605,0.131,2.66013,0.656,0.278356,0.0423,0.436438,0.0648,16.4343,6.22,1.38555,0.45,0.427523,0.0157,0.518428,0.0202,0.73227,0.119,0.527582,0.0175
"BOR2019","HLE16",-1,TRUE,0.588422,0.0335,0.36279,0.0405,0.864634,0.0787,1.84569,0.171,-0.01815,0.0805,2.64219,0.648,0.315407,0.042,0.476165,0.0414,17.4703,5.25,1.47668,0.382,0.534245,0.0172,0.53387,0.0178,-0.0023239,0.0357,0.534251,0.0171
"BOR2019","HLE16 + SOC",-1,TRUE,0.599376,0.035,0.500243,0.0384,0.82667,0.0846,1.91246,0.173,0.0692,0.104,3.12246,0.727,0.360645,0.0422,0.558219,0.041,21.5139,6.59,1.52682,0.394,0.544342,0.0168,0.553947,0.0191,0.0861603,0.0472,0.554389,0.0174
"BOR2019","BJ",-1,TRUE,0.781542,0.0359,0.717527,0.0381,0.844736,0.0715,2.27433,0.183,0.42405,0.0509,2.46762,0.597,0.306077,0.0455,0.492302,0.0418,14.9065,5.33,1.59812,0.462,0.462874,0.016,0.531011,0.0185,0.424107,0.0385,0.531012,0.0178
"BOR2019","mBJ",-1,TRUE,0.486864,0.0217,0.211839,0.0299,0.646742,0.0351,1.39021,0.075,0.14955,0.0933,0.925022,0.312,0.14856,0.0409,0.383959,0.0469,6.4331,1.36,0.669759,0.279,0.481961,0.0141,0.474848,0.0153,0.0663725,0.0609,0.482692,0.014
"BOR2019","SCAN",-1,TRUE,0.80349,0.0379,0.732903,0.0404,0.895989,0.0854,2.39354,0.178,0.46595,0.143,2.77057,0.766,0.270415,0.0436,0.496861,0.0503,18.724,7.45,1.4436,0.442,0.469045,0.0167,0.523441,0.02,0.393282,0.0757,0.5269,0.0177
"BOR2019","HSE06",-1,TRUE,0.517284,0.0289,0.0885455,0.0363,0.820106,0.073,1.66327,0.145,0.08515,0.0631,2.30135,0.786,0.123778,0.0496,0.512837,0.0403,16.7336,6.81,2.55104,0.484,0.540369,0.0163,0.540528,0.0185,0.0471253,0.0396,0.542608,0.0164
"BOR2019","HSE14",-1,TRUE,0.564166,0.0276,-0.181797,0.0355,0.801897,0.0537,1.79075,0.117,0.08515,0.2,0.874909,0.571,0.039136,0.0542,0.344563,0.0874,9.87782,2.71,2.27798,0.394,0.506444,0.0144,0.492293,0.0173,-0.0992221,0.117,0.513067,0.014
"BOR2019","HSE_mix",-1,TRUE,0.635009,0.0306,-0.379543,0.0378,0.829499,0.0454,1.94714,0.116,-0.0111,0.119,-0.702857,0.324,-0.140314,0.0459,0.433287,0.067,6.79522,1.25,1.93079,0.379,0.512084,0.0143,0.514424,0.016,-0.136994,0.0631,0.522954,0.0131
"BOR2019","PBE0",-1,TRUE,0.77045,0.0274,-0.482037,0.0373,0.841747,0.0697,1.80292,0.115,-0.55945,0.0851,1.99042,0.709,0.143413,0.0497,0.553293,0.0581,14.5143,5.38,2.73724,0.469,0.373806,0.0143,0.543448,0.0197,-0.55491,0.0506,0.543487,0.0162
"BOR2019","PBE0_mix",-1,TRUE,0.811106,0.0364,-0.604385,0.0433,0.94586,0.0485,2.41673,0.14,-0.3911,0.144,-1.06415,0.222,-0.196232,0.0424,0.481522,0.0404,6.0762,0.921,1.73118,0.371,0.47249,0.0133,0.51413,0.014,-0.3793,0.0758,0.514202,0.0132
"NAR2019","G4MP2",-1,TRUE,0.794096,0.0334,-0.0605882,0.0475,1.05669,0.0461,2.20896,0.0869,-0.19,0.163,-0.34753,0.215,0.0329609,0.0458,0.367233,0.05,4.43323,0.72,0.93653,0.258,0.457231,0.0125,0.467658,0.0135,-0.19,0.105,0.467658,0.0124
"NAR2019","B3LYP",-1,TRUE,3.9907,0.153,3.61366,0.174,3.67446,0.321,9.25029,0.552,3.03,0.792,1.90949,0.824,0.10259,0.0456,0.394917,0.0501,15.4453,6.5,0.924018,0.295,0.400101,0.0156,0.471104,0.0171,2.98982,0.623,0.471161,0.0162
"NAR2019","M06-2X",-1,TRUE,2.70521,0.0994,-0.0874728,0.166,3.45605,0.202,6.09626,0.457,-3.73,1.92,1.24202,0.417,0.16577,0.0487,0.227188,0.107,7.11665,2.75,-0.205081,0.178,0.394859,0.0142,0.45578,0.027,-2.89077,1.42,0.468952,0.0257
"NAR2019","wB97X-D",-1,TRUE,1.85431,0.0919,0.52329,0.128,2.65402,0.253,5.17825,0.377,-0.51,0.558,2.12997,0.929,0.178147,0.0439,0.388783,0.0605,17.6604,7.74,0.533325,0.233,0.467922,0.018,0.482543,0.02,-0.520528,0.427,0.482555,0.0183
"PER2018","B3LYP",-1,TRUE,1.18192,0.0899,0.979282,0.0997,1.51033,0.123,4.48649,0.489,0.710385,0.111,1.61399,0.298,0.301324,0.0742,0.640308,0.0458,7.25745,1.11,4.92539,0.958,0.514906,0.0196,0.613777,0.0198,0.690597,0.0564,0.614263,0.017
"PER2018","B97-1",-1,TRUE,0.85462,0.0521,0.505927,0.0688,1.05144,0.0817,2.67039,0.354,0.838437,0.119,0.25805,0.394,-0.122904,0.0767,0.465798,0.0755,6.68059,0.747,3.475,0.716,0.444017,0.0212,0.547248,0.0211,0.735327,0.054,0.555323,0.0179
"PER2018","BH&HLYP",-1,TRUE,4.83115,0.228,4.79177,0.232,3.49527,0.242,11.7445,0.609,3.0195,0.35,1.38893,0.248,0.416011,0.0522,0.58382,0.0573,5.63346,1.08,0.602025,0.48,0.368374,0.015,0.56114,0.0199,2.84497,0.156,0.563857,0.0182
"PER2018","BLYP",-1,TRUE,1.62697,0.101,0.410879,0.144,2.23232,0.173,5.32572,0.557,1.57943,0.453,-1.2904,0.274,-0.24112,0.0672,0.483635,0.0717,6.59308,0.865,3.46987,0.784,0.464651,0.0199,0.554668,0.0203,1.27165,0.268,0.571115,0.0177
"PER2018","CAM-B3LYP",-1,TRUE,0.90408,0.0906,0.551142,0.103,1.54311,0.12,4.13278,0.367,0.00133929,0.0668,1.77813,0.257,0.572355,0.0575,0.752781,0.035,6.61096,1.1,5.10117,1.29,0.663176,0.015,0.662986,0.0156,-0.054344,0.0293,0.667151,0.0148
"PER2018","LC-ωPBE",-1,TRUE,1.0939,0.095,0.730925,0.113,1.66974,0.144,4.33805,0.514,0.267,0.125,1.72467,0.352,0.447076,0.0644,0.616897,0.0507,8.01181,1.8,2.81735,0.817,0.603288,0.018,0.602333,0.0196,0.183972,0.0939,0.609759,0.0183
"PER2018","PBE",-1,TRUE,2.79157,0.156,-2.53265,0.174,2.66783,0.196,8.06469,0.83,-1.2735,0.451,-1.33498,0.23,-0.218689,0.0608,0.491952,0.0699,6.04098,0.86,1.9695,0.52,0.423151,0.0178,0.531738,0.0229,-1.25991,0.324,0.531848,0.0207
"PER2018","PBE0",-1,TRUE,0.924562,0.0739,0.236388,0.0965,1.44198,0.12,3.2688,0.497,-0.01,0.157,1.77438,0.206,0.349149,0.063,0.556581,0.0628,7.18707,1.01,2.99403,0.865,0.565213,0.0213,0.567521,0.0241,-0.139464,0.0852,0.580816,0.0201
"PER2018","PW86PBE",-1,TRUE,1.63516,0.123,-0.535453,0.16,2.4625,0.202,6.13537,0.889,0.836786,0.457,-1.48577,0.269,-0.261061,0.068,0.424646,0.0879,7.06366,1.06,2.68442,0.585,0.527692,0.0211,0.535653,0.0212,0.709696,0.322,0.539101,0.0203
"SCH2018","LDA",-1,TRUE,0.71559,0.0311,0.684615,0.0346,0.485566,0.0237,1.5148,0.0698,0.6,0.218,0.149173,0.139,0.0471041,0.0718,0.275841,0.0749,2.86641,0.219,0.137639,0.235,0.344717,0.0166,0.414076,0.0162,0.429924,0.232,0.425072,0.0157
"SCH2018","PBE",-1,TRUE,0.186872,0.0099,0.0932308,0.0156,0.212565,0.00942,0.418373,0.0235,0,0.0781,-0.11044,0.12,-0.00467329,0.06,0.146055,0.085,2.51269,0.176,-0.0896366,0.22,0.413896,0.02,0.413896,0.0165,0,0.098,0.413896,0.015
"SCH2018","RPBE",-1,TRUE,0.212308,0.0101,-0.171692,0.0134,0.188561,0.00756,0.463319,0.0208,-0.31,0.0622,0.109728,0.125,0.105782,0.072,0.249237,0.086,2.24945,0.163,-0.64345,0.203,0.375637,0.0184,0.449985,0.0271,-0.31,0.0578,0.449985,0.0213
"SCH2018","vdW-DF2",-1,TRUE,0.208821,0.0103,0.0232821,0.0174,0.254193,0.0113,0.503163,0.0347,0.13,0.109,-0.174864,0.131,-0.084259,0.0655,0.206566,0.0672,2.64248,0.185,-0.0591881,0.267,0.387643,0.0176,0.424544,0.0196,0.13,0.115,0.424544,0.0175
"SCH2018","BEEF-vdW",-1,TRUE,0.145692,0.00796,-0.00948718,0.013,0.182369,0.00825,0.340486,0.0119,0.02,0.0464,-0.168621,0.109,-0.0846877,0.0574,0.327137,0.0853,2.51562,0.173,-0.0883017,0.27,0.421127,0.0175,0.430229,0.0189,0.0395855,0.0436,0.430922,0.0169
"SCH2018","mBEEF",-1,TRUE,0.20559,0.00985,0.0578974,0.018,0.242119,0.0138,0.486251,0.0304,0.27,0.0683,-0.999891,0.137,-0.288409,0.0542,0.413562,0.0779,3.47969,0.461,0.238248,0.315,0.376259,0.0181,0.503024,0.023,0.229975,0.0328,0.513189,0.0165
"SCH2018","mBEEF-vdW",-1,TRUE,0.311538,0.013,0.226205,0.0211,0.284797,0.0141,0.636405,0.0226,0.38,0.12,-0.55838,0.13,-0.0511797,0.0586,0.384832,0.102,2.98577,0.326,0.00108744,0.286,0.341517,0.0164,0.444312,0.022,0.439595,0.119,0.452949,0.0187
"THA2015","M11",-1,TRUE,2.57033,0.205,0.795629,0.308,3.39237,0.263,7.76613,0.597,0.958086,0.799,-0.505504,0.217,-0.0342647,0.0794,0.478111,0.0953,4.0579,0.489,1.80465,0.456,0.485609,0.0213,0.497908,0.0226,0.757121,0.656,0.499157,0.0205
"THA2015","M06-2X",-1,TRUE,2.71894,0.198,1.26853,0.304,3.3224,0.264,7.74518,0.71,1.73131,1.14,-0.581043,0.234,-0.110813,0.081,0.403106,0.104,4.22594,0.518,1.51249,0.429,0.455988,0.0245,0.480746,0.0248,1.75474,0.98,0.480799,0.0204
"THA2015","ωB97",-1,TRUE,2.79623,0.2,0.765036,0.318,3.52073,0.279,7.39867,0.76,-0.417985,1.31,-0.778725,0.264,-0.167735,0.0777,0.251905,0.097,4.24067,0.662,0.866133,0.461,0.43129,0.025,0.41909,0.0305,3.35837,1.14,0.465707,0.0259
"THA2015","LC-τHCTH",-1,TRUE,2.53692,0.194,0.396861,0.303,3.32272,0.255,7.21636,0.736,0.772751,1.3,-0.569983,0.247,-0.0677666,0.0775,0.270186,0.105,3.9919,0.506,0.723498,0.437,0.451183,0.0226,0.455048,0.0234,0.771963,1.11,0.455051,0.021
"THA2015","HISS",-1,TRUE,3.34696,0.197,2.3498,0.298,3.25491,0.26,7.35941,0.775,0.945442,1.11,-0.586988,0.245,-0.0638156,0.0912,0.214509,0.108,4.22366,0.502,1.42158,0.461,0.363041,0.021,0.441772,0.023,1.97353,0.967,0.472069,0.0205
"THA2015","LC-ωPBE",-1,TRUE,3.39436,0.192,2.05888,0.315,3.47746,0.281,7.70509,0.738,3.08092,0.844,-0.874766,0.246,-0.182031,0.0753,0.412995,0.0919,4.35386,0.66,1.16711,0.536,0.354149,0.0198,0.490219,0.0296,3.04592,0.651,0.490503,0.0241
"THA2015","MP2",-1,TRUE,2.6985,0.208,0.86079,0.318,3.51301,0.336,7.126,0.761,2.83005,1.15,0.185644,0.607,-0.111547,0.0875,0.353547,0.0863,6.07637,1.75,1.08017,0.639,0.4469,0.0268,0.480522,0.0255,2.49573,1.02,0.483453,0.0237
"WU2015","HF",-1,TRUE,4.23777,0.178,3.78434,0.219,2.95393,0.242,8.03235,0.329,3.58481,0.855,-0.86448,0.317,-0.040347,0.0745,0.32275,0.0852,4.80871,1.16,0.458033,0.387,0.301327,0.0176,0.452501,0.0227,3.54944,0.828,0.452751,0.0216
"WU2015","MP2",-1,TRUE,0.528828,0.0331,-0.413137,0.0424,0.496892,0.032,1.19666,0.0981,-0.486599,0.189,0.0703212,0.211,0.0451792,0.0662,0.216652,0.0789,3.27927,0.37,0.257432,0.368,0.386929,0.021,0.429969,0.0195,-0.487279,0.19,0.429982,0.0184
"WU2015","LSDA",-1,TRUE,6.54504,0.182,-6.44227,0.208,2.46859,0.261,11.2049,0.723,-6.21864,0.797,0.0876771,0.649,-0.0962549,0.0882,0.41287,0.0839,7.23479,1.23,1.49758,0.765,0.176795,0.0123,0.48538,0.0257,-6.19427,0.737,0.485527,0.0239
"WU2015","PBE",-1,TRUE,6.07853,0.182,-5.97534,0.205,2.4385,0.257,10.8023,0.7,-5.87104,0.376,-0.136565,0.64,-0.138538,0.0876,0.461123,0.0683,7.1452,1.16,1.93025,0.843,0.186088,0.0134,0.516733,0.026,-5.72735,0.323,0.520831,0.0247
"WU2015","HCTH",-1,TRUE,4.89123,0.182,-4.751,0.207,2.47686,0.255,9.62491,0.693,-4.651,0.695,-0.0976525,0.62,-0.117024,0.0866,0.395313,0.0747,6.91565,1.12,1.5534,0.796,0.234692,0.016,0.499012,0.0244,-4.29357,0.578,0.504653,0.0231
"WU2015","N12",-1,TRUE,3.96662,0.199,-3.77998,0.221,2.67785,0.26,9.20107,0.761,-2.71515,0.464,-0.479603,0.518,-0.189992,0.0835,0.534049,0.0665,6.19907,0.948,2.26826,0.859,0.313086,0.0193,0.528556,0.024,-3.21473,0.315,0.535994,0.0218
"WU2015","revTPSS",-1,TRUE,4.54596,0.179,-4.4243,0.199,2.39221,0.241,9.30503,0.749,-3.64979,0.252,-0.422611,0.565,-0.20867,0.0869,0.523422,0.0778,6.60496,1.01,2.10195,0.919,0.243914,0.0173,0.540649,0.0254,-3.85648,0.153,0.54945,0.0244
"WU2015","tHCTH",-1,TRUE,4.56102,0.187,-4.41272,0.21,2.53051,0.26,9.47006,0.739,-3.74594,0.467,-0.287798,0.601,-0.170032,0.0867,0.498385,0.0702,6.82334,1.08,1.8901,0.838,0.256731,0.0174,0.527733,0.025,-3.7463,0.368,0.527735,0.0233
"WU2015","M11-L",-1,TRUE,8.32375,0.226,-8.21527,0.25,3.09625,0.289,13.7747,0.58,-6.98807,0.464,0.0142444,0.539,-0.256182,0.0796,0.532803,0.0656,5.83435,1.09,0.985026,0.785,0.181269,0.0102,0.534085,0.0243,-6.85596,0.285,0.536172,0.0214
"WU2015","MN12-L",-1,TRUE,4.8955,0.218,-4.75786,0.236,2.96124,0.239,10.8512,0.748,-4.23768,0.676,-0.535034,0.359,-0.226673,0.0709,0.450415,0.0851,4.66969,0.629,1.12168,0.662,0.297436,0.0158,0.5013,0.0252,-3.87838,0.491,0.509801,0.021
"WU2015","PBE0",-1,TRUE,1.95734,0.145,-1.62696,0.166,2.05682,0.186,5.84478,0.441,-1.12176,0.216,-0.433553,0.439,-0.281248,0.0815,0.465193,0.0601,5.43989,0.784,2.04606,0.7,0.45205,0.0202,0.547918,0.0256,-1.09302,0.158,0.548412,0.0236
"WU2015","mPW1PW",-1,TRUE,1.75378,0.144,-1.3518,0.166,2.06187,0.184,5.70407,0.423,-0.927407,0.221,-0.519405,0.424,-0.291707,0.0807,0.482288,0.061,5.35134,0.771,2.05778,0.695,0.493671,0.0209,0.541588,0.0251,-0.748849,0.168,0.548659,0.0228
"WU2015","B3LYP",-1,TRUE,3.09774,0.154,-2.95951,0.17,2.09712,0.196,7.22442,0.486,-2.53412,0.341,-0.489757,0.487,-0.268039,0.0812,0.502081,0.0684,5.80649,0.876,1.98075,0.782,0.317377,0.0181,0.538737,0.0271,-2.3801,0.237,0.544137,0.0226
"WU2015","B3PW91",-1,TRUE,2.13647,0.152,-1.86233,0.171,2.10857,0.196,6.22743,0.501,-1.40871,0.278,-0.534427,0.459,-0.273384,0.0816,0.506852,0.0624,5.70237,0.838,2.18463,0.741,0.434852,0.0206,0.546168,0.0261,-1.3218,0.211,0.54939,0.0238
"WU2015","B97-2",-1,TRUE,1.94799,0.152,-1.59413,0.173,2.14604,0.196,6.06064,0.467,-0.79995,0.208,-0.537326,0.444,-0.280583,0.0796,0.502249,0.0643,5.5486,0.813,2.33249,0.77,0.470422,0.0207,0.551811,0.0225,-0.919203,0.142,0.55289,0.0216
"WU2015","M06",-1,TRUE,2.89294,0.127,-2.75598,0.145,1.80701,0.18,6.02337,0.442,-2.59075,0.429,0.26772,0.569,-0.123821,0.0791,0.384173,0.0996,6.41592,1.23,1.15637,0.793,0.297892,0.0162,0.495652,0.0272,-2.47394,0.356,0.497274,0.0216
"WU2015","M06-2X",-1,TRUE,1.244,0.0967,-0.26542,0.131,1.67328,0.131,3.85221,0.366,0.412783,0.396,-0.352969,0.334,-0.194596,0.0796,0.421281,0.0729,4.27347,0.581,0.619408,0.517,0.467844,0.0225,0.487394,0.0244,0.410453,0.348,0.487412,0.0226
"WU2015","M06-HF",-1,TRUE,1.74884,0.0988,0.813966,0.151,1.94655,0.138,4.15846,0.448,2.00392,0.451,-0.670496,0.232,-0.273481,0.0648,0.518599,0.0932,3.81737,0.522,0.616799,0.42,0.363398,0.0222,0.507967,0.0253,1.98546,0.261,0.508035,0.0216
"WU2015","SOGGA11X",-1,TRUE,1.49811,0.128,-0.837931,0.156,1.97982,0.151,5.16471,0.322,-0.341283,0.391,-0.592706,0.293,-0.24277,0.0779,0.481021,0.0664,4.22374,0.553,1.25021,0.563,0.516396,0.0205,0.503279,0.0226,-0.0477701,0.295,0.516888,0.0209
"WU2015","tHCTHhyb",-1,TRUE,2.97039,0.168,-2.79079,0.186,2.27917,0.217,7.52984,0.6,-2.19888,0.179,-0.543785,0.488,-0.27254,0.084,0.501595,0.0574,5.96223,0.898,2.45257,0.835,0.354012,0.0201,0.560339,0.0242,-2.21354,0.109,0.560708,0.0227
"WU2015","BMK",-1,TRUE,1.61535,0.131,-0.775162,0.168,2.1186,0.153,5.23089,0.384,-0.349825,0.498,-0.718092,0.234,-0.219794,0.0682,0.430152,0.0801,3.8952,0.552,0.756879,0.46,0.492863,0.0212,0.48683,0.0241,-0.0856572,0.418,0.493367,0.021
"WU2015","TPSSh",-1,TRUE,3.01271,0.165,-2.82617,0.184,2.24756,0.217,7.46371,0.613,-2.10176,0.183,-0.435127,0.508,-0.228879,0.0839,0.453733,0.0625,6.11884,0.914,2.4002,0.853,0.342329,0.0201,0.544491,0.0241,-2.34093,0.123,0.552617,0.0233
"WU2015","LC-rTPSS",-1,TRUE,2.4987,0.118,2.40453,0.129,1.63751,0.0987,5.2537,0.295,3.26186,0.232,-0.0885234,0.189,-0.163196,0.0812,0.219272,0.098,2.9985,0.344,0.0862276,0.295,0.335475,0.0225,0.467358,0.0234,3.26087,0.2,0.467363,0.0227
"WU2015","LC-wPBE",-1,TRUE,2.00517,0.103,1.77458,0.127,1.58921,0.089,4.62205,0.258,2.34991,0.362,-0.0594416,0.149,-0.17707,0.0834,0.299577,0.112,2.70623,0.236,0.0771674,0.277,0.357593,0.0209,0.459122,0.0242,2.49488,0.297,0.463447,0.0235
"WU2015","LC-N12",-1,TRUE,3.79586,0.135,3.75756,0.14,1.79064,0.114,6.76128,0.305,4.37645,0.402,-0.215597,0.218,-0.15692,0.0702,0.279022,0.0873,3.21678,0.489,0.102085,0.307,0.253988,0.0172,0.456471,0.0225,4.43577,0.347,0.457043,0.022
"WU2015","LC-HCTH",-1,TRUE,1.76338,0.0977,1.30832,0.131,1.6887,0.12,4.34861,0.293,1.57742,0.337,-0.34614,0.262,-0.160537,0.0619,0.359974,0.0851,3.75766,0.683,0.449067,0.365,0.37386,0.0215,0.46569,0.0225,1.68802,0.255,0.467817,0.022
"WU2015","LC-tHCTH",-1,TRUE,1.38444,0.101,-0.108333,0.14,1.82097,0.132,3.67093,0.252,-0.0380563,0.535,-0.477667,0.268,-0.102234,0.0596,0.271171,0.0765,3.9019,0.75,0.369511,0.349,0.45056,0.0222,0.449282,0.0215,0.162457,0.477,0.454722,0.021
"WU2015","M11",-1,TRUE,1.32932,0.0869,-0.242637,0.132,1.66376,0.11,3.52044,0.334,0.761151,0.686,-0.0296302,0.237,-0.0826441,0.0873,0.297162,0.0922,3.30785,0.393,0.0994117,0.357,0.408393,0.021,0.45671,0.0242,0.780475,0.636,0.456778,0.0233
"WU2015","CAM-B3LYP",-1,TRUE,1.51105,0.118,-1.02948,0.143,1.80137,0.129,4.65858,0.282,-0.0228698,0.348,-0.316733,0.26,-0.207966,0.0724,0.357168,0.0859,3.77001,0.434,0.828068,0.434,0.497406,0.0221,0.49889,0.0234,-0.12403,0.23,0.50122,0.0215
"WU2015","wB97XD",-1,TRUE,1.58966,0.12,-1.12122,0.147,1.83297,0.13,4.78289,0.267,-0.195571,0.474,-0.257828,0.258,-0.189854,0.0728,0.353372,0.0946,3.69149,0.428,0.738209,0.419,0.483623,0.0216,0.491032,0.0241,-0.198213,0.368,0.491039,0.0225
"WU2015","wB97",-1,TRUE,1.44563,0.0872,0.139586,0.143,1.76944,0.0968,3.39409,0.192,0.746911,0.396,-0.0201401,0.147,-0.124874,0.0828,0.272584,0.0934,2.60582,0.234,-0.0678347,0.289,0.391256,0.018,0.446381,0.0227,0.889846,0.372,0.450559,0.0229
"WU2015","wB97X",-1,TRUE,1.40908,0.0977,-0.545043,0.139,1.73389,0.104,3.6316,0.185,0.392954,0.466,-0.107169,0.168,-0.105002,0.07,0.255839,0.0987,2.90587,0.261,0.272818,0.291,0.4418,0.0189,0.462181,0.0242,0.374055,0.412,0.462287,0.0232
"WU2015","N12-SX",-1,TRUE,1.57678,0.148,-0.733182,0.179,2.24197,0.193,5.78803,0.497,0.217199,0.313,-0.669808,0.365,-0.275214,0.0779,0.472726,0.0915,5.04369,0.718,2.04709,0.612,0.5425,0.0209,0.548825,0.0252,0.219396,0.215,0.548838,0.0228
"WU2015","MN12-SX",-1,TRUE,4.82065,0.176,-4.72258,0.191,2.40621,0.207,9.58873,0.601,-3.32688,0.545,-0.445671,0.435,-0.24973,0.0736,0.535646,0.0785,5.1498,0.764,1.27301,0.723,0.242265,0.0135,0.52237,0.0245,-3.49558,0.358,0.527184,0.0205
"WU2015","HSE06",-1,TRUE,2.09009,0.148,-1.80269,0.168,2.0787,0.193,6.04932,0.466,-1.11434,0.245,-0.447638,0.465,-0.26446,0.0817,0.484376,0.0675,5.66849,0.834,2.08742,0.734,0.435884,0.0201,0.546833,0.025,-1.17548,0.156,0.548673,0.0232
"WU2015","HISS",-1,TRUE,1.8746,0.108,1.05177,0.158,2.02306,0.156,4.24763,0.395,1.8953,0.432,-0.614627,0.264,-0.198749,0.0706,0.506892,0.0696,4.20603,0.558,1.35695,0.502,0.373122,0.022,0.511314,0.0242,1.74931,0.275,0.512449,0.0197
"ZAS2019","HF",-1,TRUE,2.37025,0.0254,0.0624657,0.041,3.11102,0.0399,6.01001,0.0987,0.62,0.412,-0.697828,0.0746,-0.119859,0.0113,0.331758,0.0169,5.12185,0.289,0.323671,0.058,0.435955,0.00376,0.449501,0.00704,1.40994,0.116,0.456639,0.00382
"ZAS2019","MP2",-1,TRUE,1.30475,0.013,-0.00392034,0.0207,1.65974,0.0162,3.31769,0.0511,-0.25,0.253,-0.0771187,0.0346,-0.0504797,0.0113,0.244777,0.0337,3.33272,0.0622,0.118688,0.0641,0.423619,0.0035,0.417348,0.00646,0.839912,0.141,0.435492,0.00331
"ZAS2019","SLATM_L2",-1,TRUE,1.23766,0.0254,0.107789,0.0298,2.35402,0.0753,4.60982,0.15,0.09,0.0796,0.237622,0.522,0.0365777,0.0205,0.635175,0.0111,26.6531,2.96,4.34005,0.237,0.605076,0.00539,0.605135,0.00569,0.0494524,0.0227,0.605493,0.00537
"ZHA2018","PBE",-1,TRUE,0.207094,0.00956,-0.203781,0.01,0.140832,0.007,0.442008,0.029,-0.251,0.0769,-0.407381,0.183,-0.0305644,0.0677,0.221771,0.0737,3.11147,0.417,-0.343682,0.247,0.368196,0.0194,0.398921,0.0193,-0.251,0.0903,0.398921,0.0178
"ZHA2018","SCAN",-1,TRUE,0.0967604,0.00641,-0.0164167,0.00985,0.131325,0.00855,0.270208,0.0149,-0.016,0.017,-0.352415,0.28,-0.00589805,0.0675,0.472833,0.0724,4.27951,0.824,1.29311,0.525,0.486968,0.0192,0.496996,0.0199,-0.016,0.0105,0.496996,0.019
"BOR2019","LDA",1,TRUE,0.618942,0.0248,1.52666e-17,0.038,0.827078,0.0415,1.69163,0.119,-0.278696,0.113,0.776579,0.326,0.142319,0.0469,0.351975,0.0467,6.01584,1.65,0.850006,0.248,0.440867,0.0132,0.472746,0.0143,-0.299003,0.083,0.47285,0.014
"BOR2019","LDA + SOC",1,TRUE,0.597955,0.024,3.82654e-18,0.0368,0.800605,0.041,1.68529,0.102,-0.516539,0.287,0.781435,0.341,0.0924749,0.0476,0.319205,0.0569,6.20918,1.71,0.621014,0.24,0.440277,0.0142,0.463812,0.017,-0.421292,0.238,0.466503,0.0158
"BOR2019","PBE",1,TRUE,0.593402,0.0248,1.20677e-17,0.0369,0.803671,0.0446,1.60861,0.116,-0.296831,0.117,0.91243,0.414,0.133077,0.0425,0.32947,0.0438,7.13177,2.37,0.869838,0.255,0.450653,0.0136,0.471224,0.0143,-0.273925,0.0913,0.471343,0.014
"BOR2019","PBE + SOC",1,TRUE,0.570722,0.0236,1.58174e-17,0.0354,0.770478,0.0443,1.5769,0.103,-0.167471,0.149,0.943121,0.441,0.15339,0.0444,0.353535,0.0446,7.55041,2.55,0.759868,0.257,0.440322,0.0142,0.464456,0.0158,-0.280199,0.119,0.471427,0.0148
"BOR2019","PBE_SOL",1,TRUE,0.599956,0.0246,-2.21708e-17,0.0371,0.806692,0.0403,1.63378,0.114,-0.129667,0.164,0.752565,0.319,0.121505,0.0414,0.353481,0.0468,5.9495,1.57,0.84379,0.244,0.450151,0.0133,0.464138,0.0151,-0.225298,0.11,0.468735,0.0138
"BOR2019","HLE16",1,TRUE,0.57087,0.0271,-3.68825e-18,0.039,0.8309,0.0697,1.50769,0.115,-0.259046,0.0834,2.15575,0.702,0.222361,0.0447,0.406745,0.0445,15.2455,5.71,1.18788,0.373,0.470152,0.0175,0.505613,0.0178,-0.259559,0.0439,0.505616,0.017
"BOR2019","HLE16 + SOC",1,TRUE,0.518272,0.027,4.83819e-18,0.0365,0.784466,0.0762,1.39358,0.142,-0.308093,0.0969,2.65691,0.834,0.250609,0.0446,0.492022,0.0478,19.7501,7.64,1.42287,0.471,0.482891,0.0193,0.528681,0.0202,-0.308137,0.0388,0.528681,0.0176
"BOR2019","BJ",1,TRUE,0.514524,0.0217,2.90382e-18,0.0322,0.697178,0.0347,1.45823,0.11,-0.116638,0.0835,0.586322,0.287,0.0881675,0.0409,0.331314,0.0442,5.66462,1.12,0.827325,0.273,0.460643,0.0133,0.469897,0.014,-0.116977,0.0606,0.469897,0.0137
"BOR2019","mBJ",1,TRUE,0.468469,0.02,-9.91318e-18,0.0297,0.63744,0.033,1.27514,0.0787,-0.074382,0.0737,0.619205,0.309,0.0937523,0.0413,0.394472,0.0461,5.89359,1.18,0.688621,0.291,0.463564,0.0138,0.472098,0.0145,-0.0749108,0.0601,0.472102,0.014
"BOR2019","SCAN",1,TRUE,0.547809,0.024,-4.66208e-18,0.035,0.757686,0.0453,1.52578,0.116,-0.170964,0.105,1.02842,0.447,0.112942,0.0431,0.368456,0.0436,8.01669,2.62,0.994363,0.305,0.465763,0.0143,0.479195,0.0149,-0.175771,0.0695,0.479237,0.0144
"BOR2019","HSE06",1,TRUE,0.525781,0.0255,7.52344e-18,0.0346,0.768936,0.05,1.68525,0.0998,0.144039,0.089,0.966917,0.549,-0.0264847,0.0475,0.446955,0.0615,9.36755,3.15,1.87099,0.344,0.50669,0.014,0.512954,0.0177,0.118471,0.0437,0.514039,0.0141
"BOR2019","HSE14",1,TRUE,0.539616,0.0268,2.71632e-17,0.0355,0.799486,0.0504,1.80553,0.118,0.285947,0.17,0.574015,0.518,0.0157813,0.0524,0.360855,0.0762,8.83638,2.09,2.12043,0.377,0.505769,0.0145,0.491915,0.0183,0.098473,0.106,0.509129,0.0137
"BOR2019","HSE_mix",1,TRUE,0.543285,0.0263,2.40048e-17,0.0355,0.791049,0.0437,1.81374,0.121,0.322555,0.166,0.0441751,0.369,-0.00377448,0.052,0.326235,0.0719,6.9279,1.07,2.12375,0.349,0.500077,0.0133,0.481592,0.0164,0.102244,0.11,0.505935,0.0129
"BOR2019","PBE0",1,TRUE,0.538118,0.0272,-6.20654e-18,0.0363,0.805944,0.0526,1.7916,0.108,0.0422291,0.0804,0.868145,0.543,0.0200839,0.0489,0.477789,0.0497,9.2999,2.56,2.17743,0.397,0.522168,0.0147,0.524513,0.0171,0.0421706,0.0371,0.524513,0.0147
"BOR2019","PBE0_mix",1,TRUE,0.585089,0.0281,1.69884e-17,0.0382,0.850039,0.0447,1.93469,0.131,0.0274261,0.179,0.0094076,0.315,0.00634659,0.0452,0.469005,0.0556,6.4171,0.795,2.11122,0.361,0.506284,0.0133,0.506363,0.0155,0.0181915,0.0983,0.506465,0.013
"NAR2019","G4MP2",1,TRUE,0.766422,0.0332,4.22201e-18,0.0471,1.04153,0.0474,2.18005,0.086,-0.11566,0.12,-0.493135,0.234,0.0111127,0.0413,0.403929,0.0558,4.82499,0.859,1.12642,0.267,0.475253,0.0128,0.478175,0.014,-0.0926276,0.0754,0.478237,0.0128
"NAR2019","B3LYP",1,TRUE,2.43417,0.118,-1.14514e-17,0.168,3.54676,0.334,6.61935,0.421,-0.0401765,0.65,2.01024,0.959,0.0880747,0.0465,0.398759,0.0517,17.7967,7.76,0.879711,0.315,0.473534,0.0178,0.474275,0.0181,-0.265296,0.533,0.475996,0.0174
"NAR2019","M06-2X",1,TRUE,2.4212,0.0962,-1.6701e-17,0.148,3.15558,0.239,5.49975,0.293,-0.174168,1.11,1.41744,0.736,0.108755,0.0403,0.211217,0.0747,11.2049,5.44,-0.286466,0.151,0.404832,0.0162,0.409419,0.0209,-2.28461,0.963,0.443016,0.0197
"NAR2019","wB97X-D",1,TRUE,1.71865,0.0861,-1.69863e-17,0.12,2.53995,0.287,4.40658,0.483,-1.14887,0.687,2.7917,1.13,0.191148,0.047,0.428629,0.0806,24.4745,10.6,0.670531,0.278,0.458133,0.0211,0.498274,0.0259,-1.26598,0.391,0.499603,0.0197
"PER2018","B3LYP",1,TRUE,0.974721,0.0762,3.83964e-18,0.0995,1.50561,0.123,3.71078,0.468,-0.225671,0.0718,1.72051,0.27,0.349848,0.0708,0.620253,0.0451,7.20512,1.14,4.9018,1,0.537085,0.0179,0.611886,0.0194,-0.33954,0.0557,0.62198,0.0168
"PER2018","B97-1",1,TRUE,0.695491,0.051,-3.49658e-17,0.0686,1.04472,0.0782,2.62835,0.289,0.145893,0.119,0.349286,0.356,-0.0919514,0.0735,0.556716,0.0691,6.25255,0.669,3.19313,0.663,0.524387,0.0178,0.54544,0.0204,0.180294,0.0616,0.547008,0.0174
"PER2018","BH&HLYP",1,TRUE,2.63216,0.144,1.3279e-18,0.228,3.45487,0.249,7.2135,0.685,-2.08779,0.258,1.59528,0.245,0.556206,0.0455,0.653726,0.0434,5.94314,1.25,0.516624,0.539,0.402228,0.0221,0.601075,0.0189,-2.08792,0.13,0.601075,0.0173
"PER2018","BLYP",1,TRUE,1.4219,0.103,-4.04691e-17,0.14,2.14401,0.162,5.23282,0.519,0.548407,0.441,-0.926509,0.305,-0.154846,0.0701,0.598862,0.0925,6.25981,0.79,3.51309,0.631,0.533561,0.0189,0.548666,0.0222,0.548609,0.249,0.548667,0.0182
"PER2018","CAM-B3LYP",1,TRUE,1.02189,0.0747,4.07553e-17,0.103,1.532,0.119,3.56692,0.407,-0.494639,0.057,1.62101,0.298,0.473264,0.0656,0.711113,0.0338,6.71601,1.07,5.07528,1.22,0.513616,0.0181,0.648003,0.0169,-0.501211,0.0225,0.648201,0.0158
"PER2018","LC-ωPBE",1,TRUE,0.996845,0.0799,-5.96043e-18,0.109,1.60519,0.146,3.93324,0.537,-0.294409,0.0457,1.4733,0.47,0.313677,0.0884,0.665279,0.0424,8.8921,1.72,5.29101,1.29,0.555244,0.0202,0.633232,0.0194,-0.325895,0.0329,0.633967,0.0188
"PER2018","PBE",1,TRUE,1.88963,0.12,1.00499e-17,0.174,2.66769,0.195,5.7152,0.637,1.30138,0.446,-1.31523,0.23,-0.215588,0.0607,0.481515,0.0677,5.98803,0.853,1.94835,0.52,0.480361,0.0201,0.531208,0.0228,1.2884,0.315,0.531347,0.0208
"PER2018","PBE0",1,TRUE,0.879599,0.0719,-6.75233e-18,0.0939,1.39679,0.137,3.05656,0.575,-0.0689285,0.128,2.07975,0.299,0.325523,0.0732,0.556104,0.0725,9.47577,1.44,4.63625,1.19,0.543586,0.0234,0.570236,0.0256,-0.294591,0.0496,0.608003,0.0215
"PER2018","PW86PBE",1,TRUE,1.68569,0.115,2.86014e-17,0.16,2.45756,0.197,5.84482,0.744,1.29807,0.409,-1.40876,0.264,-0.246352,0.0662,0.379819,0.0832,6.81649,1.01,2.5537,0.563,0.4951,0.0213,0.531234,0.0215,0.893339,0.299,0.535038,0.0204
"SCH2018","LDA",1,TRUE,0.273295,0.0151,-5.7703e-18,0.024,0.346515,0.0177,0.650989,0.0355,0.00324659,0.0873,0.251199,0.158,0.00939673,0.0543,0.259801,0.064,2.98007,0.327,-0.0184563,0.296,0.427292,0.0191,0.42758,0.0173,0.00343118,0.099,0.427582,0.0166
"SCH2018","PBE",1,TRUE,0.148468,0.0072,-3.8263e-18,0.0128,0.180881,0.00832,0.344104,0.0239,0.118563,0.103,0.209696,0.138,0.0208601,0.0686,0.170496,0.0755,2.64211,0.2,-0.274731,0.206,0.38181,0.0182,0.410272,0.0178,0.129682,0.122,0.410735,0.0149
"SCH2018","RPBE",1,TRUE,0.153203,0.00713,1.10988e-17,0.0128,0.183308,0.00752,0.340758,0.021,-0.0815241,0.0568,0.118715,0.124,0.120226,0.0761,0.291151,0.0735,2.31068,0.167,-0.511978,0.208,0.367232,0.0182,0.425971,0.0221,-0.123088,0.0601,0.430761,0.0177
"SCH2018","vdW-DF2",1,TRUE,0.203058,0.0103,-4.37225e-18,0.0171,0.250901,0.0116,0.51185,0.0417,0.0376231,0.0972,-0.209644,0.135,-0.0978963,0.0643,0.270966,0.0684,2.76959,0.198,0.0633885,0.256,0.396703,0.0169,0.412559,0.0184,0.117269,0.109,0.426012,0.0168
"SCH2018","BEEF-vdW",1,TRUE,0.14127,0.00729,3.84419e-18,0.0122,0.174396,0.00757,0.319804,0.0133,0.0619621,0.0379,-0.151031,0.116,-0.098097,0.0572,0.241735,0.0708,2.43623,0.178,-0.235437,0.259,0.405613,0.0178,0.430655,0.0205,0.0624354,0.039,0.430675,0.0177
"SCH2018","mBEEF",1,TRUE,0.124497,0.00783,-1.05188e-18,0.0119,0.165743,0.0112,0.341638,0.0386,-0.0657811,0.042,-0.162834,0.312,0.0393034,0.0642,0.361789,0.065,4.51336,0.617,0.622564,0.477,0.450309,0.0211,0.455674,0.0199,-0.0496682,0.0365,0.456527,0.0187
"SCH2018","mBEEF-vdW",1,TRUE,0.161072,0.00897,-8.89074e-18,0.0147,0.205547,0.0113,0.398252,0.0267,0.115366,0.0674,-0.294169,0.2,-0.0672919,0.0633,0.252493,0.0705,3.41033,0.416,0.244307,0.32,0.423089,0.0192,0.447456,0.0193,0.116059,0.0605,0.447469,0.0184
"THA2015","M11",1,TRUE,2.44073,0.205,-2.12806e-18,0.308,3.39128,0.262,7.7303,0.571,-0.970289,0.787,-0.510137,0.216,-0.033594,0.0789,0.329364,0.1,4.03872,0.485,1.77869,0.46,0.496576,0.0217,0.482249,0.0227,-0.0426063,0.659,0.496795,0.0206
"THA2015","M06-2X",1,TRUE,2.37769,0.201,-4.97724e-17,0.303,3.30964,0.268,7.75969,0.527,0.703907,1.09,-0.588149,0.24,-0.134576,0.0802,0.404871,0.101,4.3455,0.554,1.83289,0.436,0.483353,0.0214,0.497045,0.0229,1.01097,0.94,0.498629,0.0211
"THA2015","ωB97",1,TRUE,2.65048,0.2,6.1223e-17,0.317,3.50203,0.277,7.46875,0.772,-0.898133,1.33,-0.767129,0.264,-0.140845,0.0808,0.262096,0.0945,4.23388,0.66,0.838014,0.459,0.441901,0.0233,0.432444,0.0254,2.03363,1.2,0.465935,0.0237
"THA2015","LC-τHCTH",1,TRUE,2.50564,0.194,-3.4133e-17,0.302,3.31735,0.254,7.24039,0.758,-0.947827,1.34,-0.568015,0.249,-0.0423632,0.0799,0.331794,0.102,3.97812,0.503,0.707555,0.439,0.447616,0.0226,0.448071,0.0233,-0.677892,1.12,0.452445,0.0205
"THA2015","HISS",1,TRUE,2.32031,0.196,3.84833e-17,0.295,3.2222,0.264,7.55203,0.675,-1.3429,1.12,-0.632232,0.255,-0.102802,0.0808,0.285732,0.0939,4.41879,0.556,1.62295,0.465,0.48473,0.0219,0.446138,0.0262,0.380377,0.834,0.488721,0.0203
"THA2015","LC-ωPBE",1,TRUE,2.55774,0.203,-2.23127e-17,0.313,3.4567,0.28,7.61815,0.802,0.0509031,1.03,-0.861473,0.248,-0.149743,0.0789,0.369102,0.0864,4.36046,0.655,1.13504,0.499,0.464861,0.0247,0.466954,0.0261,0.169516,0.905,0.468349,0.0239
"THA2015","MP2",1,TRUE,2.50347,0.208,-3.5998e-17,0.315,3.46586,0.328,7.53743,0.689,1.41581,0.763,0.080826,0.588,-0.176255,0.0891,0.431252,0.076,5.9278,1.6,1.21884,0.636,0.464171,0.0247,0.507245,0.026,1.19821,0.574,0.508524,0.0239
"WU2015","HF",1,TRUE,2.22373,0.165,-1.41455e-16,0.219,2.95344,0.242,6.0145,0.583,-0.220829,0.888,-0.860418,0.319,-0.0450803,0.0744,0.326202,0.0843,4.8253,1.16,0.462105,0.388,0.447286,0.023,0.451795,0.0221,-0.222087,0.841,0.4518,0.0214
"WU2015","MP2",1,TRUE,0.391309,0.0247,-1.19158e-17,0.0417,0.490682,0.0311,0.995101,0.109,-0.205492,0.225,-0.00829299,0.217,0.0294694,0.0805,0.228798,0.0753,3.2394,0.379,0.133914,0.347,0.402421,0.0228,0.426707,0.0187,-0.204603,0.242,0.426727,0.0176
"WU2015","LSDA",1,TRUE,1.71497,0.151,4.77647e-17,0.208,2.46844,0.26,5.44632,0.881,0.298725,0.8,0.0973131,0.641,-0.0976965,0.0877,0.41325,0.0852,7.1607,1.22,1.45447,0.757,0.475712,0.027,0.485039,0.0258,0.297396,0.737,0.485045,0.0242
"WU2015","PBE",1,TRUE,1.64211,0.154,1.18739e-17,0.205,2.43847,0.258,5.52114,0.901,0.501496,0.391,-0.141512,0.643,-0.138175,0.0878,0.430899,0.0673,7.1795,1.17,1.95276,0.847,0.508955,0.0263,0.525181,0.0261,0.489718,0.333,0.525311,0.0247
"WU2015","HCTH",1,TRUE,1.69161,0.153,3.37793e-17,0.207,2.47668,0.257,5.5664,0.894,0.478995,0.687,-0.109356,0.629,-0.117853,0.0867,0.500393,0.0751,6.99659,1.14,1.59873,0.806,0.497997,0.0267,0.505943,0.0243,0.448718,0.576,0.506102,0.0236
"WU2015","N12",1,TRUE,1.83822,0.165,-2.67088e-17,0.221,2.67712,0.256,6.19721,0.925,0.480448,0.433,-0.449214,0.504,-0.18715,0.0828,0.499806,0.0675,6.06346,0.914,2.20383,0.835,0.506135,0.0231,0.53245,0.0247,0.556375,0.31,0.532902,0.0219
"WU2015","revTPSS",1,TRUE,1.61105,0.152,3.1566e-17,0.199,2.39179,0.244,5.62834,0.886,0.738327,0.233,-0.445695,0.578,-0.212644,0.0874,0.517719,0.0741,6.73636,1.04,2.1644,0.941,0.513852,0.0257,0.545971,0.0254,0.593674,0.145,0.552006,0.0244
"WU2015","tHCTH",1,TRUE,1.72178,0.158,1.15509e-17,0.21,2.53043,0.259,5.80439,0.943,0.67653,0.471,-0.278621,0.596,-0.168484,0.0865,0.494384,0.0696,6.76974,1.06,1.87079,0.832,0.504149,0.0258,0.526764,0.025,0.66376,0.368,0.526816,0.0235
"WU2015","M11-L",1,TRUE,2.25107,0.168,1.26934e-17,0.247,3.04435,0.266,6.16395,0.817,1.37488,0.396,0.0224414,0.486,-0.245645,0.0825,0.479281,0.0656,5.33311,0.989,0.756957,0.687,0.449968,0.0249,0.526123,0.0237,1.36987,0.26,0.526152,0.0215
"WU2015","MN12-L",1,TRUE,2.15255,0.168,3.61301e-18,0.235,2.95748,0.246,6.86011,0.877,0.616183,0.632,-0.583207,0.383,-0.258783,0.0712,0.460822,0.0693,4.89458,0.682,1.20574,0.697,0.467207,0.0228,0.516093,0.0233,1.04656,0.502,0.517286,0.0207
"WU2015","PBE0",1,TRUE,1.44238,0.125,1.04562e-17,0.166,2.05596,0.189,4.72775,0.665,0.681416,0.25,-0.467009,0.454,-0.276812,0.0816,0.476236,0.0641,5.57829,0.817,2.11639,0.73,0.48672,0.0204,0.548306,0.0256,0.595532,0.168,0.55066,0.0233
"WU2015","mPW1PW",1,TRUE,1.45097,0.125,1.55886e-17,0.166,2.06136,0.187,4.76415,0.654,0.383452,0.244,-0.545463,0.435,-0.28841,0.0806,0.501942,0.0626,5.45538,0.797,2.10706,0.715,0.484882,0.0203,0.537381,0.0243,0.631804,0.159,0.551002,0.0223
"WU2015","B3LYP",1,TRUE,1.45667,0.129,2.70183e-17,0.17,2.09711,0.197,4.79506,0.695,0.424076,0.342,-0.492714,0.488,-0.267104,0.0812,0.502008,0.0695,5.82023,0.88,1.98868,0.785,0.49678,0.022,0.538977,0.0277,0.581429,0.245,0.544221,0.0225
"WU2015","B3PW91",1,TRUE,1.46608,0.13,1.12039e-17,0.171,2.10853,0.196,4.92927,0.699,0.523458,0.282,-0.542412,0.462,-0.271882,0.0816,0.498797,0.0621,5.73578,0.846,2.20107,0.748,0.492559,0.021,0.549741,0.026,0.523641,0.208,0.549742,0.0236
"WU2015","B97-2",1,TRUE,1.49364,0.132,7.81523e-18,0.173,2.14572,0.198,4.98643,0.707,0.964395,0.209,-0.558034,0.453,-0.278292,0.0799,0.502352,0.0629,5.63349,0.835,2.37618,0.788,0.494341,0.0207,0.54197,0.022,0.604581,0.132,0.556774,0.0214
"WU2015","M06",1,TRUE,1.27937,0.109,-3.20326e-18,0.145,1.80701,0.18,3.7941,0.613,-0.0397693,0.427,0.268318,0.568,-0.12326,0.0791,0.338385,0.0978,6.41045,1.23,1.15665,0.793,0.485079,0.0257,0.481356,0.0268,0.428119,0.357,0.498506,0.0216
"WU2015","M06-2X",1,TRUE,1.26209,0.0929,-4.59732e-17,0.131,1.67218,0.129,3.59415,0.398,0.38595,0.408,-0.333343,0.324,-0.194954,0.078,0.394603,0.0738,4.19222,0.56,0.629251,0.502,0.44468,0.0218,0.479962,0.0247,0.55584,0.362,0.48514,0.0223
"WU2015","M06-HF",1,TRUE,1.5002,0.0999,3.99794e-17,0.15,1.92431,0.132,4.02666,0.396,1.58962,0.432,-0.692617,0.216,-0.243288,0.0655,0.386037,0.0919,3.67396,0.483,0.349738,0.387,0.417427,0.0216,0.483348,0.0259,1.09926,0.24,0.503775,0.0219
"WU2015","SOGGA11X",1,TRUE,1.44126,0.113,-6.68527e-17,0.155,1.97173,0.158,4.58148,0.449,0.487013,0.268,-0.677901,0.327,-0.302467,0.0754,0.467304,0.0592,4.52603,0.637,1.38567,0.621,0.467929,0.0205,0.519845,0.0231,0.865124,0.187,0.531817,0.021
"WU2015","tHCTHhyb",1,TRUE,1.5684,0.142,2.6948e-17,0.186,2.27911,0.216,5.34811,0.768,0.566943,0.177,-0.534457,0.484,-0.272953,0.0837,0.497757,0.0576,5.92238,0.887,2.43211,0.826,0.500157,0.0209,0.56042,0.0242,0.569503,0.11,0.560424,0.0231
"WU2015","BMK",1,TRUE,1.59653,0.117,3.94321e-17,0.168,2.11816,0.151,4.7594,0.372,0.533807,0.459,-0.702785,0.23,-0.223998,0.0691,0.457785,0.0779,3.85011,0.538,0.764819,0.462,0.45365,0.0206,0.490769,0.0239,0.787524,0.425,0.493574,0.022
"WU2015","TPSSh",1,TRUE,1.52237,0.142,-3.69436e-17,0.184,2.24685,0.221,5.27913,0.776,0.426497,0.187,-0.467869,0.523,-0.227081,0.0851,0.511058,0.0588,6.271,0.952,2.4721,0.891,0.513174,0.0221,0.555583,0.0239,0.440453,0.132,0.555862,0.0232
"WU2015","LC-rTPSS",1,TRUE,1.12352,0.081,-2.41515e-17,0.115,1.48334,0.11,3.22751,0.316,0.339411,0.433,-0.242711,0.276,-0.148903,0.0678,0.372485,0.0769,3.99771,0.517,0.807791,0.422,0.445112,0.0221,0.47252,0.0233,0.339427,0.349,0.47252,0.0213
"WU2015","LC-wPBE",1,TRUE,1.0923,0.0785,9.51107e-18,0.113,1.43525,0.0993,3.24744,0.259,0.596193,0.333,-0.255351,0.215,-0.174323,0.0755,0.389397,0.0781,3.58129,0.371,1.109,0.427,0.444236,0.0187,0.486872,0.0233,0.526456,0.247,0.48794,0.0212
"WU2015","LC-N12",1,TRUE,1.21995,0.0896,-3.05969e-17,0.125,1.627,0.124,3.51843,0.352,0.569119,0.351,-0.542628,0.281,-0.17297,0.0736,0.422042,0.0747,4.25009,0.679,0.924296,0.487,0.453404,0.022,0.492155,0.0247,0.579309,0.263,0.492339,0.0226
"WU2015","LC-HCTH",1,TRUE,1.1329,0.0884,-3.00376e-17,0.117,1.54225,0.132,3.46162,0.37,0.688311,0.35,-0.591388,0.347,-0.147992,0.0721,0.446907,0.0715,5.02085,0.892,1.1776,0.537,0.460632,0.0235,0.495727,0.0248,0.688047,0.253,0.495728,0.0228
"WU2015","LC-tHCTH",1,TRUE,1.28436,0.0979,-4.81087e-17,0.131,1.73067,0.14,3.67499,0.389,0.330242,0.271,-0.598404,0.322,-0.136586,0.0661,0.29787,0.0769,4.62621,0.868,0.726697,0.443,0.462923,0.0241,0.478832,0.0245,0.310628,0.275,0.478905,0.0229
"WU2015","M11",1,TRUE,1.3117,0.0858,-2.01736e-17,0.131,1.65733,0.114,3.40505,0.369,1.32727,0.72,-0.0724177,0.26,-0.117861,0.0781,0.294554,0.0864,3.504,0.431,0.0712273,0.367,0.403648,0.0226,0.457106,0.0247,1.17046,0.608,0.461323,0.0235
"WU2015","CAM-B3LYP",1,TRUE,1.2891,0.103,-5.47335e-19,0.139,1.76274,0.143,4.00232,0.449,0.480041,0.257,-0.511671,0.342,-0.261912,0.0728,0.467954,0.0697,4.52764,0.618,1.31493,0.542,0.467576,0.0201,0.52291,0.0227,0.514471,0.188,0.523498,0.0207
"WU2015","wB97XD",1,TRUE,1.32583,0.104,-1.94259e-17,0.143,1.7934,0.143,4.00257,0.435,0.601555,0.346,-0.449469,0.343,-0.240654,0.0735,0.444447,0.0784,4.43279,0.602,1.04679,0.516,0.45869,0.0208,0.513015,0.0261,0.634653,0.248,0.51357,0.0221
"WU2015","wB97",1,TRUE,1.19066,0.0859,-3.13147e-17,0.125,1.56486,0.106,3.45613,0.256,0.306768,0.325,-0.302187,0.205,-0.17426,0.0671,0.408587,0.073,3.48145,0.367,0.942626,0.411,0.449951,0.0192,0.482321,0.0225,0.340788,0.265,0.482603,0.0206
"WU2015","wB97X",1,TRUE,1.21633,0.092,-1.10693e-17,0.129,1.62308,0.118,3.52692,0.36,0.509521,0.317,-0.373685,0.252,-0.181111,0.0684,0.421811,0.0756,3.79625,0.437,0.986203,0.454,0.460884,0.0203,0.494227,0.0229,0.52404,0.233,0.494367,0.0202
"WU2015","N12-SX",1,TRUE,1.60192,0.134,-4.68076e-19,0.179,2.24179,0.192,5.21003,0.635,0.937059,0.293,-0.654349,0.36,-0.27823,0.0778,0.471405,0.0926,4.99324,0.704,2.02254,0.604,0.476511,0.0204,0.548278,0.0244,0.936576,0.177,0.548279,0.0223
"WU2015","MN12-SX",1,TRUE,1.74551,0.137,-1.04801e-17,0.191,2.40616,0.206,5.46197,0.733,1.28911,0.534,-0.441515,0.432,-0.247393,0.0734,0.538572,0.0783,5.1239,0.758,1.27067,0.72,0.468386,0.0236,0.525276,0.0244,1.21258,0.36,0.526268,0.0206
"WU2015","HSE06",1,TRUE,1.4542,0.127,2.99001e-17,0.168,2.07869,0.193,4.77634,0.682,0.688417,0.247,-0.450258,0.466,-0.263595,0.0817,0.485101,0.0677,5.67945,0.836,2.09427,0.737,0.48846,0.0209,0.547137,0.0251,0.627509,0.153,0.548716,0.0231
"WU2015","HISS",1,TRUE,1.47188,0.118,9.25983e-18,0.157,2.02269,0.157,4.66248,0.421,0.24964,0.405,-0.632053,0.269,-0.197772,0.0704,0.4385,0.068,4.25826,0.573,1.38919,0.503,0.481792,0.0209,0.501626,0.023,0.718735,0.287,0.512312,0.0197
"ZAS2019","HF",1,TRUE,2.27627,0.0239,-5.84729e-17,0.0388,2.95362,0.0344,5.82917,0.0798,0.154102,0.36,-0.470908,0.0627,-0.0683879,0.0113,0.307941,0.0134,4.33529,0.222,0.267729,0.0546,0.433119,0.00354,0.435083,0.00451,1.13742,0.287,0.439733,0.00357
"ZAS2019","MP2",1,TRUE,1.27044,0.0123,4.39378e-17,0.0199,1.59769,0.0149,3.14534,0.0569,-0.170111,0.171,0.07811,0.032,0.00487541,0.0111,0.246216,0.0156,3.11709,0.0636,0.0258001,0.0605,0.415362,0.00346,0.414824,0.00347,-0.0265584,0.377,0.415406,0.00369
"ZAS2019","SLATM_L2",1,TRUE,1.24268,0.025,3.88753e-17,0.0296,2.34672,0.0745,4.58174,0.141,-0.039993,0.116,0.261412,0.514,0.0321632,0.0202,0.630178,0.0122,26.3019,2.86,4.23817,0.224,0.600261,0.00543,0.600864,0.00661,-0.0461857,0.0219,0.60088,0.00543
"ZHA2018","PBE",1,TRUE,0.08565,0.00511,1.6887e-18,0.00834,0.113759,0.00753,0.24716,0.0321,0.0431431,0.0488,-0.819941,0.26,-0.128381,0.072,0.357949,0.0894,4.76694,0.619,0.738656,0.369,0.435764,0.0209,0.459956,0.0235,0.055562,0.0423,0.462421,0.0205
"ZHA2018","SCAN",1,TRUE,0.0858528,0.00549,4.01183e-18,0.00864,0.116614,0.0086,0.247378,0.0192,0.0579284,0.038,-0.529155,0.378,-0.0853207,0.065,0.31965,0.078,5.30325,1.2,0.920561,0.37,0.458836,0.0218,0.46465,0.0205,0.0426146,0.0305,0.468941,0.0194
