Names,CCSD(T),HF,MP2,CCSD,RHF,RMP2,Slater,SVWN5,SPW92,PBE,BLYP,PBE0,B3LYP,TPSS,TPSSh,SCAN,m06,m06-l,m06-2X,mn15,b97,wb97x-d,wb97x-v,b97m-v,wb97m-v,B97-D,MN15-L,SCAN0,LRC-wPBE,LRC-wPBEh,MN12-SX,MVS,MS1,MS2,MVSh,MS2h,b3p86,b3pw91,revPBE0,pbe50,SOGGA11-X,revTPSSh,t-HCTHh,m06-hf,m11,m08-HX,revTPSS,t-HCTH,MN12-L,M11-L,revPBE,N12,HCTH120,BP86,SVWN1RPA,SPZ81,wB97,wB97X,wB97X-D3,wB97XrV,wB97MrV,camb3lyp,M05,M05-2X,M08-SO,wM05-D,wM06-D3,N12-SX,HFLYP,HSEHJS,B97-1,B97-2,BMK,mBEEF,PW6B95,PWB6K,GAM,B97MrV,VV10,SOGGA,SOGGA11,revM06-L,rCAM-B3LYP,CAM-QTP00,CAM-QTP01,wB97X-2(TQZ),B2PLYP,B2GPPLYP,PTPSS-D3,DSD-PBEPBE-D3,DSD-PBEP86-D3,PWPB95-D3,XYG3,XYGJ-OS
AlF,1.4729,1.3244,1.4606,1.4744,1.3244,1.4606,1.3479,1.4606,1.4595,1.374,1.4687,1.3962,1.494,1.2602,1.2833,1.2952,1.509,1.2726,1.5757,1.4675,1.3844,1.3263,1.3291,1.3122,1.5462,1.3354,1.1293,1.3681,1.2829,1.343,1.6708,1.0909,1.1815,1.2226,1.1704,1.2461,1.4077,1.3873,1.3511,1.394,1.4011,1.2446,1.3831,1.7673,1.3315,1.4382,1.2165,1.3005,1.2849,1.4706,1.3159,1.4252,1.3781,1.3608,1.4752,1.4586,1.3109,1.3388,1.3183,1.3295,1.5465,1.488,1.4335,1.6184,1.5365,1.4457,1.4294,1.3505,1.4805,1.4019,1.3988,1.3617,1.47,1.2938,1.5127,1.5098,1.3829,1.3131,1.4617,1.3383,1.7961,1.0327,1.4876,1.4947,1.4897,1.3812,1.4764,1.4766,1.4095,1.4,1.4169,1.4699,1.4498,1.4287
BF,0.8194,0.8471,0.9528,0.7945,0.8471,0.9528,1.1196,1.0443,1.0451,1.0485,1.0097,0.9755,0.9499,1.0612,1.0292,1.0522,0.9318,1.0888,0.8462,0.9241,0.9781,1.0087,0.993,1.0059,0.9207,1.0262,1.0803,0.968,1.059,1.0027,0.8727,1.1072,1.1083,1.0998,1.0243,1.0676,0.9897,0.9904,0.9835,0.9133,0.9236,1.0574,0.9793,0.6449,0.9412,0.8602,1.0924,1.003,0.9906,1.091,1.059,0.8506,1.0049,1.061,1.0355,1.0458,1.0014,1.0039,1.0069,0.9929,0.9205,0.9444,0.8957,0.8624,0.8313,0.9642,0.9788,0.8987,0.7717,0.9738,0.9723,0.9712,0.9386,1.0184,0.8965,0.8531,1.0067,1.0055,1.028,1.0731,0.9777,1.1604,0.9338,0.861,0.9322,0.9911,0.9466,0.9326,0.9786,0.9564,0.9573,0.9125,0.9226,0.9181
BH2Cl,0.6838,0.9231,0.6956,0.7514,0.9231,0.6956,0.3706,0.4274,0.4267,0.4379,0.4538,0.5897,0.5773,0.5204,0.5706,0.5485,0.5288,0.5071,0.6846,0.5951,0.5743,0.6544,0.6686,0.4634,0.5945,0.5102,0.524,0.6497,0.5873,0.6029,0.6425,0.618,0.5372,0.5224,0.7108,0.569,0.572,0.5723,0.5943,0.7229,0.6625,0.5586,0.5707,0.9497,0.7415,0.6649,0.5076,0.5421,0.5909,0.4455,0.4455,0.5882,0.5081,0.4477,0.4333,0.4252,0.7304,0.6941,0.6719,0.669,0.595,0.6465,0.5877,0.7352,0.6474,0.5797,0.6314,0.6507,0.9479,0.5876,0.5788,0.6054,0.659,0.526,0.5764,0.6734,0.536,0.4639,0.443,0.4224,0.808,0.3973,0.7159,0.7944,0.6983,0.6634,0.6255,0.6652,0.5993,0.6566,0.6585,0.6071,0.6789,0.6676
BH2F,0.8269,1.0133,0.8245,0.8748,1.0133,0.8245,0.5562,0.6405,0.6395,0.6118,0.6398,0.748,0.7521,0.6538,0.703,0.6795,0.7072,0.5855,0.8388,0.7149,0.7197,0.7567,0.7686,0.608,0.7321,0.6423,0.5785,0.7862,0.7021,0.745,0.7537,0.6942,0.649,0.643,0.799,0.6897,0.7273,0.7298,0.7375,0.8654,0.802,0.6889,0.7153,1.1177,0.864,0.8241,0.6386,0.6691,0.6519,0.5371,0.5981,0.784,0.6531,0.6078,0.6497,0.638,0.7877,0.7785,0.7656,0.7688,0.7323,0.798,0.756,0.8995,0.8305,0.7387,0.7559,0.8296,1.0784,0.747,0.7268,0.7444,0.7976,0.6633,0.7636,0.8484,0.6867,0.6083,0.6353,0.5973,0.6252,0.5439,0.8464,0.9351,0.8399,0.7829,0.7828,0.8149,0.7518,0.7938,0.7941,0.7754,0.8275,0.8188
BHCl2,0.6684,0.8637,0.6592,0.7214,0.8637,0.6592,0.4487,0.4754,0.475,0.4815,0.4987,0.5931,0.5893,0.5361,0.5746,0.5631,0.5384,0.5162,0.6658,0.639,0.584,0.646,0.6607,0.528,0.6113,0.5386,0.5712,0.6393,0.599,0.6072,0.6164,0.6127,0.5583,0.5509,0.6837,0.5849,0.5808,0.5795,0.5963,0.6929,0.6507,0.5608,0.5809,0.8579,0.7103,0.6684,0.521,0.5572,0.5985,0.4957,0.4864,0.5898,0.5365,0.4886,0.4777,0.4739,0.7092,0.6804,0.6614,0.6612,0.6118,0.6456,0.5826,0.7052,0.6475,0.5966,0.6408,0.636,0.8738,0.5913,0.5877,0.6056,0.6469,0.552,0.5915,0.6634,0.5557,0.5284,0.4858,0.4682,0.7157,0.4725,0.7019,0.7564,0.6867,0.6472,0.6212,0.6487,0.6056,0.6401,0.6426,0.6123,0.6638,0.6585
BHF2,0.9578,1.1154,0.9473,0.9984,1.1154,0.9473,0.7452,0.807,0.8063,0.7749,0.7994,0.889,0.8939,0.7995,0.8425,0.8276,0.8325,0.7213,0.9663,0.8593,0.8613,0.8889,0.9029,0.7717,0.8755,0.7927,0.74,0.9207,0.8479,0.8855,0.8833,0.8363,0.7951,0.7919,0.926,0.832,0.8697,0.871,0.8774,0.9882,0.9349,0.8227,0.8556,1.2132,1.0052,0.9633,0.778,0.8132,0.7997,0.6807,0.7596,0.9227,0.806,0.7678,0.8136,0.8051,0.9176,0.9093,0.8972,0.903,0.8757,0.9347,0.8868,1.0241,0.9612,0.8792,0.8945,0.9586,1.1745,0.8882,0.8677,0.8817,0.9259,0.8082,0.9047,0.977,0.8373,0.7719,0.7944,0.7655,0.8185,0.6943,0.9782,1.051,0.9723,0.915,0.9189,0.9454,0.8936,0.9241,0.9257,0.9137,0.9605,0.9535
CH2BH,0.6238,0.9043,0.7396,0.6774,0.9043,0.7396,0.4512,0.4875,0.4871,0.509,0.5279,0.6296,0.6215,0.565,0.6066,0.5704,0.5994,0.5023,0.7278,0.6717,0.6116,0.6769,0.7128,0.5395,0.6901,0.5593,0.6303,0.6713,0.6402,0.6462,0.7283,0.5996,0.537,0.5248,0.6994,0.5648,0.6154,0.6133,0.6342,0.7393,0.6984,0.6139,0.6109,0.9713,0.808,0.7295,0.573,0.5844,0.6533,0.5615,0.5157,0.5813,0.5543,0.5179,0.4916,0.4861,0.7699,0.7255,0.7016,0.7129,0.6902,0.6834,0.6551,0.7808,0.712,0.6771,0.7051,0.6709,0.9343,0.6274,0.6159,0.6394,0.6681,0.5548,0.6435,0.7226,0.5693,0.5395,0.5217,0.4904,0.4975,0.5328,0.748,0.8031,0.7291,0.7144,0.654,0.6891,0.6188,0.6683,0.6763,0.6459,0.6672,0.6392
CH2BOH,2.2558,2.407,2.3537,2.2724,2.407,2.3537,2.3149,2.2752,2.2756,2.2666,2.2631,2.298,2.2873,2.2674,2.2802,2.3142,2.3192,2.3002,2.2998,2.3607,2.2963,2.3353,2.3427,2.323,2.3542,2.2774,2.4312,2.3337,2.3299,2.3142,2.3955,2.3483,2.2523,2.2366,2.3703,2.2497,2.2952,2.2904,2.3001,2.3298,2.3161,2.2776,2.2915,2.288,2.3417,2.3292,2.265,2.271,2.4585,2.4274,2.2691,2.2448,2.2715,2.2724,2.2699,2.2756,2.3697,2.3526,2.3436,2.3426,2.3541,2.3217,2.3305,2.3086,2.2999,2.3397,2.3528,2.2977,2.3889,2.2964,2.2975,2.2947,2.3315,2.2801,2.2906,2.3163,2.2576,2.3229,2.2511,2.2774,2.2178,2.4049,2.3556,2.3525,2.3449,2.3496,2.3062,2.3192,2.293,2.3047,2.3149,2.2911,2.3105,2.288
CH3BH2,0.5751,0.5131,0.5696,0.5562,0.5131,0.5696,0.8082,0.775,0.7754,0.726,0.6858,0.6636,0.6406,0.6611,0.6443,0.6922,0.6463,0.6996,0.5843,0.6904,0.6486,0.6317,0.6253,0.7577,0.6451,0.6872,0.7454,0.6459,0.6754,0.6651,0.5874,0.7179,0.6545,0.6595,0.665,0.6437,0.6661,0.6655,0.6557,0.6134,0.6216,0.6395,0.6565,0.4019,0.5971,0.6202,0.6558,0.6826,0.665,0.7341,0.7139,0.6669,0.6926,0.7186,0.7712,0.7762,0.6139,0.621,0.6294,0.6252,0.645,0.6247,0.6495,0.5792,0.6255,0.6718,0.6491,0.6407,0.5091,0.6635,0.6454,0.6521,0.6061,0.684,0.6509,0.618,0.702,0.7576,0.699,0.7676,0.7701,0.7702,0.6079,0.5687,0.6166,0.5921,0.6052,0.59,0.6228,0.5975,0.5968,0.624,0.5671,0.5751
CH3BO,3.6779,4.2864,3.6128,3.795,4.2864,3.6128,3.6628,3.7078,3.7072,3.6347,3.6349,3.8219,3.7906,3.643,3.7178,3.774,3.7818,3.658,3.8837,3.8068,3.7636,3.8466,3.8631,3.7801,3.8287,3.6839,3.7981,3.9104,3.7656,3.8244,3.83,3.8691,3.6713,3.6411,3.9967,3.7092,3.7946,3.7902,3.8096,4.0041,3.9061,3.6889,3.7655,4.1088,3.9656,3.9424,3.6114,3.7236,3.8197,3.7793,3.6167,3.7988,3.6842,3.6393,3.7118,3.7057,3.9084,3.8849,3.8677,3.8634,3.829,3.867,3.8727,4.0049,3.931,3.8648,3.8684,3.928,4.3438,3.8193,3.771,3.8177,3.8294,3.7424,3.8037,3.9393,3.7238,3.7805,3.6272,3.6591,3.6468,3.7597,3.9466,4.0848,3.9396,3.7058,3.7016,3.7331,3.6605,3.6822,3.6921,3.7199,3.6368,3.6227
CH3Cl,1.8981,2.0459,1.9079,1.9213,2.0459,1.9079,1.8506,1.857,1.8568,1.8197,1.8108,1.886,1.8682,1.8576,1.8801,1.9393,1.8343,1.8794,1.8777,1.9116,1.8716,1.913,1.9125,1.84,1.8768,1.8358,1.8886,1.9586,1.8871,1.8962,1.8674,1.9652,1.8662,1.8521,2.0017,1.8736,1.8772,1.8744,1.8799,1.9485,1.907,1.8609,1.8701,1.9326,1.9268,1.8443,1.8369,1.8435,1.9037,1.8216,1.8118,1.897,1.8367,1.8226,1.8568,1.856,1.9323,1.924,1.9182,1.913,1.8773,1.9075,1.8923,1.9148,1.8796,1.8486,1.8805,1.9251,2.059,1.8842,1.8752,1.8815,1.9477,1.8662,1.8749,1.9234,1.8444,1.8406,1.8052,1.8373,2.0706,1.7773,1.9461,1.9793,1.9412,1.9009,1.8868,1.9046,1.8814,1.895,1.8993,1.8825,1.9145,1.9095
CH3F,1.8083,1.954,1.8156,1.8414,1.954,1.8156,1.6157,1.6871,1.6863,1.637,1.6717,1.7356,1.7554,1.6746,1.7105,1.7105,1.7305,1.6291,1.7796,1.7872,1.7199,1.7499,1.7708,1.662,1.7507,1.658,1.6042,1.7776,1.7353,1.7451,1.7141,1.7415,1.6572,1.6587,1.8121,1.6923,1.7273,1.7277,1.7211,1.8232,1.7613,1.6892,1.7206,1.9578,1.8222,1.7581,1.6514,1.6705,1.678,1.5733,1.6174,1.785,1.6604,1.637,1.6947,1.6847,1.7833,1.7718,1.7592,1.7709,1.7509,1.8086,1.7682,1.8455,1.8104,1.737,1.7541,1.8247,2.0136,1.7341,1.7265,1.7288,1.82,1.6771,1.7706,1.8323,1.6572,1.6622,1.659,1.6285,1.6514,1.6058,1.863,1.905,1.8497,1.79,1.7852,1.8097,1.762,1.7818,1.7852,1.7806,1.8309,1.8233
CH3Li,5.8304,5.9841,5.8605,5.8683,5.9841,5.8605,5.1855,5.5105,5.5089,5.4869,5.4343,5.6989,5.6434,5.6132,5.687,5.7668,5.7904,5.8923,5.7529,5.853,5.6722,5.8168,5.7793,5.7885,5.6766,5.5396,5.8722,5.8514,5.6966,5.7034,5.7331,5.8124,5.7585,5.7201,5.8949,5.7691,5.7327,5.7271,5.7028,5.8498,5.8242,5.7138,5.6939,5.5305,5.764,5.6904,5.6434,5.5527,5.7927,5.1698,5.4857,5.3352,5.4781,5.5786,5.5556,5.5104,5.8919,5.862,5.8327,5.7777,5.6747,5.7096,5.6196,5.7053,5.7056,5.8017,5.84,5.744,6.0095,5.6998,5.684,5.7185,5.9316,5.7807,5.6889,5.7955,5.4604,5.7854,5.5294,5.4768,4.0893,6.1228,5.7493,5.8608,5.7443,5.8197,5.7121,5.7662,5.7707,5.7698,5.7724,5.7122,5.7805,5.7162
CH3NH2,1.3876,1.4432,1.4041,1.4039,1.4432,1.4041,1.3566,1.3625,1.3624,1.3181,1.3264,1.3595,1.3626,1.323,1.339,1.3498,1.3486,1.3126,1.3772,1.3761,1.3491,1.3933,1.4004,1.2955,1.3829,1.3157,1.2825,1.3763,1.4006,1.3811,1.3269,1.3662,1.314,1.3093,1.394,1.3252,1.3577,1.3555,1.3502,1.394,1.3561,1.3326,1.3469,1.4812,1.4354,1.3792,1.3163,1.3115,1.3166,1.2402,1.3057,1.3415,1.3121,1.3206,1.3628,1.3618,1.4156,1.411,1.3999,1.4006,1.3831,1.408,1.3507,1.4167,1.3845,1.3846,1.4058,1.395,1.4579,1.3574,1.3524,1.3468,1.4051,1.3053,1.3555,1.3813,1.3016,1.2957,1.3211,1.3279,1.3968,1.3207,1.4508,1.4353,1.4382,1.4017,1.3771,1.3882,1.3725,1.3837,1.3859,1.3696,1.3943,1.404
CH3OH,1.7091,1.8062,1.7269,1.7344,1.8062,1.7269,1.6146,1.652,1.6516,1.5951,1.6153,1.663,1.6746,1.611,1.6369,1.648,1.6634,1.5864,1.7004,1.704,1.649,1.688,1.7022,1.5853,1.6828,1.6006,1.558,1.6945,1.6886,1.6795,1.6422,1.6643,1.5938,1.5889,1.7144,1.6142,1.659,1.6575,1.6496,1.7221,1.6682,1.6206,1.6481,1.8565,1.7616,1.6972,1.5935,1.6045,1.617,1.5056,1.5772,1.673,1.5994,1.5965,1.656,1.6505,1.7183,1.7091,1.6962,1.7024,1.683,1.7274,1.6739,1.7481,1.7185,1.6843,1.7033,1.7349,1.8456,1.6612,1.6539,1.6506,1.7337,1.5978,1.6764,1.7194,1.5841,1.5855,1.6044,1.6004,1.6914,1.5806,1.7798,1.7856,1.7653,1.7139,1.6953,1.713,1.6796,1.6958,1.6993,1.6881,1.7248,1.7268
CH3SH,1.5906,1.6965,1.6019,1.5995,1.6965,1.6019,1.6355,1.6018,1.602,1.573,1.5401,1.6089,1.5718,1.5947,1.6062,1.6329,1.4971,1.5988,1.5644,1.607,1.5887,1.6256,1.6256,1.5711,1.5696,1.573,1.643,1.6417,1.6211,1.622,1.5573,1.7177,1.5987,1.584,1.7175,1.5966,1.5973,1.5967,1.6069,1.6439,1.6198,1.5982,1.5876,1.616,1.6332,1.5711,1.5862,1.5772,1.6275,1.5602,1.5705,1.609,1.575,1.5719,1.5968,1.6019,1.6484,1.6367,1.6321,1.6261,1.5702,1.5986,1.591,1.6214,1.5793,1.5723,1.6076,1.636,1.6792,1.6065,1.589,1.6028,1.64,1.5562,1.5679,1.5989,1.6179,1.5719,1.5463,1.6026,1.7713,1.5359,1.6237,1.6376,1.6232,1.6036,1.5836,1.5945,1.5948,1.6044,1.6059,1.5806,1.5995,1.6075
ClCN,2.8496,3.112,2.8776,2.8744,3.112,2.8776,3.0259,3.0215,3.0214,2.9533,2.9801,2.9868,3.0059,2.9251,2.9429,2.9941,3.0235,2.9021,2.9778,2.8872,2.9774,2.9914,2.9808,2.9461,2.9945,2.9475,2.9233,3.0257,2.9626,2.9814,2.9423,2.9949,2.9222,2.9081,3.0305,2.9267,2.9923,2.984,2.9727,3.0227,2.9904,2.9358,2.9752,3.0108,3.049,2.9643,2.9175,2.9317,2.9223,2.9419,2.9318,2.9294,2.9345,2.9608,3.0204,3.0209,2.9544,2.9826,2.9856,2.9807,2.9943,3.0205,2.9935,3.0654,2.9746,3.0184,2.9857,3.0131,3.1313,2.9869,2.9822,2.9687,2.9914,2.939,2.969,2.9939,2.8775,2.946,2.9637,2.9652,2.9761,3.0128,3.0346,3.0631,3.0353,2.9406,2.9418,2.9432,2.8979,2.8918,2.9064,2.9123,2.8654,2.837
ClF,0.8802,1.1083,0.8831,0.9376,1.1083,0.8831,0.6855,0.7674,0.7665,0.7191,0.7667,0.8228,0.8559,0.7307,0.7722,0.7934,0.9113,0.6966,0.9243,0.9151,0.8104,0.8411,0.869,0.7481,0.8764,0.7514,0.6813,0.8735,0.8282,0.8342,0.8398,0.7273,0.74,0.7461,0.8336,0.7814,0.8159,0.8168,0.8079,0.9217,0.8686,0.7592,0.8094,1.161,0.9267,0.9212,0.7165,0.7633,0.7515,0.6709,0.6993,0.8347,0.7536,0.7192,0.7762,0.7646,0.8788,0.8655,0.8507,0.869,0.8764,0.9169,0.8722,0.9746,0.9519,0.8802,0.8722,0.8821,1.1751,0.8214,0.8171,0.8191,0.9086,0.8115,0.8813,0.9492,0.7356,0.7479,0.7499,0.7017,0.7675,0.7475,0.9809,1.0316,0.9622,0.8733,0.87,0.8958,0.8334,0.8564,0.8608,0.874,0.9009,0.884
CO,0.1172,-0.265,0.2713,0.0552,-0.265,0.2713,0.2819,0.2284,0.229,0.2239,0.1849,0.1018,0.0872,0.1918,0.1457,0.1318,0.0621,0.2083,0.0153,0.0339,0.1054,0.096,0.0776,0.1212,0.058,0.167,0.1041,0.0322,0.172,0.1169,-0.0144,0.2218,0.1727,0.187,0.0918,0.1451,0.1128,0.115,0.1018,-0.0207,0.0254,0.1581,0.1059,-0.1466,0.018,0.0075,0.2055,0.1423,0.0349,0.0707,0.2245,0.0522,0.1744,0.2161,0.2226,0.2299,0.0817,0.0886,0.0907,0.0776,0.0579,0.0584,0.0503,-0.0138,-0.0277,0.0753,0.0914,0.0196,-0.3033,0.1016,0.0983,0.0901,0.0576,0.1103,0.0598,-0.0229,0.2001,0.1211,0.2097,0.2468,0.2004,0.1697,0.0248,-0.0981,0.0284,0.1808,0.1486,0.1358,0.1872,0.1781,0.1741,0.1163,0.1584,0.1678
CS,1.9692,1.6335,2.2529,1.924,1.6335,2.2529,2.1137,2.0942,2.0943,2.0088,2.0202,1.9418,1.9679,1.94,1.9202,1.9399,1.949,1.9214,1.9476,1.8203,1.9282,1.9291,1.9237,1.8651,1.9553,1.9406,1.7859,1.8921,2.012,1.9633,1.8217,1.9831,1.8809,1.8871,1.9211,1.8697,1.9561,1.9512,1.9174,1.8584,1.8696,1.9179,1.9233,1.9593,1.9875,1.9395,1.9379,1.899,1.7405,1.8113,1.9767,1.8248,1.9423,2.0029,2.0917,2.0937,1.8848,1.9249,1.9233,1.9235,1.9551,1.9747,1.8918,1.9944,1.9095,2.0059,1.9881,1.8877,1.6597,1.9408,1.9289,1.9023,1.9316,1.8529,1.9185,1.8629,1.9142,1.8649,2.0279,2.0291,2.116,1.9266,1.9721,1.8482,1.9702,2.0856,2.047,2.0531,2.0424,2.0572,2.0642,1.9787,2.0402,2.0433
CSO,0.7327,0.8424,0.6947,0.7304,0.8424,0.6947,0.7341,0.8549,0.8535,0.7628,0.8118,0.8059,0.8502,0.7326,0.7533,0.8028,0.9089,0.6918,0.877,0.7159,0.7937,0.7576,0.7293,0.7325,0.7926,0.7742,0.5831,0.8488,0.7126,0.7759,0.8488,0.7165,0.6746,0.6671,0.7891,0.6905,0.8138,0.8112,0.7802,0.8477,0.7902,0.73,0.8076,1.0002,0.9045,0.8523,0.707,0.794,0.6917,0.8233,0.7272,0.8706,0.7749,0.7645,0.8688,0.851,0.6513,0.7153,0.7388,0.729,0.7922,0.8357,0.8988,0.9457,0.8789,0.8384,0.7368,0.8963,0.9638,0.808,0.7987,0.7991,0.8098,0.7821,0.8495,0.8747,0.6986,0.7321,0.7896,0.7599,0.807,0.6849,0.8173,0.8889,0.8356,0.6978,0.7887,0.785,0.7297,0.7224,0.7271,0.7857,0.7659,0.7485
FCN,2.1756,2.3369,2.2064,2.1756,2.3369,2.2064,2.4055,2.3299,2.3306,2.3228,2.3079,2.3037,2.2894,2.3002,2.2947,2.3329,2.2667,2.3192,2.2313,2.2201,2.3061,2.3275,2.3288,2.3232,2.3145,2.3076,2.4092,2.3166,2.3326,2.3127,2.2542,2.3922,2.3094,2.2944,2.3681,2.2923,2.308,2.3002,2.3078,2.2949,2.3025,2.3035,2.3004,2.1565,2.295,2.2481,2.3101,2.2845,2.3142,2.3453,2.3269,2.1962,2.2978,2.3302,2.3212,2.3315,2.3428,2.338,2.3317,2.3289,2.3146,2.2983,2.2652,2.2864,2.2098,2.3003,2.3151,2.2589,2.2891,2.3032,2.306,2.2938,2.281,2.2773,2.2407,2.2362,2.2785,2.3233,2.307,2.342,2.2696,2.4077,2.3059,2.2849,2.3024,2.2787,2.2479,2.2417,2.2345,2.2246,2.237,2.2127,2.1889,2.1655
FNO,1.6971,1.8245,1.8585,1.7368,1.8245,1.8585,1.4451,1.4491,1.449,1.4645,1.4825,1.5941,1.5886,1.489,1.5432,1.5409,1.6367,1.5344,1.6931,1.6274,1.5746,1.6069,1.6422,1.5674,1.6612,1.486,1.5838,1.6435,1.5742,1.6007,1.6254,1.5744,1.4881,1.4921,1.6722,1.5367,1.5716,1.5697,1.5941,1.6843,1.6714,1.5395,1.5546,1.8102,1.6348,1.6697,1.4855,1.4929,1.545,1.6045,1.4654,1.5165,1.4986,1.4605,1.4487,1.4485,1.6609,1.6394,1.6212,1.6424,1.6614,1.6377,1.668,1.7067,1.6779,1.6364,1.6509,1.5666,1.8352,1.5923,1.581,1.5892,1.6691,1.5556,1.6311,1.6996,1.5242,1.5677,1.4748,1.4477,1.4116,1.5338,1.6859,1.7387,1.6744,1.7513,1.6863,1.7348,1.6515,1.7096,1.7234,1.6628,1.6586,1.6356
H2O,1.8601,1.9813,1.8705,1.8827,1.9813,1.8705,1.8255,1.8555,1.8552,1.7955,1.7991,1.8581,1.8548,1.8005,1.8253,1.8381,1.8599,1.797,1.8919,1.8994,1.8401,1.873,1.8747,1.7984,1.8614,1.7984,1.8096,1.8841,1.8669,1.8666,1.8827,1.8746,1.7816,1.7726,1.9133,1.7977,1.8518,1.8521,1.8463,1.913,1.8593,1.8148,1.8409,2.0007,1.9531,1.9209,1.7891,1.8081,1.8749,1.7705,1.78,1.8615,1.7961,1.7957,1.8587,1.8544,1.8857,1.8818,1.8764,1.8747,1.8614,1.8948,1.858,1.9214,1.909,1.8883,1.8869,1.9231,2.011,1.857,1.8436,1.8452,1.9063,1.798,1.8592,1.9002,1.7813,1.7984,1.7915,1.8122,1.7501,1.8467,1.9349,1.9519,1.927,1.8676,1.8579,1.8721,1.8485,1.8597,1.8615,1.8584,1.8711,1.8744
H2O-H2O,2.7303,2.8389,2.7437,2.7479,2.8389,2.7437,2.7956,2.8164,2.8162,2.7267,2.7318,2.762,2.7661,2.726,2.7401,2.7546,2.7615,2.7015,2.7785,2.8032,2.7442,2.7738,2.7659,2.6934,2.7568,2.7239,2.7039,2.7824,2.7717,2.7669,2.7844,2.7772,2.6791,2.67,2.8005,2.6892,2.7655,2.7617,2.7437,2.7964,2.7459,2.7243,2.7565,2.9038,2.8549,2.8159,2.7083,2.7345,2.7908,2.6691,2.7019,2.7875,2.715,2.732,2.8186,2.8157,2.7784,2.7775,2.7748,2.7658,2.7568,2.8002,2.75,2.8143,2.8049,2.7896,2.7846,2.8306,2.8701,2.7615,2.7478,2.7461,2.8005,2.6932,2.7566,2.7841,2.6923,2.6934,2.7244,2.7554,2.7162,2.7369,2.8351,2.8335,2.8289,2.7514,2.752,2.7593,2.7414,2.7426,2.7461,2.7476,2.7476,2.7552
H2O-NH3,3.5004,3.6176,3.5176,3.5219,3.6176,3.5176,3.5926,3.6276,3.6273,3.5087,3.5066,3.5492,3.5479,3.5037,3.5201,3.5379,3.5083,3.4516,3.5569,3.5619,3.5231,3.5588,3.5618,3.4368,3.5389,3.4903,3.4159,3.5678,3.5825,3.5638,3.511,3.5782,3.4437,3.4302,3.602,3.454,3.5496,3.5463,3.5238,3.5886,3.5063,3.4972,3.5373,3.7123,3.6526,3.5928,3.4781,3.5054,3.5,3.3629,3.4743,3.5676,3.4837,3.5092,3.6318,3.6268,3.5721,3.5698,3.5643,3.5619,3.5389,3.5998,3.5145,3.6129,3.5656,3.574,3.575,3.6263,3.6669,3.5481,3.5284,3.5218,3.5887,3.4594,3.5284,3.5612,3.4411,3.4368,3.5017,3.5499,3.6321,3.4956,3.6521,3.6332,3.6415,3.5362,3.5292,3.5374,3.5156,3.5214,3.5234,3.5198,3.5216,3.5356
H2S-H2S,0.9181,0.9165,0.9308,0.9124,0.9165,0.9308,1.102,1.0981,1.0984,1.0315,0.991,0.9987,0.9692,1.0059,0.9944,1.0162,0.9339,0.9923,0.9338,0.9579,0.9792,0.9642,0.9538,0.9757,0.9249,1.0027,0.9718,0.9886,0.9786,0.9823,0.9267,1.0614,0.9906,0.9884,1.0293,0.9821,0.997,0.9942,0.9839,0.9818,0.9652,0.9777,0.9962,0.9416,0.9541,0.9595,0.9868,1.0179,0.9878,0.9592,1.0102,1.0377,1.0089,1.0255,1.0983,1.0988,0.9669,0.96,0.9637,0.9537,0.9248,0.9571,0.9814,0.9608,0.9486,0.9459,0.9505,1.0045,0.9384,1.0012,0.9808,0.9849,0.9582,0.9725,0.9528,0.9474,1.0274,0.9759,1.0113,1.076,1.0614,0.9355,0.9539,0.9462,0.9619,0.932,0.9447,0.9403,0.9532,0.9465,0.9459,0.94,0.9123,0.9187
H2S-HCl,2.1328,2.166,2.1619,2.1313,2.166,2.1619,2.3589,2.3792,2.3791,2.2779,2.2234,2.2532,2.2103,2.2543,2.2449,2.3112,2.1486,2.2638,2.1574,2.2014,2.2257,2.2056,2.1928,2.2139,2.1449,2.2457,2.2358,2.2726,2.2273,2.2353,2.1527,2.3634,2.2373,2.224,2.3285,2.2221,2.249,2.2467,2.2317,2.2468,2.2066,2.2115,2.2502,2.1545,2.1613,2.1698,2.2168,2.2727,2.2486,2.1526,2.249,2.3232,2.2573,2.2701,2.382,2.3792,2.2053,2.1967,2.2042,2.1927,2.1448,2.2045,2.2092,2.1897,2.1399,2.1732,2.1818,2.2705,2.2136,2.2556,2.2275,2.2337,2.2262,2.2473,2.1855,2.1903,2.2646,2.2142,2.2401,2.3422,2.4587,2.1842,2.2102,2.2059,2.2202,2.1543,2.1768,2.175,2.1779,2.1775,2.1773,2.1655,2.1374,2.1439
HBH2BH,0.8429,0.7922,0.8433,0.8425,0.7922,0.8433,0.9115,0.9079,0.908,0.8614,0.8074,0.8632,0.8145,0.8341,0.8363,0.8392,0.8826,0.9,0.8509,0.7791,0.8078,0.8773,0.8842,0.7657,0.8255,0.817,0.7351,0.838,0.9406,0.9024,0.7295,0.9437,0.822,0.8288,0.9181,0.8318,0.8459,0.8541,0.8548,0.8617,0.8334,0.8305,0.7923,0.6956,0.8314,0.7752,0.8283,0.809,0.7127,0.7657,0.851,0.7993,0.8229,0.8457,0.9077,0.9082,0.8958,0.8953,0.8863,0.8842,0.8254,0.8535,0.917,0.8325,0.8331,0.9006,0.9204,0.8434,0.7966,0.8591,0.8037,0.8413,0.7957,0.8118,0.8235,0.8309,0.8544,0.7657,0.8369,0.9003,0.8503,0.8425,0.8889,0.8362,0.8823,0.8704,0.8189,0.8218,0.8554,0.8543,0.8445,0.8378,0.8204,0.8526
HBO,2.7322,3.3359,2.6706,2.851,3.3359,2.6706,2.5652,2.6243,2.6235,2.5855,2.6163,2.7947,2.7863,2.6349,2.7137,2.7286,2.7525,2.5855,2.9066,2.7898,2.7545,2.8348,2.8618,2.6975,2.8202,2.6504,2.7518,2.8845,2.7396,2.7956,2.854,2.774,2.6655,2.6413,2.937,2.7125,2.769,2.7648,2.7877,2.9944,2.9037,2.6984,2.7514,3.2252,2.9989,2.941,2.6183,2.6887,2.7879,2.6673,2.5749,2.7643,2.6482,2.594,2.63,2.6217,2.909,2.8785,2.8561,2.862,2.8204,2.8692,2.8377,3.0203,2.9223,2.8239,2.8357,2.898,3.3884,2.7927,2.7641,2.7956,2.8592,2.7158,2.7948,2.9383,2.6718,2.6978,2.5994,2.5801,2.606,2.6621,2.9564,3.1053,2.9419,2.7439,2.733,2.7715,2.6809,2.7196,2.7292,2.7397,2.7079,2.6915
HBS,1.3753,2.0115,1.3524,1.5108,2.0115,1.3524,1.172,1.2006,1.2003,1.2267,1.2264,1.433,1.3928,1.3331,1.4039,1.4117,1.337,1.3313,1.4607,1.5199,1.4122,1.5398,1.5803,1.395,1.4662,1.3241,1.5712,1.5353,1.4556,1.4669,1.5211,1.5272,1.429,1.4055,1.6617,1.4643,1.4052,1.4046,1.4479,1.6337,1.5598,1.4045,1.4154,1.648,1.5846,1.4875,1.3339,1.3733,1.5988,1.3358,1.2459,1.4219,1.3174,1.243,1.203,1.1993,1.7016,1.6148,1.579,1.5807,1.4667,1.5017,1.4489,1.5504,1.5012,1.4118,1.4914,1.5195,2.0072,1.4283,1.4177,1.4588,1.5111,1.4297,1.4009,1.5441,1.3787,1.3956,1.2135,1.2209,1.4823,1.3775,1.6138,1.7336,1.5848,1.442,1.3762,1.4202,1.3427,1.3952,1.4017,1.3769,1.3821,1.3562
HCCCl,0.5009,0.575,0.4693,0.5372,0.575,0.4693,0.2168,0.2647,0.2642,0.2646,0.2611,0.3705,0.3504,0.3316,0.3672,0.3315,0.315,0.3273,0.4202,0.4735,0.3533,0.4133,0.4494,0.3205,0.4014,0.2903,0.366,0.4019,0.4193,0.4044,0.3855,0.3002,0.399,0.4011,0.3874,0.4249,0.3528,0.358,0.3716,0.4609,0.4157,0.3742,0.3497,0.5089,0.4397,0.4177,0.3392,0.3135,0.3818,0.2247,0.2672,0.3622,0.2945,0.2654,0.2702,0.2633,0.4878,0.452,0.4338,0.4497,0.4017,0.4194,0.3463,0.4123,0.4341,0.3605,0.4111,0.4168,0.5999,0.3666,0.3569,0.3712,0.4563,0.3546,0.379,0.4437,0.3216,0.3208,0.2623,0.2615,0.4515,0.2731,0.4853,0.5106,0.467,0.4465,0.4095,0.4377,0.4259,0.4577,0.4495,0.429,0.4882,0.5154
HCCF,0.7452,0.8887,0.7116,0.8035,0.8887,0.7116,0.3964,0.5155,0.5142,0.4632,0.5007,0.6128,0.6276,0.5208,0.5764,0.5513,0.6274,0.4746,0.7285,0.7166,0.587,0.629,0.6514,0.5183,0.6335,0.4966,0.4415,0.6608,0.6007,0.6252,0.6376,0.4771,0.574,0.5803,0.6088,0.6223,0.5967,0.6025,0.597,0.7397,0.6565,0.5652,0.5869,0.9242,0.7289,0.7019,0.5084,0.5273,0.5634,0.3979,0.4422,0.6683,0.4995,0.4629,0.5287,0.5119,0.6517,0.6467,0.6378,0.6515,0.6335,0.6942,0.6302,0.7374,0.7578,0.6349,0.6422,0.7279,0.9768,0.6107,0.5952,0.6068,0.725,0.5839,0.6728,0.761,0.4952,0.5184,0.488,0.4495,0.4281,0.4538,0.7619,0.8346,0.7478,0.669,0.6689,0.7034,0.6583,0.6924,0.6855,0.6969,0.7357,0.7561
HCHO,2.3927,2.8371,2.3828,2.4698,2.8371,2.3828,2.2074,2.2842,2.2833,2.222,2.2551,2.3972,2.4017,2.2728,2.3371,2.3647,2.3632,2.1894,2.4693,2.43,2.3713,2.4431,2.4707,2.2602,2.4317,2.26,2.2447,2.4861,2.3937,2.4149,2.3516,2.3341,2.2991,2.2835,2.4936,2.3402,2.3811,2.3776,2.3825,2.5605,2.4636,2.3259,2.3663,2.7616,2.5607,2.4462,2.2609,2.2771,2.2829,2.1867,2.2011,2.3662,2.2531,2.2309,2.2924,2.2813,2.4918,2.4769,2.4585,2.4709,2.4319,2.4922,2.4145,2.6025,2.5057,2.4173,2.4342,2.4919,2.8998,2.3944,2.383,2.3855,2.5099,2.299,2.4043,2.5177,2.2297,2.2604,2.238,2.2195,2.192,2.2067,2.5841,2.6767,2.5642,2.4222,2.3971,2.4337,2.3524,2.3888,2.3975,2.3907,2.4178,2.4049
HCl,1.1055,1.1792,1.1237,1.1178,1.1792,1.1237,1.092,1.1068,1.1066,1.0682,1.0464,1.1101,1.085,1.076,1.0917,1.1302,1.0684,1.1174,1.1038,1.144,1.0927,1.1211,1.1276,1.1024,1.0965,1.0688,1.1562,1.1443,1.1274,1.1226,1.1111,1.1752,1.099,1.092,1.1893,1.1048,1.0995,1.1004,1.1041,1.1484,1.1185,1.0817,1.0942,1.1072,1.1096,1.1162,1.0651,1.0816,1.1568,1.069,1.0608,1.1207,1.0774,1.0646,1.1083,1.1062,1.1507,1.1341,1.1283,1.1276,1.0966,1.1187,1.1028,1.111,1.0985,1.1007,1.1241,1.1324,1.1975,1.1085,1.094,1.1034,1.1429,1.1071,1.0908,1.1223,1.0946,1.1026,1.0471,1.092,0.9775,1.1146,1.1521,1.1584,1.1469,1.1113,1.0998,1.1123,1.1019,1.1132,1.1134,1.0987,1.1196,1.1206
HCl-HCl,1.7766,1.842,1.8001,1.7854,1.842,1.8001,1.8872,1.8947,1.8947,1.8196,1.7878,1.8308,1.8022,1.8122,1.8166,1.8751,1.7708,1.8406,1.7854,1.8443,1.8098,1.8224,1.8161,1.8209,1.7858,1.8071,1.8668,1.8645,1.8288,1.8297,1.8086,1.9113,1.8185,1.8114,1.9065,1.817,1.8264,1.8236,1.8164,1.8501,1.8189,1.7983,1.8236,1.7703,1.8001,1.8024,1.7918,1.8241,1.8867,1.7882,1.7999,1.8682,1.8139,1.8179,1.8955,1.8946,1.8397,1.8254,1.8254,1.816,1.7857,1.8207,1.812,1.801,1.7887,1.7947,1.8118,1.8497,1.8706,1.8311,1.8119,1.818,1.846,1.8294,1.7931,1.8135,1.8286,1.821,1.7935,1.8636,1.8336,1.812,1.8441,1.8441,1.8448,1.7885,1.7935,1.7998,1.7952,1.798,1.7993,1.7869,1.7833,1.7858
HCN,3.0065,3.2917,3.0431,3.0494,3.2917,3.0431,2.9913,3.0034,3.0032,2.9427,2.9569,3.0381,3.0362,2.9643,3.001,3.0328,3.0073,2.9298,3.0603,3.0305,3.0187,3.0667,3.081,2.9771,3.0564,2.9563,3.0115,3.0988,3.0419,3.0499,3.0107,3.033,2.9963,2.9845,3.1081,3.0164,3.0305,3.0251,3.0264,3.1297,3.0716,2.9972,3.0159,3.1414,3.1203,3.0407,2.9601,2.9597,3.0092,2.9157,2.9259,2.9891,2.9509,2.9496,3.004,3.0022,3.0918,3.0869,3.0757,3.0812,3.0565,3.0937,3.0249,3.1278,3.0599,3.0481,3.0605,3.0834,3.3191,3.0363,3.0253,3.0235,3.1034,2.9882,3.0226,3.089,2.9307,2.9773,2.9437,2.9565,2.8448,2.9911,3.1519,3.1953,3.14,3.058,3.0344,3.0564,3.0095,3.0292,3.0379,3.0179,3.0395,3.031
HCNO,2.956,3.5652,3.3961,3.1937,3.5652,3.3961,2.3627,2.4845,2.483,2.4232,2.4714,2.7724,2.7591,2.4967,2.6299,2.5953,2.7646,2.4807,3.0321,2.9549,2.7155,2.8697,2.9564,2.6021,2.9311,2.4834,2.6124,2.8864,2.7936,2.8305,2.8942,2.5061,2.629,2.6156,2.8239,2.7272,2.7252,2.7271,2.7582,3.1174,2.9434,2.6227,2.6885,3.4723,3.0501,3.0136,2.4887,2.5202,2.7704,2.5301,2.4037,2.6608,2.4796,2.4327,2.4974,2.4801,2.9895,2.9498,2.9105,2.9565,2.9312,2.9519,2.7415,3.0667,3.0751,2.9025,2.9553,2.9173,3.8298,2.7641,2.7357,2.7478,2.9844,2.6265,2.8228,3.0656,2.4493,2.6021,2.4418,2.4101,2.3358,2.6,3.1581,3.3555,3.1089,2.7638,2.6918,2.766,2.6634,2.7273,2.7261,2.7715,2.6644,2.701
HCOF,2.1169,2.4765,2.0991,2.1778,2.4765,2.0991,1.991,2.0312,2.0307,1.9868,2.0123,2.1207,2.1236,2.0243,2.0741,2.0938,2.074,1.9575,2.1848,2.1448,2.1026,2.1516,2.1676,2.0369,2.1479,2.0154,2.0496,2.1891,2.101,2.1282,2.1233,2.0855,2.0442,2.0311,2.2002,2.0748,2.1083,2.1041,2.1104,2.2475,2.1781,2.0629,2.0961,2.3733,2.2343,2.1679,2.0125,2.0244,2.0804,2.0017,1.9724,2.0962,2.0091,1.9949,2.0352,2.0295,2.1752,2.1708,2.1602,2.1678,2.148,2.1863,2.1129,2.2647,2.2047,2.1384,2.1478,2.1894,2.5145,2.1189,2.1119,2.1107,2.2087,2.0478,2.1273,2.2166,1.9873,2.0371,1.9948,1.9863,1.9317,2.0069,2.2509,2.3344,2.2389,2.1303,2.1175,2.1454,2.0842,2.1087,2.1171,2.1141,2.1366,2.1246
HCONH2,3.9152,4.2674,3.8827,3.9739,4.2674,3.8827,3.8217,3.9059,3.9051,3.8263,3.8367,3.9655,3.9588,3.8603,3.913,3.948,3.9105,3.8345,4.0011,3.9834,3.9365,4.0096,4.0108,3.8633,3.9779,3.852,3.8763,4.0367,3.9752,3.9878,3.9509,3.9855,3.8698,3.8537,4.0769,3.9013,3.9575,3.9563,3.9501,4.083,4.0033,3.9066,3.938,4.2115,4.103,4.0314,3.8544,3.8607,3.9338,3.7991,3.8047,3.9307,3.839,3.8415,3.9154,3.9036,4.0219,4.0239,4.0161,4.0109,3.9779,4.0305,3.9188,4.1162,4.0171,4.0052,4.0118,4.0482,4.3142,3.9621,3.9445,3.9525,4.0513,3.8721,3.9597,4.0429,3.8298,3.8632,3.8321,3.8412,3.7858,3.9238,4.0944,4.1577,4.0846,3.938,3.9295,3.9519,3.9154,3.9233,3.9267,3.9369,3.9207,3.9394
HCOOH,1.3835,1.641,1.3511,1.4143,1.641,1.3511,1.3898,1.4175,1.4173,1.4171,1.4201,1.4661,1.4617,1.4387,1.4553,1.4823,1.4576,1.4517,1.4582,1.4619,1.4632,1.4874,1.4859,1.4592,1.4679,1.4423,1.4966,1.5074,1.4576,1.4691,1.4681,1.4937,1.4585,1.449,1.5263,1.4637,1.4655,1.4651,1.4685,1.516,1.4992,1.4617,1.4652,1.5224,1.5009,1.467,1.4462,1.4449,1.4948,1.4719,1.4195,1.4402,1.4307,1.429,1.4209,1.417,1.4922,1.4906,1.4892,1.4859,1.4679,1.4772,1.459,1.5242,1.4627,1.4742,1.4677,1.4808,1.6415,1.4655,1.4653,1.472,1.4848,1.4712,1.4541,1.4864,1.4314,1.459,1.4205,1.4138,1.3748,1.4966,1.4917,1.5411,1.4902,1.4193,1.4218,1.4255,1.4124,1.406,1.4095,1.4237,1.3997,1.3939
HF,1.8059,1.9214,1.8145,1.8239,1.9214,1.8145,1.7693,1.7949,1.7946,1.7456,1.7508,1.8014,1.7999,1.7528,1.7747,1.7887,1.8158,1.763,1.8309,1.8377,1.786,1.8048,1.8015,1.769,1.7956,1.754,1.79,1.8301,1.7865,1.8013,1.8361,1.8041,1.7367,1.7294,1.8427,1.7512,1.7951,1.7951,1.7912,1.8522,1.8109,1.7652,1.7877,1.9063,1.861,1.8471,1.7424,1.7654,1.8413,1.7437,1.7321,1.8213,1.7543,1.745,1.7973,1.7939,1.802,1.8054,1.8047,1.8015,1.7956,1.8248,1.8139,1.8506,1.8488,1.819,1.81,1.8531,1.949,1.8009,1.7889,1.7935,1.8436,1.7621,1.8079,1.8458,1.7516,1.769,1.7431,1.758,1.7105,1.7958,1.8502,1.8835,1.8483,1.802,1.8052,1.8182,1.7936,1.8038,1.8064,1.806,1.8204,1.8184
HF-HF,3.3991,3.562,3.4147,3.4224,3.562,3.4147,3.4177,3.446,3.4457,3.3552,3.3667,3.4161,3.4216,3.361,3.3849,3.4085,3.4472,3.3711,3.4486,3.4744,3.3947,3.423,3.4111,3.3679,3.4051,3.3642,3.3995,3.4552,3.3989,3.4149,3.4701,3.4199,3.3162,3.3061,3.4647,3.3334,3.4146,3.4117,3.3973,3.4752,3.4228,3.3691,3.4046,3.5674,3.4997,3.4716,3.3433,3.3782,3.4893,3.32,3.3298,3.4643,3.3601,3.3588,3.4486,3.445,3.4183,3.4228,3.4219,3.411,3.4051,3.4552,3.4355,3.4823,3.4852,3.4426,3.4288,3.4967,3.6016,3.4157,3.3987,3.4032,3.4796,3.3529,3.4234,3.4687,3.355,3.3679,3.3545,3.3799,3.3172,3.4022,3.4899,3.5224,3.4871,3.4043,3.4157,3.4294,3.3984,3.4044,3.4099,3.4135,3.4231,3.4229
HN3,1.6603,1.5959,1.6891,1.6156,1.5959,1.6891,1.8101,1.8209,1.8208,1.7544,1.7424,1.6975,1.701,1.7408,1.7189,1.7563,1.6709,1.7212,1.6361,1.6407,1.6981,1.6861,1.6498,1.6937,1.6399,1.738,1.6887,1.7024,1.6892,1.6873,1.6588,1.8178,1.6901,1.685,1.7473,1.6731,1.7102,1.7084,1.6855,1.656,1.6441,1.7104,1.7127,1.6123,1.6962,1.6563,1.7311,1.736,1.6932,1.6829,1.7369,1.7601,1.7388,1.7544,1.822,1.8204,1.6389,1.6615,1.6729,1.6498,1.6399,1.6801,1.6902,1.6694,1.6246,1.6606,1.648,1.7251,1.6113,1.6989,1.6959,1.6927,1.6904,1.6822,1.6761,1.6487,1.7259,1.6937,1.7424,1.783,1.7263,1.7272,1.661,1.638,1.6696,1.672,1.7067,1.6929,1.7071,1.6894,1.6936,1.6828,1.7254,1.7226
HNC,3.0818,2.8281,3.2478,3.0499,2.8281,3.2478,3.1799,3.1358,3.1362,3.0654,3.0384,3.0189,3.0047,3.0462,3.03,3.0471,2.9477,3.0465,2.9603,2.9554,3.0027,3.0342,3.0101,2.9871,2.9853,3.0135,2.9908,2.9951,3.0824,3.0415,2.9264,3.1402,3.0484,3.0536,3.0704,3.037,3.0243,3.023,3.0052,2.9636,2.9632,3.0368,3.0001,2.8671,3.0018,2.9632,3.054,2.9854,2.9765,2.9165,3.0464,2.9563,3.0148,3.0626,3.1302,3.1365,3.0096,3.0295,3.0289,3.0102,2.9854,3.0146,2.9196,2.9728,2.9166,3.0129,3.0401,2.9798,2.8118,3.0172,3.0013,2.9913,3.02,2.9645,2.9741,2.9413,3.0371,2.9872,3.0542,3.1041,3.021,3.0812,3.0167,2.9315,3.0171,3.133,3.0911,3.098,3.1201,3.1288,3.1291,3.0497,3.1296,3.1456
HNCO,2.0639,2.2303,2.0136,2.0992,2.2303,2.0136,1.9856,2.0324,2.0318,1.966,1.9749,2.0468,2.0453,1.9786,2.0102,2.0373,2.0353,1.9656,2.0919,2.0732,2.0252,2.0602,2.0554,1.9925,2.0473,1.9775,1.9986,2.0933,2.0318,2.0516,2.0856,2.0357,1.9855,1.9766,2.1024,2.0057,2.039,2.0386,2.033,2.1235,2.0634,1.9985,2.0258,2.2029,2.1261,2.1138,1.9658,1.9901,2.0658,1.9818,1.9471,2.0656,1.9766,1.9675,2.0372,2.0307,2.051,2.0613,2.0606,2.0554,2.0473,2.0843,2.0337,2.1205,2.0987,2.0644,2.0616,2.1177,2.2752,2.0456,2.03,2.0362,2.0919,2.0007,2.0542,2.1099,1.9634,1.9925,1.9645,1.9807,1.9332,2.0208,2.1227,2.1722,2.1195,2.0254,2.0354,2.0504,2.026,2.0354,2.0352,2.0465,2.0493,2.0621
HOCl,1.5216,1.6137,1.522,1.5336,1.6137,1.522,1.5248,1.5306,1.5305,1.4975,1.4901,1.5345,1.5236,1.5083,1.5219,1.5328,1.5106,1.5258,1.5369,1.5461,1.5219,1.5387,1.5315,1.5243,1.5202,1.4965,1.5659,1.5563,1.523,1.5343,1.5746,1.5679,1.5091,1.4978,1.5842,1.5111,1.5283,1.5284,1.5291,1.5692,1.5364,1.5153,1.5212,1.5772,1.5628,1.5537,1.5012,1.5038,1.6111,1.5394,1.4908,1.5464,1.4972,1.4971,1.531,1.5302,1.5332,1.5372,1.5378,1.5316,1.5203,1.5409,1.5194,1.5409,1.5387,1.5287,1.5351,1.5745,1.6282,1.534,1.5236,1.5268,1.5595,1.4999,1.5251,1.5531,1.4998,1.5244,1.486,1.5134,1.515,1.5563,1.5597,1.5824,1.5589,1.5231,1.5226,1.5309,1.519,1.5238,1.5252,1.5223,1.5298,1.5301
HOCN,3.7998,4.0737,3.8164,3.8152,4.0737,3.8164,3.9921,3.9575,3.9578,3.8979,3.8844,3.9329,3.9149,3.8892,3.9045,3.9618,3.9068,3.9182,3.8844,3.8763,3.9151,3.9476,3.941,3.9341,3.9232,3.8949,4.027,3.9821,3.9291,3.9371,3.9187,4.0509,3.8787,3.8582,4.0549,3.8772,3.9296,3.9228,3.925,3.9743,3.9417,3.9009,3.9144,3.8722,3.9491,3.8996,3.8854,3.8883,3.9926,3.9515,3.8855,3.8754,3.8898,3.9026,3.9528,3.9578,3.9449,3.9518,3.9494,3.9411,3.9234,3.9402,3.9127,3.9535,3.8704,3.9323,3.936,3.9416,4.0661,3.932,3.9174,3.9189,3.9329,3.885,3.8849,3.9187,3.8824,3.9342,3.8792,3.9304,3.8478,4.0276,3.9642,3.9898,3.9643,3.8794,3.8696,3.8739,3.8503,3.8432,3.8551,3.8466,3.827,3.807
HOOH,1.5732,1.6781,1.5871,1.5928,1.6781,1.5871,1.5465,1.5681,1.5679,1.5213,1.5274,1.5721,1.5719,1.5283,1.5483,1.5559,1.5663,1.5215,1.5961,1.598,1.5584,1.5812,1.5798,1.5323,1.5721,1.5236,1.5414,1.5947,1.5698,1.576,1.5999,1.5587,1.5302,1.522,1.5977,1.5404,1.5671,1.5671,1.5626,1.6172,1.5741,1.5389,1.5576,1.6635,1.6303,1.6107,1.5181,1.5297,1.6003,1.5063,1.5087,1.5796,1.5222,1.5215,1.5702,1.5673,1.5811,1.5843,1.582,1.5798,1.5721,1.6003,1.5613,1.6099,1.6065,1.5863,1.5888,1.6267,1.7021,1.5713,1.5613,1.5617,1.6086,1.5294,1.5741,1.6078,1.5103,1.5323,1.5191,1.5329,1.5022,1.5674,1.6286,1.6493,1.6241,1.5809,1.5759,1.5879,1.5654,1.5756,1.5774,1.5738,1.5853,1.5861
LiBH4,6.1281,6.2086,6.143,6.1443,6.2086,6.143,5.8448,5.9096,5.909,5.9477,5.9611,6.0287,6.0251,5.9922,6.0197,6.078,6.1147,6.1838,6.0598,6.1157,6.0399,6.1566,6.0899,6.0738,6.0614,6.0298,6.1337,6.1096,6.0433,6.0409,6.1028,6.1317,6.0255,6.008,6.1546,6.0306,6.051,6.0502,6.0449,6.0967,6.0772,6.0325,6.0523,5.9901,6.0387,6.0034,6.007,6.0128,6.0971,6.0875,5.9708,5.9522,5.9859,5.9957,5.9182,5.9083,6.1481,6.1616,6.1531,6.0897,6.0613,6.0483,6.0334,6.0636,6.0571,6.1398,6.1598,6.0507,6.1834,6.0276,6.0389,6.0629,6.1465,6.0424,6.0254,6.0621,6.0186,6.0732,5.9754,5.9181,5.9559,6.2278,6.0629,6.1132,6.0581,6.1207,6.0683,6.0919,6.0844,6.0964,6.0998,6.0561,6.1141,6.1026
LiCl,7.096,7.2654,7.1032,7.1378,7.2654,7.1032,6.7333,6.8277,6.8269,6.8442,6.8204,6.9889,6.9461,6.9084,6.9604,7.029,7.0329,7.1447,7.0251,7.108,6.9742,7.1204,7.0732,7.042,7.0056,6.9273,7.1358,7.0948,7.0102,7.0122,7.0466,7.1221,6.9758,6.9524,7.1732,6.9931,6.9969,6.9968,7.0027,7.1076,7.076,6.9665,6.983,6.9481,7.0254,6.9808,6.9157,6.931,7.1027,6.9345,6.8639,6.9066,6.8993,6.8913,6.8398,6.8259,7.165,7.1511,7.1296,7.0729,7.0053,7.0052,6.9815,7.0235,7.0069,7.0636,7.1141,7.0328,7.2504,6.986,6.9745,7.0199,7.1409,6.9944,6.9841,7.065,6.9772,7.0414,6.8497,6.8367,7.1029,7.1799,7.0529,7.1276,7.0438,7.0808,7.0065,7.0456,7.0388,7.0603,7.0614,7.0191,7.0765,7.0655
LiCN,6.9851,7.1048,7.0327,7.0197,7.1048,7.0327,6.7274,6.8047,6.804,6.8165,6.802,6.9238,6.8966,6.8664,6.9044,6.96,6.9355,7.0047,6.944,6.967,6.9166,7.0246,6.9627,6.9742,6.9154,6.8723,6.9905,7.0005,6.9163,6.9288,6.9149,7.044,6.9108,6.8946,7.0688,6.9226,6.9378,6.9359,6.9324,7.0023,6.9746,6.9139,6.9172,6.8705,6.951,6.9017,6.8782,6.8601,6.9485,6.8927,6.827,6.8206,6.8427,6.8668,6.8143,6.8032,7.0171,7.0303,7.02,6.9624,6.9151,6.9244,6.9231,6.953,6.9216,6.9691,7.0011,6.9489,7.0848,6.923,6.9183,6.9421,7.0465,6.911,6.9164,6.9714,6.8924,6.9735,6.8319,6.8051,6.8212,7.0931,6.9434,7.0073,6.9422,6.9955,6.9411,6.9699,6.9715,6.9835,6.9858,6.9434,6.9771,6.9739
LiF,6.2879,6.4533,6.2823,6.3228,6.4533,6.2823,6.0341,6.0867,6.0862,6.0935,6.0877,6.2176,6.1915,6.129,6.1762,6.2204,6.2404,6.2417,6.2653,6.2688,6.206,6.2839,6.2446,6.2225,6.2179,6.1493,6.2726,6.291,6.1825,6.2167,6.2567,6.2803,6.1558,6.1374,6.3366,6.1788,6.2178,6.2176,6.2241,6.3155,6.2636,6.1787,6.2029,6.3143,6.2743,6.2524,6.1321,6.1497,6.268,6.2041,6.1023,6.1585,6.1273,6.1255,6.0928,6.0854,6.2664,6.2863,6.2807,6.2444,6.2177,6.2172,6.215,6.2888,6.2593,6.2758,6.2796,6.2647,6.4406,6.2167,6.2095,6.2301,6.3242,6.1847,6.223,6.2905,6.159,6.2222,6.1008,6.0848,6.1561,6.3149,6.2382,6.3293,6.2401,6.2572,6.2201,6.25,6.2344,6.257,6.2748,6.2377,6.2467,6.2483
LiH,5.8286,6.0022,5.9089,5.8343,6.0022,5.9089,5.4571,5.6099,5.6093,5.6155,5.6037,5.7527,5.7255,5.7265,5.7673,5.8403,5.85,5.9752,5.7661,5.8991,5.7458,5.8992,5.8465,5.8839,5.7572,5.6977,5.9518,5.8805,5.7846,5.7699,5.7909,5.9568,5.7984,5.7721,5.9788,5.8019,5.793,5.7849,5.7619,5.8585,5.8515,5.816,5.7779,5.7022,5.903,5.7937,5.7828,5.6923,5.8905,5.6252,5.6263,5.4829,5.6251,5.7032,5.6334,5.6102,5.9531,5.9348,5.9094,5.846,5.7566,5.7729,5.7467,5.8309,5.7374,5.8883,5.8951,5.7651,5.9694,5.7524,5.7521,5.7801,5.9491,5.8214,5.7332,5.801,5.6599,5.8829,5.6679,5.5924,5.5026,6.1132,5.803,5.8711,5.7966,5.8908,5.7903,5.8286,5.8337,5.8323,5.8419,5.7695,5.8514,5.8037
LiOH,4.5664,4.676,4.5476,4.5935,4.676,4.5476,4.2471,4.3194,4.3188,4.3768,4.3548,4.4867,4.4456,4.4243,4.4642,4.5114,4.537,4.5938,4.5197,4.5355,4.4839,4.5739,4.5195,4.5274,4.4851,4.4489,4.5731,4.5634,4.4564,4.4856,4.5002,4.574,4.4733,4.4538,4.6112,4.4869,4.4959,4.4973,4.5064,4.5709,4.5533,4.4779,4.4878,4.464,4.5002,4.4576,4.4398,4.4428,4.516,4.5242,4.4031,4.3895,4.4109,4.424,4.3294,4.3186,4.5559,4.5735,4.5704,4.5191,4.4847,4.4543,4.478,4.526,4.4955,4.5564,4.5578,4.4982,4.6425,4.4861,4.4851,4.5169,4.5935,4.4928,4.4881,4.5403,4.4559,4.5266,4.3873,4.3571,4.2311,4.63,4.4543,4.5485,4.4602,4.5324,4.4783,4.5064,4.5101,4.5276,4.5262,4.5033,4.5025,4.4915
N2H4,2.7179,2.8312,2.7549,2.746,2.8312,2.7549,2.7148,2.7282,2.7279,2.6368,2.6383,2.7071,2.7014,2.6332,2.6618,2.6819,2.6692,2.6179,2.7243,2.727,2.6825,2.7538,2.7593,2.601,2.7299,2.6257,2.5868,2.731,2.7671,2.7388,2.6486,2.7131,2.6274,2.6158,2.7596,2.6432,2.7017,2.6991,2.689,2.7655,2.6907,2.6482,2.6802,2.8328,2.8186,2.7332,2.6188,2.6232,2.6392,2.4947,2.6128,2.6778,2.621,2.6391,2.729,2.727,2.7825,2.7779,2.7631,2.7595,2.7301,2.7745,2.681,2.783,2.7409,2.746,2.7732,2.7743,2.861,2.7039,2.6876,2.6815,2.7715,2.6137,2.6901,2.7354,2.6028,2.6012,2.6318,2.6659,2.7424,2.6677,2.8433,2.822,2.8258,2.753,2.7161,2.7344,2.7078,2.726,2.7292,2.705,2.7349,2.7501
NaCl,9.0066,9.2255,9.0054,9.0642,9.2255,9.0054,8.3073,8.4917,8.4903,8.4901,8.409,8.7843,8.6793,8.6198,8.7253,8.8465,8.8683,9.056,8.8733,9.0261,8.7478,9.022,8.9461,8.7974,8.817,8.6475,8.9964,8.9599,8.8656,8.8531,8.8201,9.0054,8.7667,8.7103,9.0869,8.7895,8.8187,8.8128,8.8033,8.9912,8.9231,8.7466,8.7691,8.7737,8.9307,8.7404,8.6482,8.6154,8.9633,8.752,8.5141,8.4581,8.5431,8.635,8.5165,8.4894,9.0734,9.0588,9.0346,8.9446,8.8152,8.8073,8.6878,8.907,8.8176,8.996,9.0485,8.8542,9.1871,8.7757,8.7548,8.8296,9.0484,8.7699,8.7458,8.8939,8.73,8.7944,8.5015,8.5014,7.241,9.1063,8.895,9.0088,8.8807,8.9693,8.8165,8.8882,8.9014,8.937,8.9379,8.8444,8.9834,8.991
NaCN,8.8903,9.0668,8.9312,8.9373,9.0668,8.9312,8.4293,8.5613,8.5603,8.5643,8.524,8.7682,8.7081,8.6584,8.7303,8.8062,8.8197,8.9183,8.8265,8.8927,8.7508,8.9355,8.8532,8.7845,8.7708,8.6785,8.8703,8.884,8.794,8.7977,8.7535,8.9143,8.7515,8.7117,8.9718,8.7638,8.7972,8.7941,8.7831,8.9048,8.8518,8.7465,8.7595,8.756,8.8774,8.7501,8.6805,8.6528,8.835,8.7125,8.5816,8.5639,8.5981,8.6739,8.5782,8.5593,8.9287,8.942,8.9324,8.8521,8.7695,8.7756,8.7184,8.8615,8.7855,8.9026,8.928,8.8209,9.0309,8.7646,8.7545,8.7997,8.96,8.741,8.7432,8.8407,8.6971,8.7821,8.5797,8.5621,7.0661,9.0079,8.8189,8.9107,8.8138,8.89,8.7927,8.841,8.8916,8.8781,8.8753,8.8076,8.8798,8.8197
NaF,8.1339,8.327,8.1393,8.1793,8.327,8.1393,7.6259,7.7622,7.7612,7.7239,7.6934,7.9942,7.9368,7.7971,7.9055,7.9811,8.0192,8.0333,8.0945,8.1313,7.9648,8.1105,8.0619,7.9412,8.0017,7.8316,8.0548,8.106,7.9776,8.0118,7.9739,8.0686,7.8832,7.8385,8.1635,7.9263,8.0062,8.0003,7.9985,8.1525,8.0702,7.9135,7.9627,8.1678,8.1062,8.0405,7.8105,7.8055,8.0006,7.871,7.7184,7.7797,7.7659,7.8314,7.7791,7.7601,8.0985,8.1194,8.1097,8.0612,8.0008,8.0066,7.9447,8.1385,8.0698,8.1353,8.1417,8.0574,8.3058,7.991,7.9757,8.0075,8.1722,7.9124,7.9881,8.1073,7.8656,7.9396,7.7467,7.7275,6.4584,8.1397,8.053,8.1721,8.0525,8.0952,8.0132,8.0674,8.0495,8.0896,8.0921,8.0393,8.0641,8.0876
NaH,6.3966,6.9901,6.6465,6.457,6.9901,6.6465,5.4049,5.6711,5.6698,5.7562,5.6544,6.2036,6.0291,6.1185,6.2527,6.3353,6.7503,7.1027,6.4697,6.6549,6.1436,6.765,6.6014,6.2724,6.3917,6.069,6.7105,6.5205,6.4944,6.3945,6.6762,6.7419,6.312,6.2275,6.864,6.3376,6.2692,6.2876,6.2592,6.5699,6.634,6.3911,6.2464,6.1954,6.9214,6.4841,6.2782,6.0688,6.9917,6.7074,5.8427,5.569,5.762,5.9556,5.7148,5.6712,6.8956,6.8356,6.7993,6.5984,6.3887,6.2841,6.0997,6.5063,6.4567,6.7966,6.7539,6.3043,6.894,6.1827,6.151,6.3097,6.8321,6.1613,6.172,6.379,5.9241,6.2668,5.8063,5.7683,5.0844,7.132,6.4659,6.6042,6.4236,6.6225,6.2528,6.3849,6.4695,6.4624,6.462,6.2937,6.4173,6.2961
NaOH,6.769,6.8453,6.7641,6.7881,6.8453,6.7641,6.4129,6.4907,6.4903,6.5523,6.5324,6.6706,6.6327,6.603,6.6468,6.6763,6.7186,6.7786,6.6976,6.7228,6.6705,6.7484,6.6959,6.7017,6.6592,6.6301,6.7601,6.7312,6.6372,6.6697,6.6388,6.7137,6.6741,6.6476,6.7577,6.6807,6.6846,6.686,6.6926,6.7482,6.7397,6.6586,6.6666,6.6091,6.6582,6.6229,6.6173,6.6141,6.6689,6.6455,6.5796,6.5337,6.59,6.6151,6.5013,6.49,6.7168,6.7399,6.7415,6.6949,6.6582,6.6354,6.6559,6.7016,6.6702,6.7377,6.736,6.6672,6.8029,6.67,6.671,6.7017,6.7711,6.677,6.667,6.7187,6.645,6.6997,6.5635,6.5281,5.9883,6.8059,6.6256,6.7224,6.6343,6.7303,6.6796,6.708,6.712,6.7322,6.7313,6.6964,6.7151,6.7107
NH2Cl,1.9468,2.0904,1.9424,1.9596,2.0904,1.9424,1.9468,1.9478,1.9477,1.918,1.906,1.9684,1.9494,1.9473,1.9647,2.0075,1.9221,1.9854,1.9422,1.9714,1.9567,1.9838,1.9734,1.9631,1.9527,1.9228,2.0135,2.0229,1.9561,1.9704,2.0031,2.0266,1.9669,1.9494,2.0516,1.9656,1.9607,1.9599,1.9647,2.016,1.9794,1.9564,1.9558,1.9287,1.9741,1.9398,1.9386,1.9299,2.0598,1.9963,1.9132,1.9821,1.9219,1.9205,1.9474,1.9475,1.9815,1.9831,1.9835,1.9737,1.9529,1.9706,1.9567,1.954,1.9399,1.9377,1.9587,2.0051,2.0937,1.9675,1.9594,1.9622,2.0099,1.959,1.9504,1.9876,1.9322,1.9635,1.903,1.9356,2.0974,1.9804,1.9913,2.0269,1.9919,1.9535,1.9503,1.9605,1.9487,1.9524,1.9551,1.9474,1.9655,1.9621
NH2F,2.2688,2.5062,2.2803,2.3051,2.5062,2.2803,2.1552,2.2072,2.2066,2.1472,2.1709,2.247,2.2575,2.1838,2.2211,2.2576,2.2608,2.1673,2.2809,2.3054,2.2289,2.272,2.2854,2.1879,2.2709,2.1677,2.1807,2.3188,2.2524,2.2589,2.2854,2.2377,2.2009,2.1907,2.3174,2.2237,2.2394,2.2388,2.2331,2.3403,2.2693,2.2045,2.2288,2.4052,2.3307,2.2783,2.166,2.1791,2.2827,2.1459,2.1283,2.2753,2.1632,2.1504,2.2126,2.2053,2.2964,2.2899,2.2796,2.2855,2.271,2.3153,2.2665,2.3289,2.3051,2.2588,2.2743,2.3331,2.5542,2.2453,2.2353,2.238,2.3196,2.2186,2.269,2.3365,2.1499,2.188,2.1579,2.151,2.1363,2.2063,2.3733,2.4214,2.3603,2.2854,2.2738,2.2971,2.2494,2.2651,2.2707,2.2681,2.3108,2.295
NH2OH,0.7044,0.8059,0.7134,0.7228,0.8059,0.7134,0.6193,0.6543,0.654,0.6307,0.6484,0.6802,0.6913,0.6545,0.6724,0.6962,0.6958,0.6418,0.7055,0.7246,0.6739,0.695,0.7103,0.6476,0.7015,0.6452,0.6284,0.7231,0.6921,0.689,0.688,0.6619,0.6635,0.6609,0.7077,0.6761,0.678,0.6776,0.674,0.7254,0.6937,0.6627,0.6747,0.7694,0.7357,0.6939,0.6439,0.6511,0.6715,0.6176,0.6222,0.6966,0.6423,0.6331,0.6583,0.6532,0.7216,0.7107,0.702,0.7104,0.7016,0.7242,0.7032,0.7335,0.7214,0.6917,0.7026,0.7301,0.8329,0.6792,0.6772,0.6787,0.7224,0.6768,0.6994,0.7313,0.6319,0.6477,0.6413,0.6262,0.6562,0.636,0.7572,0.7734,0.7473,0.7141,0.7033,0.7155,0.6907,0.6994,0.7018,0.7013,0.7251,0.7185
NH3,1.5289,1.6182,1.5402,1.5492,1.6182,1.5402,1.5029,1.5265,1.5262,1.4748,1.4737,1.5269,1.5204,1.4784,1.4988,1.5122,1.5159,1.4821,1.5462,1.5524,1.5106,1.5554,1.563,1.4586,1.5426,1.4712,1.4566,1.5454,1.5673,1.5475,1.511,1.56,1.4694,1.4623,1.5847,1.4824,1.5222,1.5229,1.5174,1.5699,1.5191,1.4936,1.5108,1.6307,1.6212,1.5667,1.473,1.4762,1.5003,1.4166,1.4625,1.5056,1.4662,1.4766,1.5291,1.5257,1.5807,1.5724,1.5631,1.5631,1.5426,1.5683,1.5177,1.5837,1.5603,1.5622,1.5699,1.5722,1.6369,1.5249,1.5136,1.5126,1.5694,1.4786,1.5185,1.5506,1.4488,1.4586,1.4712,1.4914,1.5627,1.5217,1.614,1.6049,1.6017,1.5488,1.5248,1.5365,1.5226,1.5321,1.5324,1.5235,1.5356,1.5418
NH3-BH3,5.281,5.3653,5.2798,5.2928,5.3653,5.2798,5.2969,5.2789,5.2789,5.251,5.2372,5.2904,5.2714,5.2393,5.2572,5.3086,5.246,5.2777,5.258,5.3635,5.2908,5.3501,5.3208,5.3306,5.3162,5.2466,5.4078,5.3244,5.338,5.3179,5.3004,5.3252,5.2761,5.259,5.3418,5.2718,5.2886,5.2906,5.2899,5.3202,5.2871,5.264,5.2802,5.1332,5.3791,5.3077,5.2473,5.2315,5.3985,5.2416,5.2503,5.2421,5.2373,5.2599,5.276,5.2787,5.3262,5.3397,5.3425,5.3207,5.3161,5.3069,5.2025,5.2548,5.2624,5.3285,5.3265,5.3043,5.3405,5.2873,5.2924,5.2778,5.3724,5.2833,5.2639,5.2862,5.2249,5.3303,5.2322,5.2682,5.2671,5.483,5.3345,5.327,5.3285,5.2975,5.2732,5.2803,5.2927,5.2939,5.2912,5.2772,5.2848,5.3109
NH3-NH3,2.1345,2.2116,2.1468,2.1496,2.2116,2.1468,2.2089,2.2229,2.2228,2.1436,2.1407,2.1679,2.1654,2.139,2.1489,2.1616,2.1453,2.1143,2.167,2.1768,2.1515,2.1856,2.1849,2.0919,2.1697,2.1291,2.0771,2.1773,2.2009,2.1815,2.1423,2.198,2.1078,2.1016,2.2087,2.1154,2.1695,2.1669,2.1518,2.1915,2.1412,2.1383,2.1612,2.2522,2.2531,2.1989,2.1271,2.1368,2.1418,2.0642,2.1214,2.167,2.1217,2.1461,2.2246,2.2226,2.1998,2.1954,2.1902,2.1849,2.1697,2.2036,2.1448,2.2071,2.1842,2.1886,2.1926,2.2101,2.2346,2.167,2.1551,2.1484,2.1962,2.1089,2.1497,2.1693,2.0956,2.0919,2.1401,2.173,2.187,2.1418,2.2418,2.2206,2.2328,2.1632,2.1527,2.1582,2.1509,2.1506,2.1519,2.1465,2.1455,2.1563
NH3O,5.3942,5.5629,5.4782,5.4557,5.5629,5.4782,5.0961,5.1549,5.1542,5.0476,5.0569,5.2626,5.2447,5.0786,5.1631,5.18,5.23,5.0747,5.3607,5.3889,5.2119,5.373,5.4111,5.0922,5.3635,5.0541,5.0788,5.3241,5.3824,5.3355,5.2064,5.2292,5.095,5.0915,5.3785,5.1594,5.2408,5.2361,5.2379,5.413,5.3136,5.1615,5.1989,5.578,5.4679,5.3483,5.0791,5.0468,5.1626,4.9481,5.0126,5.1227,5.0495,5.0566,5.161,5.1524,5.4855,5.4482,5.4041,5.4115,5.3638,5.4048,5.2266,5.4566,5.3755,5.3759,5.4521,5.3526,5.604,5.2546,5.2261,5.2257,5.417,5.0837,5.2655,5.3774,5.0765,5.0926,5.0639,5.0677,5.1579,5.1856,5.5485,5.5292,5.5088,5.4219,5.3187,5.3732,5.3275,5.3786,5.382,5.3235,5.3668,5.4186
OCl2,0.5625,0.71,0.5795,0.6141,0.71,0.5795,0.4548,0.5154,0.5147,0.4656,0.4931,0.535,0.5546,0.461,0.4898,0.4873,0.5782,0.4232,0.6158,0.581,0.5199,0.5536,0.5756,0.4525,0.576,0.4747,0.3836,0.5516,0.5595,0.5508,0.5189,0.4076,0.4911,0.4951,0.487,0.5181,0.532,0.5327,0.5225,0.601,0.5487,0.4817,0.5188,0.7757,0.628,0.6037,0.4523,0.4809,0.4361,0.3751,0.4491,0.515,0.4723,0.4678,0.5223,0.5134,0.5811,0.5739,0.5623,0.5753,0.5757,0.6083,0.5377,0.6422,0.6333,0.5903,0.5871,0.5926,0.7611,0.5334,0.5241,0.5244,0.5831,0.5075,0.5624,0.6085,0.4425,0.4521,0.482,0.4636,0.5525,0.4698,0.6643,0.6793,0.6469,0.5802,0.561,0.5793,0.5358,0.558,0.5594,0.562,0.5693,0.5674
P2H4,0.9979,1.1138,0.9996,1.0145,1.1138,0.9996,1.0536,1.019,1.0192,0.9677,0.8811,1.0244,0.9348,0.9821,1.0014,1.027,0.8768,1.0152,0.9533,0.9706,0.9714,1.0571,1.08,0.8857,0.9287,0.9448,1.0372,1.0443,1.1052,1.075,0.8876,1.191,1.0313,1.0137,1.1855,1.03,0.9918,0.9988,1.0221,1.0775,1.0353,0.9911,0.9634,1.0984,1.0282,0.9954,0.9713,0.9634,1.0043,0.8547,0.9654,1.0209,0.9611,0.9518,1.0139,1.0195,1.1314,1.0931,1.0793,1.0804,0.9291,1.0041,1.0082,1.0079,0.9813,0.9806,1.0569,1.0728,1.095,1.0182,0.9688,1.0091,0.9778,0.9576,0.9307,0.9803,1.0454,0.8864,0.9039,1.0329,1.145,0.9522,1.0684,1.0534,1.06,1.0214,0.9615,0.9794,0.9923,1.02,1.0125,0.9651,0.9941,1.023
PH2OH,0.6836,0.7084,0.6788,0.6966,0.7084,0.6788,0.6286,0.6516,0.6513,0.661,0.7194,0.6566,0.7183,0.6529,0.6524,0.6427,0.7691,0.6622,0.7324,0.7247,0.6835,0.6492,0.6372,0.7521,0.7329,0.6768,0.6942,0.6579,0.6105,0.63,0.7837,0.5808,0.6059,0.6085,0.5951,0.6105,0.6741,0.67,0.6541,0.66,0.6551,0.6531,0.6848,0.7145,0.6992,0.7288,0.6546,0.6686,0.7344,0.7728,0.6604,0.661,0.6667,0.6712,0.6556,0.651,0.6123,0.6337,0.6371,0.637,0.7327,0.7043,0.6829,0.6959,0.7256,0.7114,0.6676,0.6659,0.7514,0.6597,0.686,0.6608,0.7242,0.6719,0.7238,0.7227,0.6024,0.7515,0.6943,0.629,0.5577,0.7746,0.6979,0.7211,0.6932,0.6686,0.7017,0.7002,0.6734,0.6613,0.6679,0.6993,0.6888,0.6714
PH3,0.6069,0.6554,0.6034,0.6136,0.6554,0.6034,0.6648,0.6504,0.6506,0.6026,0.5218,0.6363,0.5569,0.6097,0.6207,0.644,0.5163,0.6326,0.5727,0.5909,0.5937,0.6544,0.6668,0.5162,0.5465,0.5753,0.6406,0.6478,0.7018,0.6754,0.5213,0.7883,0.6399,0.6267,0.7691,0.6368,0.6108,0.6184,0.6331,0.6681,0.6309,0.6105,0.5906,0.6821,0.6396,0.6069,0.5991,0.5937,0.6222,0.487,0.5991,0.6494,0.5894,0.5888,0.6484,0.6509,0.7059,0.677,0.6702,0.6669,0.5467,0.6061,0.6191,0.6125,0.5931,0.5976,0.6466,0.6796,0.65,0.6317,0.5915,0.6221,0.6031,0.5871,0.5596,0.5917,0.6522,0.5166,0.5437,0.6622,0.7048,0.5824,0.6519,0.6327,0.6477,0.6165,0.5735,0.5853,0.6061,0.6233,0.6142,0.5839,0.5955,0.6216
PH3O,3.7704,4.231,3.7393,3.8866,4.231,3.7393,3.4967,3.5852,3.5842,3.4761,3.5157,3.7147,3.7172,3.5009,3.5937,3.5942,3.654,3.4194,3.8672,3.7539,3.6556,3.775,3.8294,3.4719,3.7607,3.5149,3.4696,3.7797,3.7439,3.7572,3.6596,3.6456,3.5351,3.5247,3.825,3.6066,3.6901,3.6842,3.6888,3.9231,3.797,3.5631,3.6435,4.44,3.9589,3.8706,3.4682,3.5284,3.5443,3.3451,3.4415,3.623,3.5107,3.4832,3.5945,3.5819,3.8589,3.8378,3.8044,3.8297,3.7609,3.8596,3.6683,4.0226,3.8874,3.7998,3.8445,3.8223,4.3102,3.7089,3.6695,3.6885,3.7918,3.5384,3.7131,3.8636,3.501,3.4723,3.4964,3.4847,3.5007,3.4497,4,4.082,3.9685,3.7612,3.7149,3.7669,3.6692,3.7253,3.7335,3.7092,3.7283,3.7454
S2H2,1.1425,1.2316,1.1575,1.1592,1.2316,1.1575,1.1377,1.1393,1.1392,1.0914,1.0475,1.1452,1.0973,1.0993,1.1194,1.1473,1.0483,1.1378,1.1218,1.1657,1.1124,1.1667,1.1819,1.0993,1.1093,1.0838,1.1786,1.1696,1.1879,1.1727,1.0768,1.2306,1.1407,1.1308,1.2468,1.1463,1.127,1.1287,1.1392,1.1945,1.1561,1.1085,1.1108,1.1902,1.1598,1.1449,1.0876,1.0979,1.1387,1.0333,1.0839,1.1415,1.0952,1.0845,1.1392,1.1391,1.2197,1.1928,1.1812,1.1821,1.1094,1.1493,1.124,1.1594,1.1294,1.1314,1.1788,1.178,1.2427,1.1419,1.113,1.1341,1.1532,1.1053,1.1005,1.1428,1.1377,1.0996,1.0571,1.1305,1.293,1.1054,1.1992,1.1977,1.1914,1.1531,1.1202,1.1363,1.1316,1.1506,1.1484,1.1202,1.1461,1.1576
SCl2,0.3891,0.4749,0.3924,0.4187,0.4749,0.3924,0.2645,0.2953,0.295,0.2996,0.3394,0.3513,0.3809,0.3189,0.3386,0.3506,0.4277,0.3648,0.4039,0.3923,0.3602,0.3712,0.3783,0.3447,0.4047,0.3317,0.3122,0.384,0.3471,0.3539,0.3885,0.3246,0.3113,0.3142,0.373,0.3298,0.353,0.3501,0.3495,0.3924,0.3824,0.3277,0.355,0.415,0.3733,0.3594,0.3069,0.3307,0.332,0.373,0.2977,0.334,0.3303,0.3047,0.2986,0.294,0.3777,0.3783,0.3728,0.3785,0.4048,0.4049,0.3842,0.3919,0.3959,0.3755,0.376,0.3413,0.4949,0.351,0.3636,0.3565,0.4073,0.3631,0.39,0.4166,0.2962,0.3445,0.3182,0.2746,0.319,0.3236,0.4278,0.4495,0.4188,0.3795,0.3847,0.3952,0.3639,0.3698,0.3746,0.382,0.3878,0.3777
SF2,1.0555,1.2916,1.0534,1.1263,1.2916,1.0534,0.7193,0.8444,0.8431,0.7973,0.8705,0.9557,1.0029,0.8206,0.8841,0.8549,1.0518,0.8065,1.1042,1.0359,0.9388,0.9688,0.9949,0.8641,1.0244,0.844,0.7225,0.9922,0.9224,0.9575,0.9911,0.8242,0.7969,0.8097,0.9681,0.8643,0.9452,0.946,0.9373,1.0896,1.0232,0.8626,0.9374,1.3716,1.0902,1.0922,0.7971,0.8627,0.8172,0.8645,0.7726,0.9825,0.8491,0.799,0.8581,0.8406,0.9971,0.9925,0.9778,0.9947,1.0242,1.0681,1.0251,1.1497,1.139,1.0284,1.0208,1.0251,1.3826,0.9548,0.949,0.9525,1.0696,0.8846,1.0427,1.1336,0.8333,0.8637,0.8472,0.7617,0.7841,0.8392,1.1353,1.2203,1.1185,1.0068,1.0208,1.0565,0.9768,1.0065,1.0115,1.0318,1.0485,1.0398
SH2,0.9939,1.0672,1.008,1.0062,1.0672,1.008,1.004,1.0114,1.0114,0.9656,0.9198,1.0096,0.9618,0.9723,0.9885,1.0134,0.926,1.0187,0.9816,1.0267,0.9796,1.0272,1.0383,0.9685,0.9704,0.9565,1.045,1.0289,1.0518,1.035,0.9571,1.1244,0.9981,0.9893,1.1247,1.0029,0.9926,0.996,1.0043,1.0498,1.0136,0.9775,0.9794,1.0299,1.0245,1.0104,0.9606,0.9727,1.0197,0.9248,0.9593,1.0186,0.9679,0.9582,1.0121,1.0112,1.0738,1.0483,1.0397,1.0384,0.9705,1.0075,0.9963,1.0132,0.992,0.9943,1.0307,1.0433,1.0786,1.0067,0.9794,0.9997,1.016,0.9756,0.9668,1.0019,1.005,0.9687,0.929,1.0047,1.0809,0.9868,1.0515,1.0454,1.0449,1.006,0.9792,0.9923,0.9929,1.0077,1.0042,0.9822,1.0013,1.0122
SiH3Cl,1.3645,1.446,1.3563,1.4026,1.446,1.3563,1.2046,1.2625,1.2619,1.2105,1.2175,1.2927,1.2892,1.2338,1.2631,1.2608,1.2797,1.2583,1.3743,1.2723,1.2675,1.3141,1.3371,1.1016,1.2854,1.24,1.1241,1.319,1.3113,1.3095,1.2921,1.2823,1.2299,1.2326,1.3401,1.2604,1.2834,1.2801,1.2809,1.3646,1.3336,1.2328,1.2693,1.6746,1.2893,1.2933,1.2005,1.2527,1.1885,1.1492,1.1954,1.2974,1.2543,1.2098,1.2687,1.2605,1.3778,1.3489,1.3295,1.3375,1.2858,1.3484,1.2925,1.3966,1.3633,1.2849,1.3445,1.3091,1.4938,1.2907,1.2703,1.2934,1.3277,1.2286,1.2915,1.3463,1.285,1.1022,1.2114,1.2189,1.5529,1.0833,1.4068,1.422,1.393,1.3262,1.3191,1.3414,1.2997,1.33,1.3318,1.3094,1.3535,1.3523
SiH3F,1.3123,1.4109,1.2979,1.3443,1.4109,1.2979,1.1576,1.2394,1.2385,1.1743,1.1885,1.2668,1.2687,1.1682,1.2056,1.2043,1.2913,1.1714,1.3366,1.1905,1.2355,1.2649,1.2694,1.095,1.2433,1.1632,1.0192,1.2821,1.2437,1.2702,1.2311,1.2041,1.1634,1.1684,1.2809,1.2031,1.2476,1.2494,1.2463,1.3452,1.3013,1.183,1.2303,1.5861,1.3103,1.2884,1.1435,1.1768,1.1024,1.0763,1.1472,1.3284,1.1912,1.1603,1.2486,1.2373,1.2904,1.2834,1.2707,1.2696,1.2435,1.3123,1.3197,1.3616,1.3639,1.2409,1.2693,1.3275,1.4905,1.2653,1.2424,1.2489,1.3183,1.1861,1.2836,1.343,1.2379,1.0955,1.1919,1.1775,1.1921,1.093,1.3574,1.4006,1.3521,1.2682,1.2831,1.3035,1.2614,1.2834,1.2831,1.2835,1.3144,1.3148
SiO,3.1123,3.7291,3.0235,3.3118,3.7291,3.0235,2.8603,2.984,2.9825,2.9018,3.0032,3.1503,3.2087,2.876,2.981,2.9964,3.2654,2.931,3.4208,3.2381,3.108,3.192,3.2523,3.0336,3.3512,2.9416,2.9199,3.2239,3.1087,3.1562,3.3174,2.8593,2.8785,2.8724,3.1192,2.9669,3.135,3.118,3.1209,3.3721,3.2812,2.9483,3.0939,3.7986,3.3255,3.3449,2.8401,2.9484,3.0075,3.0706,2.8615,2.9847,2.9532,2.9119,2.9985,2.9799,3.2896,3.2668,3.22,3.2523,3.3512,3.3328,3.2438,3.5027,3.4151,3.3159,3.3334,3.1757,3.8549,3.1487,3.1277,3.1237,3.3315,2.9984,3.2327,3.3887,2.931,3.0337,2.9742,2.8657,2.7391,2.9279,3.4596,3.5829,3.4274,3.1006,3.0875,3.1349,3.0046,3.0405,3.0587,3.1155,2.9266,2.9319
SO2,1.6286,2.0037,1.5442,1.7297,2.0037,1.5442,1.472,1.5218,1.5212,1.485,1.5544,1.6229,1.6656,1.4889,1.5447,1.5444,1.6958,1.46,1.777,1.6691,1.6131,1.6555,1.6851,1.5318,1.7243,1.5125,1.4512,1.6689,1.6108,1.6316,1.6659,1.4512,1.4994,1.498,1.5982,1.5471,1.6156,1.6103,1.6096,1.7507,1.6839,1.5304,1.5976,2.0211,1.767,1.7575,1.4733,1.5084,1.5099,1.5155,1.467,1.5616,1.5048,1.4925,1.5268,1.5197,1.6759,1.6805,1.6639,1.6851,1.7243,1.7371,1.6485,1.816,1.7914,1.7218,1.7164,1.6715,2.052,1.6214,1.624,1.6075,1.7289,1.5477,1.6779,1.7642,1.4463,1.5317,1.5224,1.4573,1.493,1.5169,1.8123,1.8828,1.7906,1.6103,1.6051,1.6281,1.5628,1.5768,1.5852,1.6246,1.55,1.5547
AlH2,0.4011,0.4236,0.4327,0.4086,0.4311,0.4195,0.2553,0.3405,0.3398,0.3476,0.4342,0.3701,0.4482,0.3562,0.3639,0.3965,0.3562,0.3623,0.5752,0.6668,0.3436,0.358,0.351,0.6295,0.5089,0.3502,0.4705,0.4186,0.3419,0.3492,0.2818,0.3443,0.3518,0.3521,0.3645,0.36,0.4086,0.4001,0.3787,0.3875,0.215,0.3698,0.3348,0.8524,0.4972,0.4646,0.3624,0.3783,0.525,0.301,0.3597,0.1894,0.316,0.3859,0.3539,0.3375,0.2413,0.3267,0.3391,0.3506,0.5084,0.4378,0.2164,0.4724,0.3988,0.4295,0.42,0.24,0.4751,0.3735,0.3277,0.3242,0.4072,0.4116,0.4489,0.4476,0.4332,0.6289,0.3838,0.3132,0.2879,0.501,0.428,0.4519,0.4232,0.4275,0.4515,0.4529,0.3912,0.3873,0.4009,0.4271,0.4617,0.3971
BeH,0.2319,0.2754,0.2625,0.2357,0.2758,0.2541,0.1611,0.1988,0.2001,0.2435,0.3047,0.2521,0.3051,0.1885,0.1945,0.2841,0.1577,0.0918,0.2513,0.5052,0.2018,0.2192,0.2334,0.4447,0.3351,0.0744,0.4055,0.2851,0.2217,0.2306,-0.1734,0.285,0.2567,0.2607,0.2805,0.2617,0.2693,0.2793,0.2572,0.2581,0.2019,0.1926,0.1599,0.4777,0.3808,0.3152,0.1869,0.0585,0.4845,0.4021,0.2509,0.3462,0.1228,0.2617,0.2231,0.2039,0.1492,0.1689,0.22,0.2334,0.335,0.2799,0.1952,0.1421,0.1684,0.2054,0.1765,0.3017,0.3027,0.2554,0.1882,0.1609,0.2756,0.3205,0.3107,0.305,0.1065,0.4445,0.2869,0.2029,-0.1673,0.2853,0.2604,0.2839,0.2572,0.2226,0.2934,0.2904,0.2463,0.2484,0.2483,0.2845,0.2844,0.2377
BH,1.4103,1.232,1.5568,1.453,1.7409,1.6232,1.3781,1.5949,1.5951,1.4116,1.4931,1.4148,1.5284,1.3956,1.3944,1.2429,1.4795,1.2067,1.5601,1.5045,1.5563,1.625,1.6403,1.4585,1.5183,1.5266,1.6163,1.255,1.4483,1.4384,1.4828,1.3595,1.3815,1.3962,1.3793,1.4,1.4893,1.4336,1.3916,1.4155,1.5801,1.432,1.5543,1.5798,1.6087,1.5582,1.4351,1.4849,1.4964,1.3338,1.3806,1.5077,1.472,1.449,1.5868,1.5942,1.6812,1.654,1.654,1.6404,1.5184,1.5593,1.5187,1.5979,1.5496,1.5901,1.6849,1.5528,1.5244,1.4117,1.5599,1.5717,1.5935,1.3301,1.5175,1.56,1.3983,1.4588,1.3964,1.4571,1.4872,1.6215,1.5851,1.561,1.5972,1.6347,1.5826,1.6006,1.5629,1.5907,1.6001,1.5314,1.5668,1.5397
BH2,0.5004,0.4928,0.5014,0.5015,0.5033,0.5011,0.5441,0.5376,0.5376,0.5103,0.4878,0.5105,0.4921,0.5237,0.5221,0.4665,0.4661,0.4094,0.4768,0.412,0.5278,0.5322,0.5582,0.4423,0.5283,0.5218,0.4104,0.4711,0.5351,0.5254,0.4369,0.4868,0.5025,0.5099,0.4913,0.5098,0.5058,0.5016,0.504,0.5101,0.5777,0.534,0.533,0.5441,0.5595,0.4884,0.5373,0.5136,0.3793,0.3327,0.5015,0.5204,0.5212,0.505,0.5317,0.5396,0.5832,0.5485,0.5438,0.5584,0.5285,0.511,0.5661,0.5763,0.5091,0.5123,0.5107,0.5231,0.4975,0.5087,0.5359,0.5393,0.5162,0.4616,0.5004,0.5046,0.4805,0.4426,0.5064,0.5235,0.5429,0.4,0.5264,0.5088,0.5256,0.5104,0.4927,0.4942,0.5112,0.514,0.5126,0.51,0.4958,0.5207
BN,2.0366,2.8063,2.6966,2.1997,2.8935,2.2173,1.9995,1.8504,1.851,1.89,1.881,2.184,2.1341,1.9087,2.0165,2.165,2.1287,2.0269,2.2985,2.3403,1.9822,2.2036,2.2194,2.0152,2.2121,1.7237,2.2797,2.3536,2.199,2.2193,2.2244,2.1692,2.0847,2.0412,2.367,2.1319,2.136,2.1571,2.1834,2.4372,2.1277,1.9921,1.9005,2.5458,2.3318,2.28,1.8835,1.7713,2.2489,2.1066,1.8912,1.9069,1.7437,1.897,1.8803,1.8535,2.1527,2.22,2.2142,2.2195,2.2122,2.2778,1.8715,2.1724,2.2958,2.1679,2.2768,2.144,2.8863,2.1789,1.9739,1.9632,2.2641,2.0663,2.1174,2.3147,1.9353,2.0153,1.9113,1.8853,1.3824,2.1216,2.4226,2.5659,2.3832,2.1967,2.1133,2.1949,2.0264,2.1467,2.1586,2.0623,1.9741,1.8851
BO,2.3171,2.9026,2.4934,2.431,3.013,2.2932,2.1797,2.2075,2.2079,2.1838,2.2369,2.41,2.4218,2.2014,2.2911,2.3546,2.3643,2.2112,2.5221,2.5303,2.3243,2.4485,2.4668,2.3296,2.4638,2.1159,2.4724,2.5199,2.3486,2.4072,2.508,2.3609,2.2763,2.2456,2.5334,2.3226,2.3858,2.3898,2.406,2.6119,2.4548,2.2735,2.276,2.7996,2.5433,2.5635,2.182,2.1525,2.4802,2.4047,2.178,2.4536,2.1409,2.1961,2.2235,2.2081,2.4251,2.4499,2.4635,2.4669,2.4639,2.5003,2.3116,2.5003,2.5891,2.4301,2.466,2.5231,3.0256,2.4085,2.323,2.3327,2.4907,2.3479,2.4323,2.5798,1.6866,2.3297,2.1999,2.177,1.97,2.3255,2.5861,2.7403,2.5681,2.3389,2.3565,2.3982,2.2783,2.3256,2.3345,2.3614,2.2869,2.2536
BS,0.7834,1.3569,1.1838,0.9016,1.5498,0.7809,0.6525,0.613,0.6138,0.66,0.6715,0.8704,0.8423,0.7253,0.7992,0.8879,0.7978,0.8069,0.9374,1.1016,0.7875,0.9627,0.9716,0.8554,0.9086,0.63,1.1631,1.009,0.8882,0.9005,0.989,0.9215,0.8695,0.837,1.0569,0.899,0.8416,0.8534,0.8877,1.0677,0.8797,0.7915,0.7514,1.0791,0.8917,0.9193,0.7171,0.6878,1.098,0.9198,0.6835,0.8593,0.6427,0.6766,0.6292,0.6141,0.9873,0.9897,0.9816,0.9719,0.9089,0.9445,0.699,0.8197,0.9526,0.8374,0.9578,0.9019,1.4513,0.8664,0.7809,0.7974,0.9544,0.8979,0.8461,0.9908,0.7677,0.8558,0.6426,0.6587,0.4346,0.9153,1.0545,1.1743,1.0216,0.8581,0.8067,0.8525,0.7476,0.8049,0.8117,0.7991,0.7882,0.7359
C2H,0.7601,0.7188,0.7503,0.7592,0.7397,0.76,0.7075,0.7798,0.7795,0.7625,0.7621,0.7525,0.7587,0.7762,0.7713,0.7496,0.7906,0.7825,0.7449,0.7079,0.783,0.7638,0.7819,0.762,0.771,0.8036,0.6701,0.7433,0.7607,0.7553,0.7299,0.7005,0.7854,0.7921,0.7067,0.7871,0.7641,0.7529,0.7489,0.7493,0.8184,0.7762,0.7907,0.6885,0.7872,0.7373,0.7812,0.7859,0.6758,0.6531,0.7571,0.6924,0.7897,0.7696,0.7787,0.7821,0.7997,0.7765,0.7684,0.782,0.7711,0.7629,0.8393,0.8037,0.7721,0.7602,0.7469,0.7495,0.7716,0.7524,0.7893,0.7909,0.7787,0.7509,0.7624,0.7579,0.7363,0.7621,0.7719,0.7554,0.7573,0.71,0.7653,0.763,0.7654,0.7779,0.7675,0.7665,0.7818,0.7775,0.7775,0.7798,0.7779,0.7884
C2H3,0.6867,0.609,0.675,0.679,0.6284,0.6888,0.7569,0.7796,0.7799,0.7214,0.7161,0.6932,0.6978,0.693,0.6845,0.6812,0.646,0.617,0.6468,0.6669,0.7031,0.7038,0.7225,0.677,0.7157,0.6845,0.6072,0.6653,0.7205,0.7028,0.6181,0.6899,0.6912,0.7012,0.6776,0.6938,0.704,0.6953,0.6828,0.6718,0.7236,0.6832,0.6969,0.6509,0.7285,0.674,0.6916,0.6627,0.605,0.5995,0.7061,0.6878,0.6868,0.7238,0.7805,0.785,0.707,0.7019,0.7059,0.7227,0.7158,0.7069,0.6952,0.7221,0.6834,0.6911,0.6957,0.6733,0.6453,0.6926,0.7069,0.6955,0.721,0.6619,0.695,0.6803,0.6582,0.6772,0.7183,0.7408,0.7468,0.5992,0.714,0.6776,0.7133,0.6961,0.6952,0.6899,0.6983,0.6947,0.6959,0.7017,0.6945,0.7039
C2H5,0.314,0.2328,0.3069,0.3011,0.2415,0.3087,0.4473,0.4465,0.4471,0.3809,0.3779,0.3328,0.3413,0.3336,0.3199,0.3324,0.3113,0.3017,0.3087,0.3312,0.3435,0.334,0.3426,0.3296,0.3462,0.3396,0.2946,0.3067,0.3487,0.3363,0.2803,0.3336,0.3125,0.3196,0.3068,0.3098,0.3423,0.3354,0.3229,0.297,0.3354,0.3119,0.3384,0.3334,0.3422,0.305,0.3245,0.3238,0.3075,0.3191,0.3654,0.3695,0.3479,0.3777,0.4466,0.4522,0.3238,0.3268,0.3326,0.3427,0.3464,0.3368,0.3286,0.3333,0.3148,0.3344,0.3408,0.3222,0.2489,0.3327,0.3449,0.3358,0.3417,0.3105,0.3442,0.3195,0.3434,0.3299,0.3686,0.408,0.403,0.2754,0.3322,0.2931,0.335,0.3162,0.3268,0.3162,0.3201,0.3123,0.3151,0.3328,0.3081,0.3092
CF,0.6793,0.4335,0.7294,0.6144,0.4357,0.7298,1.0416,0.9598,0.9609,0.9422,0.8981,0.7849,0.7727,0.8824,0.8242,0.8543,0.7792,0.8963,0.6633,0.7379,0.7987,0.7889,0.7802,0.8513,0.7811,0.8708,0.8809,0.7253,0.876,0.8042,0.6861,0.8687,0.8992,0.9056,0.7372,0.8525,0.8059,0.8013,0.7858,0.6471,0.7215,0.8403,0.7968,0.4566,0.6942,0.6481,0.9001,0.8332,0.7983,0.7572,0.9436,0.717,0.8736,0.9392,0.9517,0.9659,0.7851,0.7826,0.7857,0.7802,0.7811,0.7433,0.7583,0.6366,0.6508,0.7464,0.7616,0.6912,0.3848,0.7846,0.7909,0.7748,0.7295,0.8345,0.7288,0.634,0.8685,0.8514,0.9177,0.976,0.9336,0.8927,0.7096,0.5722,0.7119,0.7767,0.7595,0.7244,0.7856,0.7485,0.7492,0.7345,0.7313,0.7287
CF2,0.5402,0.2072,1.1414,0.5022,0.3475,0.5985,0.8493,0.7846,0.7853,0.7624,0.7149,0.6447,0.6212,0.7252,0.6803,0.714,0.6048,0.7505,0.5204,0.5849,0.6457,0.6559,0.6324,0.6626,0.6014,0.7142,0.706,0.6067,0.7233,0.6639,0.5141,0.7121,0.7544,0.7529,0.6057,0.7108,0.6614,0.66,0.6446,0.5358,0.57,0.6979,0.6518,0.3334,0.5645,0.5077,0.7446,0.6886,0.6042,0.5992,0.7623,0.5648,0.7072,0.7665,0.7775,0.7863,0.6387,0.6474,0.6511,0.6323,0.6013,0.6002,0.5764,0.512,0.4976,0.6197,0.6313,0.5704,0.3013,0.6442,0.6389,0.6331,0.5799,0.6791,0.5789,0.5052,0.7203,0.6625,0.7402,0.7993,0.7285,0.7418,0.5739,0.4617,0.5773,0.6303,0.6076,0.5815,0.638,0.6094,0.608,0.5863,0.5692,0.5771
CH,1.4328,1.3754,1.5525,1.461,1.5722,1.5155,1.3845,1.4746,1.4745,1.3798,1.4136,1.4076,1.4582,1.3926,1.4015,1.3149,1.4867,1.2813,1.4814,1.457,1.4483,1.5087,1.5018,1.4061,1.4663,1.4181,1.4059,1.3345,1.4441,1.4273,1.3864,1.3719,1.3849,1.39,1.3999,1.3992,1.445,1.4197,1.3905,1.4299,1.4561,1.4167,1.4504,1.4633,1.5378,1.4658,1.4086,1.4174,1.365,1.248,1.3575,1.4106,1.4066,1.3998,1.4732,1.4732,1.5332,1.5317,1.5163,1.5019,1.4663,1.5067,1.4841,1.489,1.4351,1.492,1.5384,1.4925,1.5367,1.4058,1.4527,1.4521,1.5125,1.3465,1.4357,1.4709,1.371,1.4062,1.3778,1.4047,1.4732,1.5133,1.554,1.5374,1.5437,1.5132,1.4772,1.4923,1.4714,1.4855,1.4905,1.4502,1.488,1.4803
CH2F,1.3796,1.626,1.4074,1.4295,1.6269,1.4039,1.1062,1.1652,1.1639,1.1534,1.1752,1.3038,1.3009,1.2237,1.2771,1.2685,1.277,1.179,1.3909,1.3494,1.2684,1.3109,1.3152,1.2089,1.2938,1.1979,1.2013,1.3709,1.2725,1.3069,1.3355,1.2856,1.2289,1.2213,1.3912,1.2686,1.283,1.289,1.2952,1.4331,1.3276,1.2623,1.272,1.564,1.3906,1.3815,1.208,1.2278,1.2514,1.1603,1.1425,1.3094,1.1954,1.1553,1.172,1.1581,1.3314,1.3297,1.3173,1.3153,1.2938,1.3583,1.2934,1.4217,1.3875,1.3199,1.3308,1.3932,1.6684,1.3025,1.2748,1.2845,1.3778,1.2526,1.319,1.4116,1.2065,1.209,1.177,1.1353,1.1484,1.2316,1.4164,1.5091,1.4052,1.3541,1.3403,1.3781,1.329,1.3614,1.3662,1.3379,1.397,1.3982
CH2NH,2.0673,2.2357,3.0512,2.1039,2.2415,2.0695,1.9835,2.0018,2.0014,1.9449,1.9604,2.0297,2.032,1.9637,1.9954,2.0125,2.0011,1.9171,2.0533,2.0348,2.0137,2.0726,2.0894,1.9292,2.0556,1.9525,1.9175,2.0711,2.0653,2.0535,1.9544,2.002,1.9715,1.9626,2.0828,1.9914,2.024,2.0198,2.0178,2.1078,2.0464,1.9905,2.0111,2.2212,2.1407,2.038,1.9586,1.9532,1.9259,1.8422,1.9284,1.9875,1.9474,1.9508,2.0032,2.0004,2.1114,2.1005,2.0843,2.0896,2.0558,2.0983,2.0323,2.1444,2.0711,2.0478,2.071,2.0777,2.2695,2.0271,2.0201,2.0145,2.1082,1.9462,2.0177,2.0731,1.9308,1.9295,1.9512,1.9546,1.9463,1.9162,2.1636,2.1775,2.1462,2.0794,2.0452,2.0669,2.0243,2.0477,2.0545,2.0283,2.0622,2.0622
CH2PH,0.8748,1.149,0.7182,0.8695,1.0133,0.8503,0.9601,0.8986,0.8992,0.8991,0.8375,0.9215,0.8575,0.9521,0.9554,0.9959,0.7835,0.9614,0.7795,0.8981,0.9032,0.9358,0.9173,0.9274,0.8055,0.9004,1.0404,0.9699,0.9186,0.9302,0.8274,1.0667,1.045,1.0276,1.0515,1.0265,0.904,0.9105,0.9311,0.9467,0.9312,0.9596,0.9003,0.7407,0.8608,0.7863,0.9572,0.9102,1.0391,0.8804,0.9113,0.9728,0.8948,0.8962,0.8903,0.9,0.9289,0.9264,0.9352,0.9178,0.806,0.8587,0.8908,0.8273,0.8125,0.8102,0.8465,0.9745,0.9986,0.9192,0.9004,0.9244,0.8946,0.9572,0.8525,0.8762,0.9646,0.9281,0.8526,0.9372,1.0414,0.9359,0.8554,0.893,0.8667,0.8925,0.8782,0.8817,0.916,0.9146,0.909,0.884,0.927,0.9453
CH2-singlet,1.4942,1.2932,1.4019,1.4849,1.8897,1.823,1.324,1.458,1.4604,1.3136,1.3547,1.3332,1.384,1.3068,1.3149,1.2459,1.4167,1.2528,1.4187,1.4218,1.4183,1.466,1.5047,1.4157,1.5881,1.3665,1.3554,1.2576,1.3734,1.3533,1.4425,1.3234,1.3143,1.3202,1.3385,1.3268,1.3637,1.3423,1.3177,1.3487,1.4729,1.322,1.4156,1.6236,1.5243,1.5362,1.3143,1.345,1.3904,1.2558,1.2933,1.3844,1.3423,1.3319,1.4737,1.4793,1.518,1.4894,1.4825,1.5049,1.5884,1.4242,1.4761,1.535,1.5662,1.4342,1.4969,1.416,1.4207,1.3314,1.4319,1.4361,1.4915,1.2784,1.406,1.42,1.2833,1.4158,1.3107,1.3375,1.4534,1.3151,1.4604,1.4324,1.4565,1.8285,1.7879,1.8035,1.783,1.7991,1.8025,1.7652,1.7891,1.7842
CH2-triplet,0.5862,0.5665,0.5897,0.5886,0.567,0.5876,0.594,0.6244,0.6239,0.5898,0.5869,0.5939,0.5942,0.5955,0.5968,0.565,0.5915,0.5336,0.5741,0.5592,0.6099,0.6095,0.6362,0.5659,0.6275,0.5921,0.4918,0.5711,0.6179,0.6039,0.543,0.5644,0.5797,0.5858,0.5733,0.5877,0.5957,0.5912,0.586,0.5963,0.6406,0.5997,0.613,0.5762,0.6557,0.6132,0.5988,0.5847,0.4733,0.4858,0.5795,0.578,0.5917,0.5894,0.6229,0.6241,0.6491,0.6222,0.6184,0.6362,0.6275,0.6149,0.6526,0.6365,0.5775,0.6168,0.6199,0.6006,0.6032,0.5931,0.6165,0.6112,0.626,0.5607,0.601,0.6044,0.5429,0.566,0.5919,0.5973,0.6378,0.542,0.6336,0.6126,0.6286,0.596,0.5894,0.5896,0.5961,0.5929,0.5926,0.6002,0.5869,0.6023
CH3O,2.0368,1.9586,1.9965,2.035,1.9433,1.9952,2.2116,2.3031,2.303,2.1216,2.1469,2.0418,2.0917,2.0619,2.0373,2.0659,2.0468,1.9699,2.037,2.074,2.067,2.0651,2.0739,1.9623,2.0613,2.0872,1.8922,2.0234,2.1155,2.0606,1.9673,2.0557,1.9812,1.9906,2.017,1.9817,2.0705,2.058,2.0101,2.0021,2.0137,2.0107,2.0804,2.1145,2.1071,2.0126,2.0323,2.0672,1.8971,1.7554,2.0745,2.1345,2.0977,2.1204,2.3154,2.3098,2.0751,2.0714,2.0669,2.0741,2.0616,2.1171,2.074,2.0848,2.0884,2.0499,2.0615,2.1255,2.0336,2.0412,2.0699,2.0536,2.1179,2.0016,2.0801,2.0483,2.0405,1.9627,2.1119,2.168,2.1292,1.8945,2.1424,2.0577,2.133,2.0267,2.0539,2.036,2.0196,1.9988,2.0044,2.0463,2.0438,2.0292
ClO2,1.8627,2.176,8.7123,1.9416,2.2,1.6755,1.6681,1.7008,1.7004,1.6697,1.726,1.7993,1.8304,1.6766,1.7285,1.7257,1.8471,1.6461,1.9326,1.8658,1.7915,1.8461,1.873,1.7077,1.8852,1.693,1.6699,1.8368,1.8146,1.8188,1.838,1.6804,1.6906,1.6889,1.8072,1.7323,1.7901,1.7873,1.7886,1.9145,1.8531,1.7212,1.7763,2.1466,1.978,1.9402,1.6687,1.6851,1.7182,1.6913,1.6558,1.7332,1.6855,1.6757,1.7039,1.6994,1.8832,1.8769,1.8575,1.8731,1.8853,1.9069,1.8161,1.9812,1.9509,1.9015,1.906,1.8612,2.1618,1.7969,1.8016,1.7837,1.9224,1.7186,1.8405,1.9187,1.6393,1.7075,1.7001,1.6471,1.6506,1.7371,1.9869,2.0319,1.9621,1.7792,1.766,1.7851,1.7545,1.7566,1.7545,1.8016,1.7205,1.7614
CN,1.4318,2.1811,2.3238,1.6025,2.3031,1.6247,1.3179,1.1365,1.1332,1.1547,1.1205,1.4835,1.3668,1.2041,1.3242,1.4423,1.6236,1.4217,1.8395,1.7164,1.3377,1.5447,1.5038,1.3533,1.5307,1.1943,1.6545,1.7043,1.4945,1.5289,1.6404,1.461,1.3437,1.305,1.7334,1.4078,1.388,1.4205,1.485,1.8182,1.4253,1.3092,1.3246,2.1851,1.6163,1.6554,1.1897,1.2773,1.7422,1.3782,1.1548,1.2966,1.2118,1.1374,1.1278,1.1138,1.584,1.6086,1.5617,1.5041,1.5311,1.5438,1.3784,1.5953,1.5353,1.5381,1.6254,1.5849,2.2032,1.4765,1.3413,1.3513,1.5277,1.3747,1.368,1.6096,1.3468,1.3534,1.1474,1.1645,1.1458,1.6962,1.7295,1.9166,1.6893,1.4757,1.2257,1.3725,1.2451,1.4063,1.4138,1.2342,1.1026,1.1552
FCO,0.7678,1.2833,0.7861,0.8383,1.3698,0.6688,0.774,0.7467,0.746,0.7573,0.7542,0.8562,0.8307,0.7823,0.8185,0.8652,0.8575,0.792,0.8986,0.8883,0.8251,0.8641,0.8554,0.8166,0.8279,0.7945,0.9165,0.9431,0.8226,0.8537,0.907,0.8665,0.8083,0.7859,0.956,0.819,0.8337,0.8396,0.8597,0.9757,0.8662,0.8115,0.8301,0.9876,0.9332,0.8911,0.776,0.819,0.9338,0.9146,0.7607,0.8032,0.7885,0.7613,0.7444,0.7405,0.8862,0.8797,0.8692,0.8553,0.8278,0.8674,0.8706,0.9292,0.8372,0.8577,0.8466,0.915,1.2334,0.8554,0.8277,0.8381,0.8553,0.8317,0.8215,0.9037,0.7906,0.8164,0.7537,0.7573,0.7683,0.878,0.9083,1.0174,0.9018,0.7583,0.7591,0.7722,0.7477,0.7456,0.7497,0.7682,0.7663,0.7496
FH-BH2,2.973,3.0257,2.9846,2.9842,3.0341,2.9854,3.0646,3.1439,3.1434,3.0204,3.0002,3.0472,3.0341,3.0057,3.0178,2.9989,2.9176,2.8487,2.9569,2.8731,3.0357,3.0133,3.046,2.8724,2.9765,3.0113,2.8395,3.0274,3.0416,3.0509,2.8941,2.9984,2.9364,2.9339,3.0291,2.9537,3.0379,3.0292,3.0169,3.0716,3.0847,2.9984,3.0451,3.1072,3.1145,2.994,2.9837,3.0186,2.8181,2.6346,2.9804,3.1095,3.0268,3.0036,3.1479,3.1454,3.0559,3.0286,3.024,3.0464,2.977,3.0654,3.0662,3.1211,3.044,3.0087,3.002,3.1118,3.1236,3.0461,3.0448,3.0424,3.041,2.9501,3.0227,3.0483,2.9742,2.8733,3.0073,3.0625,3.1071,2.8515,3.0966,3.0952,3.1001,2.9992,3.0096,3.0138,2.9849,3.0042,3.0058,3.0079,2.9975,3.0114
FH-NH2,4.6265,4.784,4.6618,4.6514,4.7783,4.6583,4.6426,4.6736,4.6725,4.5641,4.5577,4.6615,4.6533,4.5778,4.6158,4.6518,4.6417,4.5537,4.6858,4.6838,4.6236,4.6689,4.6686,4.5391,4.6466,4.5587,4.541,4.7072,4.6828,4.677,4.6235,4.6606,4.5409,4.5189,4.7157,4.5575,4.6539,4.6517,4.6318,4.7273,4.6246,4.5878,4.6367,4.8173,4.7602,4.6874,4.5472,4.5818,4.6254,4.3921,4.5278,4.6782,4.5562,4.5627,4.6766,4.6674,4.6796,4.6811,4.6744,4.6687,4.6467,4.7182,4.6481,4.7337,4.6801,4.6846,4.6842,4.7592,4.8454,4.6597,4.6308,4.6292,4.7216,4.5646,4.6393,4.6935,4.5294,4.5394,4.5579,4.6033,4.5559,4.6019,4.7802,4.7824,4.7708,4.6572,4.6516,4.6679,4.6297,4.6463,4.6503,4.6374,4.6659,4.6795
FH-OH,3.3808,3.5133,3.4056,3.3991,3.5116,3.4043,3.2723,3.226,3.2235,3.2677,3.2569,3.4068,3.4039,3.3234,3.3725,3.3927,3.42,3.3449,3.4294,3.4449,3.3781,3.4093,3.4008,3.3339,3.3948,3.2898,3.3611,3.4441,3.3982,3.4084,3.4303,3.3941,3.3104,3.2942,3.4439,3.3302,3.4028,3.4002,3.3859,3.4576,3.3974,3.3537,3.3887,3.5337,3.4734,3.4448,3.3043,3.3248,3.4453,3.2947,3.2563,3.4185,3.2835,3.2738,3.2151,3.2027,3.4081,3.4114,3.4101,3.4008,3.3948,3.4433,3.4109,3.4588,3.4449,3.4267,3.4176,3.4777,3.5574,3.4061,3.3835,3.3867,3.4523,3.3352,3.4016,3.4434,3.2898,3.334,3.274,3.2703,3.1328,3.3723,3.4796,3.4981,3.4766,3.3962,3.4039,3.4156,3.3878,3.395,3.3994,3.3969,3.42,3.427
H2CN,2.4939,2.4763,2.7438,2.5075,2.5461,2.5139,2.5306,2.5728,2.5729,2.4665,2.4775,2.4869,2.5014,2.4511,2.4608,2.5059,2.4658,2.3975,2.4832,2.4819,2.4862,2.5195,2.5299,2.4098,2.5033,2.4494,2.3937,2.5122,2.5305,2.506,2.4032,2.4886,2.4545,2.4496,2.512,2.462,2.4954,2.4862,2.4667,2.5099,2.4918,2.4518,2.4868,2.5662,2.5408,2.4645,2.4414,2.44,2.3819,2.2653,2.4375,2.4593,2.4513,2.4707,2.5778,2.5751,2.533,2.5323,2.5245,2.5302,2.5034,2.5468,2.4831,2.5539,2.4906,2.4868,2.5007,2.5215,2.5778,2.4854,2.4919,2.4797,2.5589,2.4468,2.4791,2.4957,2.4245,2.4101,2.4619,2.4959,2.3955,2.3947,2.5909,2.5625,2.58,2.5264,2.5152,2.5218,2.4873,2.4978,2.5057,2.4896,2.5314,2.5185
H2O-Al,4.3573,4.7443,4.3724,4.4144,4.7585,4.3503,4.2009,4.1925,4.1925,4.2177,4.1477,4.3693,4.2751,4.3661,4.4099,4.4544,4.2916,4.4045,4.2904,4.4229,4.3481,4.5121,4.4996,4.3134,4.318,4.3103,4.4833,4.495,4.5067,4.4573,4.1955,4.6952,4.4337,4.3695,4.7092,4.4068,4.3651,4.3874,4.4045,4.5003,4.4005,4.4339,4.362,4.2645,4.6639,4.4029,4.3953,4.328,4.5841,4.3,4.2649,4.1944,4.2233,4.2726,4.1889,4.1916,4.5175,4.5032,4.5249,4.4985,4.3164,4.3717,4.3056,4.4335,4.3289,4.5221,4.492,4.4728,4.6119,4.3584,4.3404,4.3992,4.4264,4.3657,4.2741,4.3656,4.1781,4.3096,4.1516,4.2574,3.6222,4.7144,4.4431,4.4881,4.4257,4.4193,4.3089,4.3419,4.3922,4.4047,4.3881,4.3355,4.3806,4.4379
H2O-Cl,2.2383,2.131,2.168,2.2,2.1235,2.1591,3.2091,3.2621,3.2648,3.1192,3.1057,2.6723,2.7602,3.0725,2.8885,2.9366,2.5969,2.995,2.3258,2.5089,2.7883,2.5781,2.4665,2.8249,2.4646,3.0347,2.7997,2.5543,2.5637,2.565,2.6093,2.9176,2.8916,2.8708,2.5417,2.7273,2.7804,2.7614,2.6484,2.3604,2.4851,2.8773,2.8401,2.2603,2.4001,2.3921,3.0597,3.0054,2.7765,2.7374,3.0959,3.128,2.9987,3.1366,3.2691,3.2788,2.3686,2.4427,2.5114,2.4664,2.4645,2.5301,2.5867,2.397,2.4361,2.493,2.4486,2.7184,2.1758,2.6866,2.7701,2.7506,2.552,2.8502,2.6673,2.4312,3.0166,2.8252,3.0675,3.1961,3.3546,2.8051,2.3681,2.2757,2.4117,2.2778,2.4533,2.3414,2.4466,2.3042,2.3062,2.4656,2.1701,2.1696
H2O-F,2.1875,1.949,1.9447,2.1099,1.9411,1.9185,3.2662,3.3489,3.349,3.1723,3.1931,2.6742,2.8303,3.0736,2.8861,2.8834,2.6091,2.8875,2.2646,2.5509,2.8226,2.6425,2.5708,2.7418,2.5279,3.1347,2.6677,2.4545,2.8544,2.6581,2.58,2.8947,2.8107,2.8215,2.4225,2.668,2.8125,2.793,2.6327,2.1882,2.4333,2.8636,2.898,2.0754,2.446,2.3632,3.0504,3.1084,2.7663,2.3283,3.1314,3.0961,3.1432,3.1736,3.3613,3.3574,2.541,2.5544,2.5979,2.5708,2.5279,2.6667,2.5427,2.2953,2.4841,2.5425,2.5616,2.7607,1.9904,2.6827,2.7954,2.7764,2.5057,2.8432,2.6959,2.327,3.0742,2.7419,3.1481,3.2236,3.2068,2.755,2.4806,2.1156,2.5072,2.1357,2.4582,2.2107,2.4242,2.1312,2.1272,2.4568,2.2553,2.2532
H2O-Li,3.6184,5.0585,3.9654,3.8116,5.0585,3.9648,2.2062,1.7386,1.7489,2.3977,1.9281,3.1278,2.4944,2.9697,3.1565,2.7881,3.5372,4.7989,2.8391,1.1472,3.3164,4.2729,4.1642,1.0464,2.6701,3.4885,2.2534,3.1602,4.3002,3.9814,7.8405,4.2533,3.6401,3.4784,4.4937,3.6351,2.8662,3.1476,3.3574,3.8427,3.6389,3.3071,3.5923,2.3055,5.0226,3.674,3.1424,3.9183,2.1313,2.8901,2.705,1.9798,3.0329,2.3191,1.8091,1.7624,4.4744,4.4493,4.3981,4.1502,2.6584,3.1559,3.5261,3.6234,2.7081,4.2681,3.9387,3.2954,4.3543,3.0095,3.3539,3.7779,3.5269,3.155,2.7433,3.1792,2.8249,1.0314,2.0751,2.4668,2.8221,4.6463,3.8203,3.8423,3.613,4.0743,2.9662,3.2356,3.4157,3.7531,3.5881,3.181,3.4175,3.7079
HCHS,1.7588,1.9028,2.2642,1.8106,2.1369,1.6655,1.6992,1.666,1.6662,1.6713,1.655,1.7733,1.7376,1.7483,1.7813,1.8376,1.6767,1.7565,1.6905,1.787,1.7589,1.8293,1.8283,1.7744,1.7437,1.7083,1.8562,1.8705,1.7663,1.7878,1.7365,1.8726,1.8421,1.82,1.9485,1.846,1.7565,1.7559,1.7812,1.8787,1.8357,1.7825,1.7515,1.6693,1.7617,1.6528,1.75,1.717,1.8678,1.7774,1.6803,1.7713,1.6972,1.6803,1.6609,1.6661,1.862,1.8447,1.8378,1.8289,1.7444,1.7818,1.7941,1.7759,1.7331,1.6927,1.7385,1.8207,2.025,1.7703,1.7625,1.7791,1.8104,1.7892,1.7299,1.8053,1.7404,1.7753,1.6532,1.6818,1.8126,1.7192,1.8237,1.9121,1.8193,1.765,1.7391,1.7568,1.7386,1.7475,1.7521,1.7353,1.78,1.7703
HCO,1.6912,2.2183,1.6462,1.7721,2.2861,1.6044,1.5514,1.6015,1.6008,1.5538,1.5715,1.7201,1.7091,1.6016,1.6637,1.6787,1.703,1.5602,1.7853,1.7577,1.6871,1.7531,1.7668,1.6001,1.7295,1.5984,1.6073,1.8112,1.6992,1.7305,1.7136,1.6428,1.6268,1.6109,1.7925,1.6659,1.6988,1.6984,1.709,1.8855,1.7711,1.6534,1.6881,1.996,1.8576,1.7867,1.591,1.6247,1.6454,1.5781,1.5375,1.674,1.5903,1.5601,1.6065,1.5974,1.7919,1.7826,1.7656,1.7669,1.7296,1.7877,1.7456,1.8792,1.7916,1.7411,1.7512,1.8131,2.2295,1.7178,1.6969,1.7052,1.7942,1.6358,1.7209,1.8346,1.5846,1.6003,1.5633,1.5554,1.58,1.5947,1.8682,1.9806,1.8535,1.675,1.6668,1.6923,1.6435,1.6569,1.6614,1.6855,1.6884,1.6858
HCP,0.3542,0.6754,0.4367,0.3163,0.3448,0.4678,0.3979,0.3455,0.3461,0.371,0.3206,0.3599,0.3109,0.4389,0.4279,0.4568,0.1972,0.3928,0.2124,0.3792,0.3687,0.3741,0.3348,0.4079,0.2408,0.3828,0.5253,0.3992,0.3435,0.358,0.2916,0.5278,0.5175,0.5065,0.4798,0.4917,0.3528,0.3609,0.3756,0.3495,0.3545,0.44,0.3724,0.0713,0.2823,0.2285,0.4523,0.3923,0.4997,0.3265,0.3913,0.485,0.3735,0.3729,0.3388,0.3475,0.3341,0.3417,0.3626,0.3351,0.2412,0.2825,0.3104,0.2334,0.2405,0.2328,0.2499,0.4211,0.2996,0.359,0.3641,0.3756,0.3518,0.4311,0.3136,0.3093,0.4221,0.4084,0.3265,0.3953,0.3002,0.4234,0.2459,0.2733,0.2641,0.4028,0.3985,0.4042,0.4325,0.4433,0.438,0.3854,0.5091,0.5079
HNO,1.6536,1.8016,2.3,1.7075,1.9411,1.6415,1.5174,1.5716,1.5709,1.4979,1.5011,1.6469,1.6313,1.5292,1.5864,1.5978,1.6042,1.4617,1.7027,1.7043,1.6005,1.6756,1.6977,1.4824,1.673,1.4897,1.4673,1.7129,1.6687,1.6705,1.6289,1.5142,1.5555,1.5423,1.6646,1.59,1.626,1.6259,1.6269,1.7707,1.666,1.5707,1.5945,1.8926,1.7786,1.7041,1.5123,1.5031,1.5638,1.4126,1.4696,1.5987,1.4875,1.497,1.5793,1.5694,1.7179,1.7066,1.6894,1.6973,1.673,1.721,1.5919,1.7623,1.742,1.6745,1.706,1.7312,1.9293,1.6439,1.6115,1.6093,1.7222,1.5115,1.6436,1.7364,1.4681,1.4801,1.5107,1.519,1.502,1.5095,1.8073,1.8528,1.7889,1.669,1.6322,1.6643,1.6075,1.6373,1.6418,1.6377,1.6521,1.6545
HNO2,1.9345,2.0445,3.5064,1.9488,2.1753,1.7876,1.8899,1.9462,1.9456,1.8828,1.8895,1.9566,1.9564,1.8985,1.9254,1.946,1.9358,1.876,1.9779,1.9941,1.9431,1.9741,1.9628,1.9074,1.9507,1.8953,1.9291,1.9986,1.9427,1.9604,2.0202,1.9468,1.9008,1.8879,2.001,1.9128,1.9518,1.9521,1.9443,2.0311,1.9706,1.9154,1.9461,2.1255,2.0626,2.0299,1.888,1.9071,2.0347,1.897,1.8661,1.9887,1.8901,1.8874,1.9524,1.9446,1.9606,1.9699,1.9714,1.9628,1.9507,1.991,1.929,2.0293,2.0001,1.9698,1.9629,2.0418,2.2137,1.9556,1.948,1.9474,2.014,1.9116,1.9587,2.0118,1.871,1.9074,1.8799,1.897,1.851,1.9626,2.0257,2.0826,2.023,1.8784,1.9028,1.9063,1.8862,1.873,1.8748,1.9165,1.9049,1.9072
HNS,1.4062,1.472,1.4275,1.4073,1.4717,1.4137,1.3544,1.3763,1.3762,1.3275,1.3325,1.3726,1.3741,1.332,1.349,1.3537,1.3626,1.3247,1.4004,1.4008,1.3613,1.3977,1.4051,1.3272,1.3945,1.3264,1.346,1.3862,1.4002,1.388,1.3684,1.3649,1.3354,1.3301,1.3965,1.3446,1.3699,1.3677,1.3627,1.4131,1.3756,1.3435,1.3596,1.4859,1.4508,1.4079,1.3262,1.3268,1.3808,1.2844,1.3148,1.3521,1.3246,1.3291,1.3789,1.3764,1.4196,1.4139,1.404,1.4051,1.3945,1.4178,1.3545,1.4287,1.4057,1.4011,1.4165,1.4067,1.4887,1.3711,1.3648,1.362,1.414,1.323,1.3709,1.4011,1.3107,1.3272,1.3274,1.34,1.3335,1.3668,1.4636,1.4575,1.4502,1.4076,1.3863,1.3986,1.3797,1.3903,1.3924,1.3814,1.3913,1.3975
HO2,2.1659,1.9549,2.12,2.1392,1.9279,2.0997,2.271,2.307,2.3071,2.2112,2.2135,2.1556,2.1803,2.1768,2.1582,2.1432,2.1507,2.14,2.166,2.1705,2.1725,2.1815,2.1808,2.1131,2.1714,2.1882,2.1081,2.1057,2.2292,2.1738,2.1302,2.1877,2.1058,2.1096,2.122,2.0982,2.1772,2.1702,2.1364,2.086,2.1214,2.1489,2.1786,2.1852,2.1927,2.1783,2.1669,2.1741,2.1206,1.9676,2.187,2.198,2.1937,2.2105,2.3119,2.3103,2.1916,2.1845,2.1813,2.1809,2.1714,2.1956,2.1267,2.1566,2.1929,2.1877,2.2124,2.1994,2.0028,2.1551,2.1715,2.1633,2.1879,2.098,2.1665,2.1227,2.1751,2.1132,2.2007,2.2412,2.1553,2.1454,2.2051,2.0956,2.1987,2.2022,2.2152,2.1876,2.186,2.1604,2.1656,2.1795,2.1873,2.1698
HOF,1.9168,2.1143,2.8099,1.9457,2.1406,1.8793,1.8327,1.8685,1.8681,1.8196,1.8345,1.9024,1.906,1.8442,1.8758,1.9022,1.92,1.8414,1.9362,1.9529,1.8853,1.9132,1.9167,1.8688,1.9124,1.8355,1.8897,1.9605,1.8844,1.904,1.9765,1.8754,1.8616,1.8505,1.9462,1.8787,1.8939,1.8939,1.8917,1.9835,1.9261,1.8635,1.8847,2.0397,1.9663,1.9525,1.8309,1.8477,1.985,1.869,1.8052,1.9261,1.8333,1.8211,1.8721,1.8672,1.9174,1.9191,1.9156,1.9167,1.9125,1.9436,1.9098,1.9581,1.9547,1.9113,1.914,1.971,2.1758,1.9015,1.8903,1.8946,1.9568,1.8763,1.9182,1.9775,1.8279,1.8688,1.8233,1.8262,1.7814,1.8964,1.9827,2.0426,1.9772,1.9038,1.9064,1.923,1.8832,1.892,1.8973,1.9056,1.9304,1.9126
HPO,2.6291,2.4605,6.302,2.7108,3.0185,2.3639,2.2109,2.3223,2.321,2.239,2.3028,2.4611,2.4871,2.2495,2.3376,2.3415,2.5387,2.2432,2.6469,2.5009,2.4172,2.5106,2.5718,2.2832,2.5653,2.2812,2.2247,2.5286,2.4706,2.4889,2.4469,2.2944,2.2581,2.2517,2.5056,2.3308,2.4411,2.4341,2.4375,2.67,2.5614,2.3148,2.4066,3.1053,2.6555,2.6247,2.2247,2.2963,2.2505,2.2119,2.2069,2.3454,2.283,2.2456,2.3349,2.3183,2.6082,2.5775,2.5397,2.5718,2.5654,2.6156,2.5243,2.7603,2.669,2.5721,2.5964,2.5284,3.1248,2.4574,2.4317,2.4409,2.5788,2.3221,2.4967,2.6418,2.2521,2.2832,2.2799,2.2243,2.1965,2.2505,2.7488,2.8496,2.7148,2.4487,2.4151,2.4588,2.3481,2.3878,2.3995,2.4261,2.343,2.336
LiN,7.0558,7.3589,7.1476,7.1339,7.3793,7.1696,4.7466,6.5415,6.5411,6.5491,6.4643,6.9186,6.818,6.7293,6.8515,6.9027,6.9448,7.0216,6.933,7.0627,6.807,7.0681,7.0434,6.7369,6.9124,6.5416,6.6906,7.0865,6.9867,6.9732,6.6178,7.0422,6.8609,6.8185,7.189,6.9136,6.9301,6.9238,6.9103,7.1433,7.014,6.8804,6.804,6.8187,7.0979,6.8595,6.7656,6.5577,6.7988,6.2908,6.5255,5.5154,6.4081,6.668,6.6258,6.5633,7.1575,7.1368,7.0951,7.0426,6.9114,6.9743,6.7421,7.038,6.8985,7.0602,7.1095,6.9129,7.3603,6.9136,6.8297,6.842,7.1809,6.8321,6.8469,7.0177,6.1767,6.7329,6.6568,6.4989,5.6852,7.2062,7.0806,7.1845,7.0589,7.1209,6.9746,7.0531,7.0399,7.0805,7.0819,6.969,7.0242,7.0068
N2H2,2.8771,3.0146,2.9402,2.9116,3.0167,2.9232,2.8512,2.873,2.8726,2.765,2.7636,2.8553,2.8452,2.7695,2.8054,2.813,2.8038,2.7248,2.8776,2.884,2.8228,2.9028,2.9107,2.72,2.8782,2.7495,2.7079,2.882,2.913,2.8883,2.7884,2.8134,2.778,2.7668,2.8889,2.7989,2.8472,2.8431,2.8326,2.9309,2.8434,2.7926,2.8196,2.9957,2.9722,2.8768,2.7561,2.7475,2.7648,2.6038,2.734,2.8102,2.7443,2.7671,2.8749,2.8716,2.9337,2.9305,2.9139,2.9108,2.8783,2.9288,2.8015,2.9354,2.9013,2.8876,2.9268,2.9305,3.0549,2.8519,2.8303,2.8235,2.9235,2.7213,2.837,2.8953,2.727,2.7203,2.7607,2.8002,2.7316,2.7785,3.0082,2.9964,2.9897,2.9176,2.8719,2.8961,2.8612,2.8863,2.8909,2.8593,2.9017,2.916
NaLi,0.4837,0.7862,0.159,0.555,0.6682,0.2744,0.0968,-0.1637,-0.1632,0.2149,-0.0745,0.3761,0.0237,0.7284,0.7359,0.1958,0.5898,1.2777,-0.187,-0.3091,0.2903,0.4181,0.4833,-0.1227,0.1643,0.1923,-0.0571,0.2694,0.6782,0.6142,3.4919,0.7285,0.6138,0.529,0.7687,0.5577,0.1645,0.378,0.5521,0.5527,0.2444,0.7341,0.3253,-0.6245,1.8386,0.9136,0.7311,0.5509,6.9371,0.3801,0.4444,0.456,0.1516,0.0789,-0.1785,-0.165,0.2262,0.2161,0.4792,0.4764,0.1578,0.0814,0.5664,0.1427,0.2737,0.3732,-0.0878,0.4001,0.4314,0.3361,0.2223,0.4197,-0.7721,0.2608,0.3849,0.4967,-0.1532,-0.132,-0.0794,0.3193,2.4611,0.606,0.1314,0.2487,0.1221,0.3401,0.1218,0.1679,0.3312,0.4499,0.2791,0.4564,0.2671,0.3409
NCl,1.1279,0.7177,1.0529,1.066,0.6064,1.0633,1.2736,1.3736,1.3747,1.2726,1.3176,1.1157,1.199,1.1712,1.118,1.1273,1.1528,1.0759,1.0835,1.0884,1.1602,1.1267,1.1431,1.0711,1.1626,1.1989,0.9954,1.0336,1.217,1.1343,1.0358,1.0775,1.1185,1.1353,0.9684,1.0933,1.1657,1.1453,1.0893,0.9723,1.0759,1.117,1.1592,1.0815,1.1997,1.1206,1.1698,1.1386,0.9652,0.8816,1.2369,1.0582,1.1999,1.276,1.3884,1.389,1.1129,1.1216,1.1234,1.1429,1.1624,1.1832,1.1313,1.1479,1.1391,1.1724,1.1511,1.1044,0.8067,1.1162,1.1626,1.1259,1.1177,1.0968,1.143,1.0377,1.0965,1.0709,1.3035,1.2783,1.2351,1.0807,1.166,0.9965,1.1579,1.1599,1.2011,1.1509,1.1427,1.1017,1.1118,1.1342,1.1661,1.0977
NCO,0.7935,0.8083,0.4345,0.7891,0.4718,0.8527,0.9266,0.8677,0.8686,0.8619,0.8589,0.7936,0.7996,0.8478,0.822,0.8503,0.7602,0.8388,0.7035,0.7514,0.805,0.7867,0.7779,0.8094,0.7631,0.8319,0.7999,0.8111,0.8073,0.7924,0.7464,0.8259,0.8704,0.8694,0.7718,0.8482,0.8008,0.7984,0.7936,0.7472,0.7554,0.8285,0.806,0.5746,0.695,0.7111,0.8551,0.8085,0.8005,0.7343,0.8609,0.7605,0.8272,0.8607,0.8606,0.8695,0.7673,0.7799,0.7813,0.7779,0.7631,0.7793,0.7357,0.6918,0.7098,0.7493,0.7573,0.7546,0.7147,0.7942,0.8046,0.7859,0.7713,0.8335,0.7708,0.7334,0.825,0.8095,0.858,0.8719,0.8234,0.8434,0.7624,0.7303,0.7636,0.8267,0.8309,0.8086,0.8405,0.819,0.8178,0.7925,0.8281,0.8383
NF,0.0671,-0.3177,0.0012,0.0015,0.3634,0.0082,0.3394,0.3403,0.3417,0.3136,0.296,0.1168,0.1374,0.2382,0.1653,0.153,0.1162,0.2254,0,0.0642,0.152,0.1178,0.125,0.1602,0.1298,0.232,0.1464,0.0138,0.2242,0.1346,-0.0054,0.173,0.2101,0.2262,0.021,0.1643,0.1522,0.1403,0.1126,-0.0491,0.058,0.1786,0.1539,-0.1963,0.0586,0.0004,0.2526,0.185,0.0503,0.03,0.3072,0.0529,0.2372,0.3124,0.3429,0.3531,0.1339,0.1174,0.1174,0.125,0.1298,0.0996,0.1146,-0.0082,0.0091,0.0934,0.1077,0.031,-0.3271,0.1174,0.1464,0.1216,0.0725,0.1487,0.0846,-0.0353,0.1969,0.1602,0.307,0.3337,0.3047,0.169,0.0598,-0.1106,0.0579,0.094,0.1074,0.0542,0.101,0.051,0.0539,0.0636,0.0768,0.0193
NF2,0.1904,0.4866,0.2257,0.2382,0.4981,0.2124,-0.0233,-0.0079,-0.0086,0.0319,0.0572,0.1709,0.1665,0.0895,0.1416,0.1412,0.1686,0.0811,0.247,0.1997,0.1494,0.1613,0.174,0.1405,0.1735,0.0849,0.1564,0.2413,0.0942,0.1576,0.2477,0.1572,0.078,0.0702,0.2631,0.1149,0.1467,0.1511,0.1754,0.289,0.2338,0.1308,0.1428,0.4004,0.2423,0.2536,0.0777,0.1115,0.2061,0.2697,0.0382,0.198,0.0844,0.0324,-0.0079,-0.0134,0.169,0.168,0.1652,0.1741,0.1737,0.1924,0.207,0.2854,0.2442,0.188,0.1717,0.2051,0.5012,0.1705,0.1547,0.1695,0.2165,0.1429,0.2029,0.2872,0.1014,0.1405,0.0454,0.0034,0.0026,0.1057,0.2214,0.3414,0.2197,0.1704,0.1734,0.2065,0.1637,0.1901,0.1927,0.1947,0.1798,0.1897
NH,1.5433,1.6327,1.5842,1.5569,1.611,1.5781,1.5179,1.5308,1.5306,1.4818,1.4771,1.5315,1.5221,1.5074,1.5244,1.5264,1.5378,1.5002,1.5478,1.5501,1.5133,1.5552,1.5456,1.4728,1.5412,1.4879,1.4809,1.5584,1.5517,1.5443,1.5125,1.5415,1.4894,1.4832,1.5731,1.5011,1.5255,1.5239,1.5195,1.5754,1.5172,1.5255,1.5184,1.5449,1.5956,1.5711,1.5088,1.4937,1.4927,1.3767,1.4662,1.4952,1.4853,1.4817,1.5321,1.5298,1.5737,1.5712,1.5596,1.5456,1.5412,1.5624,1.5538,1.5621,1.5259,1.5473,1.5659,1.5777,1.6488,1.5301,1.5177,1.5152,1.571,1.4847,1.5157,1.5489,1.4841,1.4729,1.4834,1.4964,1.4498,1.5584,1.6022,1.6066,1.5938,1.5646,1.5404,1.5552,1.5389,1.549,1.5522,1.5267,1.5565,1.5605
NH2,1.7853,1.8836,1.8172,1.8046,1.8799,1.814,1.7623,1.7833,1.7831,1.7208,1.7184,1.7779,1.7702,1.7239,1.7462,1.7666,1.7752,1.737,1.7996,1.8114,1.7595,1.809,1.809,1.7098,1.7942,1.7205,1.7209,1.8037,1.8133,1.7971,1.7601,1.7927,1.7276,1.7188,1.8268,1.7397,1.7724,1.7718,1.765,1.8268,1.7669,1.7381,1.7616,1.859,1.8705,1.8121,1.7154,1.7253,1.7585,1.632,1.7039,1.7505,1.7162,1.7216,1.7855,1.7823,1.8334,1.8271,1.8157,1.809,1.7942,1.8209,1.7752,1.8332,1.7988,1.8074,1.8192,1.8331,1.9064,1.776,1.7637,1.7617,1.829,1.7188,1.7651,1.8025,1.7062,1.7099,1.7185,1.7405,1.716,1.7772,1.8704,1.866,1.8585,1.8114,1.7839,1.799,1.7777,1.7918,1.7942,1.7749,1.8028,1.8074
NO,0.1271,-0.2455,-0.3656,0.0998,-0.3005,0.3745,0.2755,0.2449,0.2455,0.2293,0.2068,0.1121,0.1152,0.187,0.1438,0.1188,0.1076,0.1911,0.0747,0.073,0.1256,0.1105,0.1073,0.1445,0.1124,0.1812,0.1281,0.0291,0.1743,0.1232,0.0402,0.1916,0.1464,0.1609,0.0832,0.1239,0.1294,0.1261,0.11,-0.0067,0.0638,0.1506,0.1255,-0.0343,0.0554,0.0654,0.1943,0.1581,0.0586,0.0555,0.2274,0.0952,0.1903,0.2235,0.2427,0.2494,0.1104,0.1081,0.1092,0.1073,0.1124,0.0894,0.0975,0.0395,0.0578,0.1102,0.1275,0.0503,-0.2721,0.1124,0.1196,0.1136,0.0765,0.1105,0.0963,0.017,0.1974,0.1446,0.2192,0.2473,0.1866,0.1467,0.0599,-0.0625,0.0618,0.224,0.1841,0.1802,0.1943,0.2087,0.21,0.146,0.1735,0.17
NO2,0.335,0.6609,0.2221,0.399,0.7448,0.0895,0.2938,0.2802,0.2798,0.2753,0.2882,0.3542,0.35,0.2772,0.309,0.302,0.3482,0.2664,0.4054,0.3967,0.3319,0.3569,0.3779,0.2945,0.3662,0.2784,0.3053,0.3808,0.3433,0.3595,0.3822,0.3165,0.2683,0.2632,0.392,0.2947,0.3348,0.3384,0.3521,0.4415,0.3891,0.3019,0.3226,0.5091,0.4412,0.417,0.2696,0.2826,0.3157,0.3042,0.2721,0.3299,0.285,0.2685,0.2782,0.2774,0.3905,0.3771,0.3664,0.3779,0.3663,0.3885,0.3659,0.4277,0.4189,0.3812,0.3845,0.3899,0.6463,0.3529,0.3359,0.3387,0.3832,0.2812,0.3605,0.4214,0.2828,0.2946,0.2816,0.2705,0.2858,0.289,0.4317,0.4954,0.4214,0.2642,0.2818,0.283,0.2817,0.2642,0.2625,0.3205,0.2784,0.2954
NOCl,2.0773,1.4783,3.6117,2.1,2.0045,2.398,1.7432,1.6328,1.634,1.7388,1.6846,1.8861,1.8005,1.8008,1.8595,1.857,1.8714,2.0064,1.9342,1.9282,1.8543,1.9469,2.0108,1.9119,1.9913,1.7525,2.0848,1.9458,1.9611,1.9302,1.9224,2.0162,1.841,1.8427,2.0897,1.8826,1.8492,1.8454,1.9127,1.9547,2.0024,1.8787,1.8204,1.7725,1.8523,1.8593,1.8234,1.7464,1.9561,2.0611,1.7767,1.611,1.7586,1.7421,1.6196,1.6358,2.1017,2.0222,1.9865,2.0112,1.9917,1.8738,1.9292,1.8918,1.8552,1.9382,2.0191,1.7185,1.5521,1.8809,1.858,1.884,1.9413,1.8626,1.8652,1.926,1.8589,1.9123,1.7118,1.739,2.0082,1.9147,1.9177,1.9092,1.9053,2.2135,2.009,2.0845,2.0107,2.1062,2.1265,1.964,1.9204,1.9041
NP,2.8713,2.4638,4.1351,2.9772,3.2788,2.7026,2.7466,2.8142,2.8133,2.7214,2.788,2.8819,2.9212,2.6879,2.7561,2.7646,2.9692,2.7125,3.0651,2.899,2.8455,2.9297,2.9971,2.7355,3.047,2.732,2.6904,2.9251,2.9311,2.9162,2.8979,2.6975,2.6706,2.6642,2.8605,2.7264,2.8745,2.8611,2.8545,3.0307,2.9444,2.7398,2.8329,3.3538,3.0801,3.0229,2.67,2.7231,2.6932,2.7043,2.6845,2.6854,2.7295,2.7297,2.8217,2.8108,3.0258,3.0011,2.9591,2.997,3.0469,3.0457,2.8879,3.1493,3.0522,3.0468,3.0624,2.8909,2.971,2.8787,2.8594,2.8473,2.9826,2.7355,2.9093,3.0127,2.6632,2.7354,2.7652,2.7126,2.7192,2.7485,3.1755,3.2028,3.136,2.8462,2.7904,2.8168,2.73,2.743,2.7586,2.8042,2.6186,2.6278
NS,1.8237,1.5418,2.0733,1.8293,1.6051,2.4163,1.7863,1.8609,1.8603,1.7682,1.81,1.7872,1.8324,1.7169,1.7291,1.7069,1.828,1.6719,1.89,1.7737,1.7867,1.8155,1.8397,1.6584,1.8663,1.7548,1.6125,1.7375,1.8676,1.8158,1.7634,1.7273,1.6326,1.6392,1.7531,1.6525,1.8011,1.7921,1.7607,1.7746,1.7763,1.7209,1.7892,2.0576,1.9693,1.9121,1.7078,1.7337,1.5705,1.6066,1.7344,1.6785,1.7592,1.7701,1.87,1.8602,1.8524,1.8457,1.8268,1.8395,1.866,1.8891,1.7787,1.9585,1.8995,1.9088,1.9077,1.7983,1.7006,1.7858,1.7931,1.7706,1.8547,1.6518,1.8082,1.8025,1.6827,1.6581,1.7978,1.7704,1.8033,1.6963,1.9412,1.8397,1.9196,1.9892,1.888,1.9347,1.848,1.9226,1.936,1.8411,1.8187,1.8192
O3,0.5666,0.0604,0.406,0.4678,0.7878,0.4797,0.6541,0.6333,0.6335,0.6376,0.6376,0.4998,0.5416,0.6311,0.5548,0.5094,0.5589,0.6068,0.4981,0.5258,0.5596,0.5226,0.516,0.5751,0.536,0.6314,0.6636,0.3839,0.5842,0.5081,0.4768,0.6886,0.4832,0.5015,0.4642,0.4553,0.5448,0.5333,0.4927,0.329,0.4552,0.5587,0.5699,0.413,0.5351,0.515,0.6344,0.6238,0.4984,0.4655,0.6385,0.5996,0.6346,0.635,0.6309,0.6338,0.5297,0.5163,0.5173,0.5161,0.5361,0.4975,0.5582,0.4763,0.4947,0.5312,0.5492,0.4868,0.0803,0.5014,0.5512,0.5371,0.5025,0.5046,0.5146,0.3948,0.6433,0.5753,0.6388,0.6364,0.6326,0.607,0.4535,0.2891,0.4553,0.614,0.5962,0.5929,0.5738,0.5609,0.5688,0.601,0.5145,0.4708
OCl,1.279,0.8089,1.2032,1.2349,0.735,1.1605,1.3722,1.4566,1.4561,1.3438,1.3874,1.2447,1.3243,1.2653,1.2337,1.2001,1.2897,1.1496,1.3146,1.2524,1.2879,1.2731,1.2851,1.1505,1.2978,1.3279,1.0886,1.1377,1.3594,1.2681,1.1759,1.2067,1.1428,1.1592,1.1015,1.1355,1.2895,1.2783,1.216,1.1014,1.1946,1.2232,1.2993,1.4539,1.3876,1.3446,1.2536,1.3019,1.0246,0.9652,1.31,1.2892,1.3345,1.3449,1.4681,1.4597,1.2805,1.2761,1.2725,1.285,1.2976,1.3351,1.226,1.3496,1.3725,1.3527,1.3494,1.302,0.9092,1.2451,1.2864,1.266,1.2733,1.1782,1.2959,1.2014,1.2534,1.1503,1.3615,1.3531,1.3171,1.1602,1.3354,1.1315,1.3224,1.3442,1.3937,1.341,1.3283,1.2853,1.2927,1.3296,1.3051,1.2849
OF,0.0205,0.4145,0.2287,0.0742,0.4491,0.1444,-0.2525,-0.2491,-0.25,-0.1938,-0.1811,0.0179,-0.014,-0.1105,-0.0323,-0.0239,0.0115,-0.0808,0.1048,0.064,-0.031,0.0066,0.0087,-0.0154,0.015,-0.1387,0.0273,0.1214,-0.0988,0.0006,0.1267,-0.0369,-0.0564,-0.0729,0.1223,-0.0113,-0.0225,-0.0146,0.0249,0.1915,0.0912,-0.0339,-0.0419,0.287,0.1021,0.1237,-0.1122,-0.1014,0.112,0.1293,-0.1845,-0.0133,-0.1458,-0.1906,-0.2508,-0.2567,-0.0025,0.011,0.0098,0.0088,0.0132,0.024,0.0319,0.1424,0.0914,0.0293,0.0086,0.0495,0.4317,0.017,-0.0223,-0.004,0.0716,-0.0263,0.0286,0.1573,-0.11,-0.0155,-0.1753,-0.2221,-0.2418,-0.0161,0.0657,0.2433,0.0675,0.0489,0.0142,0.0781,0.0151,0.0769,0.0785,0.0357,-0.0108,0.0243
OF2,0.3252,0.4183,0.7734,0.3351,0.4281,0.3156,0.2551,0.2654,0.2653,0.2795,0.2941,0.3265,0.3315,0.3073,0.3246,0.3269,0.3232,0.2874,0.3469,0.3487,0.3257,0.3259,0.336,0.3303,0.3421,0.3026,0.3557,0.357,0.303,0.3227,0.3733,0.3561,0.2735,0.2696,0.3914,0.2846,0.3209,0.3205,0.3281,0.3603,0.357,0.3233,0.3232,0.446,0.3927,0.3828,0.306,0.3098,0.3661,0.3592,0.2821,0.3414,0.3038,0.2803,0.2662,0.265,0.3379,0.3316,0.329,0.3361,0.3422,0.3395,0.3577,0.3932,0.3482,0.3346,0.3296,0.3244,0.4318,0.3263,0.3277,0.3333,0.3571,0.3087,0.3467,0.3707,0.3136,0.3303,0.2867,0.2661,0.2397,0.3164,0.3478,0.3823,0.347,0.3217,0.3285,0.3355,0.3182,0.3191,0.322,0.3325,0.3218,0.3128
OH,1.655,1.7571,1.6821,1.6714,1.7571,1.6803,1.6229,1.6478,1.6475,1.5944,1.5974,1.6482,1.6455,1.599,1.6201,1.6393,1.6656,1.6113,1.6768,1.686,1.6321,1.661,1.6575,1.6074,1.6537,1.5968,1.6287,1.6773,1.6497,1.6536,1.6759,1.6443,1.6012,1.5937,1.6825,1.6132,1.6429,1.6421,1.6367,1.6963,1.6503,1.6098,1.6331,1.7339,1.7133,1.6888,1.5879,1.6035,1.6795,1.5777,1.5793,1.6479,1.5958,1.5945,1.6503,1.647,1.6674,1.6673,1.6628,1.6575,1.6537,1.6783,1.6571,1.6916,1.6841,1.6664,1.6673,1.7046,1.7851,1.6473,1.6357,1.636,1.6904,1.6053,1.648,1.6843,1.5886,1.6074,1.5934,1.6085,1.5566,1.6469,1.7115,1.7305,1.706,1.6677,1.6574,1.6716,1.6463,1.6598,1.6623,1.6522,1.6757,1.6739
PCl,0.5657,0.8177,0.6259,0.6496,0.8217,0.635,0.2384,0.2803,0.2774,0.3085,0.3273,0.4747,0.4695,0.3423,0.4074,0.4109,0.5039,0.4197,0.6284,0.5968,0.4384,0.4939,0.5165,0.3861,0.5386,0.4049,0.4277,0.5367,0.4864,0.494,0.667,0.3541,0.3798,0.3815,0.4933,0.4331,0.4455,0.453,0.4714,0.6105,0.522,0.38,0.4543,0.8277,0.5525,0.5878,0.3123,0.4455,0.4869,0.542,0.306,0.3479,0.4341,0.3019,0.2862,0.2638,0.6044,0.5544,0.5185,0.5164,0.5384,0.5603,0.4931,0.5864,0.5963,0.5194,0.5389,0.4717,0.8552,0.4724,0.4434,0.4643,0.5383,0.4656,0.5089,0.6084,0.3982,0.3859,0.3323,0.2757,0.1937,0.367,0.6469,0.7105,0.62,0.5554,0.5212,0.5694,0.5011,0.5487,0.5524,0.5253,0.5647,0.5705
PF,0.8104,0.9957,0.8188,0.873,0.9917,0.822,0.4962,0.6045,0.6027,0.5716,0.6293,0.7204,0.7551,0.5836,0.6446,0.6152,0.7764,0.6017,0.8668,0.7834,0.6989,0.7237,0.7309,0.6201,0.7535,0.6428,0.5607,0.7478,0.6742,0.7171,0.8616,0.5789,0.5753,0.5882,0.7122,0.64,0.7027,0.7054,0.7024,0.8418,0.7757,0.6198,0.7147,1.1023,0.8229,0.861,0.556,0.6729,0.6385,0.7605,0.5482,0.7254,0.6651,0.5649,0.6164,0.5954,0.7764,0.7583,0.7357,0.7308,0.7534,0.8114,0.7841,0.8807,0.8756,0.7707,0.7627,0.7864,1.0919,0.7197,0.7085,0.7236,0.7987,0.6623,0.7949,0.8807,0.6563,0.62,0.6195,0.5385,0.5174,0.5944,0.87,0.9526,0.857,0.7533,0.7763,0.8115,0.7417,0.7688,0.7722,0.7873,0.8018,0.8042
PH,0.4375,0.5129,0.4517,0.4459,0.503,0.4399,0.4592,0.4472,0.4472,0.4203,0.3681,0.4553,0.4008,0.4538,0.4637,0.4723,0.3856,0.4488,0.4185,0.4173,0.4386,0.4818,0.4843,0.3956,0.3911,0.4342,0.4866,0.4748,0.4962,0.4809,0.3274,0.5689,0.4799,0.4691,0.5682,0.4774,0.4366,0.4411,0.4557,0.4894,0.4563,0.4651,0.4421,0.4074,0.4172,0.4113,0.4557,0.4587,0.4286,0.2315,0.4211,0.4508,0.4346,0.4121,0.4447,0.4469,0.5183,0.501,0.4914,0.4844,0.3912,0.4366,0.4363,0.4345,0.3324,0.4158,0.4575,0.5045,0.5015,0.4522,0.4386,0.4597,0.4433,0.45,0.3994,0.4297,0.4829,0.3959,0.3786,0.457,0.4291,0.4632,0.4704,0.4702,0.4672,0.4556,0.417,0.4283,0.4432,0.4549,0.4494,0.4205,0.4352,0.4561
PH2,0.5472,0.6123,0.5572,0.5554,0.614,0.5464,0.5931,0.5786,0.5787,0.5358,0.464,0.5731,0.5009,0.5543,0.5659,0.5871,0.4758,0.5717,0.5192,0.5303,0.5401,0.5971,0.6065,0.4706,0.4902,0.5251,0.5932,0.5895,0.6304,0.6079,0.44,0.7095,0.5948,0.5815,0.7005,0.5906,0.5491,0.5556,0.5709,0.6087,0.5731,0.5592,0.5393,0.6235,0.5633,0.5376,0.5476,0.546,0.5523,0.3776,0.5334,0.5785,0.5344,0.5235,0.5763,0.5788,0.6456,0.6197,0.6112,0.6067,0.4904,0.5473,0.5592,0.5529,0.4893,0.5345,0.5854,0.6232,0.6053,0.569,0.5392,0.5672,0.55,0.539,0.5028,0.537,0.5933,0.471,0.4818,0.5887,0.6019,0.5366,0.5909,0.5799,0.5869,0.5636,0.5195,0.5317,0.5506,0.5662,0.5588,0.5275,0.5434,0.5676
PO,1.9617,2.577,1.8926,2.1224,2.5751,1.8587,1.6957,1.824,1.8222,1.7668,1.8426,1.9943,2.0303,1.7794,1.8709,1.8738,2.0767,1.7983,2.184,2.0758,1.956,2.0332,2.0802,1.8453,2.0967,1.8399,1.799,2.0717,1.9814,2.0107,2.0957,1.7573,1.7995,1.7919,1.9908,1.8722,1.9728,1.968,1.973,2.2067,2.0904,1.8478,1.9605,2.5093,2.1965,2.1674,1.7541,1.8645,1.8336,1.8665,1.7372,1.8503,1.8461,1.7725,1.8382,1.8159,2.1396,2.1033,2.0615,2.08,2.0964,2.1496,2.0636,2.2685,2.1981,2.12,2.1237,2.065,2.6727,1.9919,1.9717,1.9797,2.1172,1.8966,2.0496,2.1956,1.791,1.845,1.8212,1.7342,1.7415,1.8361,2.2736,2.3909,2.2399,1.9418,1.9312,1.9717,1.8764,1.8967,1.9071,1.961,1.8511,1.8599
PO2,1.4426,1.9477,1.4631,1.5584,2.1082,1.2842,1.2602,1.2857,1.2836,1.2609,1.2899,1.4373,1.4313,1.2613,1.3333,1.3703,1.5381,1.2885,1.6179,1.5753,1.3986,1.4556,1.487,1.3447,1.502,1.3219,1.4075,1.5166,1.4401,1.455,1.5078,1.3183,1.2644,1.246,1.5054,1.3129,1.4048,1.4077,1.4299,1.606,1.4784,1.3118,1.3986,1.9146,1.5785,1.5231,1.2381,1.3603,1.4699,1.32,1.2487,1.3182,1.3388,1.2548,1.2894,1.2763,1.5515,1.5125,1.477,1.4868,1.5018,1.5265,1.5468,1.6076,1.5196,1.5003,1.5027,1.5166,1.9358,1.4348,1.4061,1.4155,1.5058,1.366,1.4456,1.5637,1.3111,1.3444,1.2723,1.2489,1.2704,1.3564,1.6254,1.715,1.5991,1.3822,1.3635,1.3942,1.3308,1.3503,1.3555,1.3926,1.3701,1.3797
PPO,1.8812,2.4123,0.7519,2.0211,2.2743,1.7765,1.6223,1.7935,1.7916,1.6798,1.7819,1.8722,1.9465,1.6679,1.7494,1.7623,1.9832,1.5818,2.1392,1.8727,1.8267,1.8567,1.8807,1.7094,1.9822,1.7228,1.4833,1.9363,1.7757,1.8595,1.9915,1.5311,1.6965,1.7023,1.7608,1.7697,1.8707,1.8605,1.8358,2.0423,1.9327,1.7205,1.8289,2.5651,2.1204,2.1366,1.6358,1.7437,1.6259,1.7931,1.6307,1.7997,1.7173,1.6897,1.8136,1.7882,1.8135,1.8638,1.8589,1.8806,1.9821,2.0145,1.8824,2.2126,2.1567,2.0233,1.9598,1.951,2.4359,1.8711,1.8408,1.8537,1.9603,1.7817,1.9812,2.0977,1.6311,1.7094,1.7504,1.6519,1.7149,1.6087,2.0831,2.2149,2.0742,1.8012,1.8543,1.8866,1.8023,1.8222,1.8251,1.9082,1.7626,1.8189
PS,0.6825,0.7431,1.8185,0.8112,1.1516,0.4622,0.4287,0.4795,0.4781,0.494,0.5187,0.6467,0.6423,0.5165,0.5758,0.6068,0.7134,0.6404,0.718,0.7445,0.6272,0.7081,0.7526,0.6018,0.7408,0.5496,0.6149,0.7265,0.6936,0.6823,0.7303,0.4827,0.6006,0.5969,0.6476,0.6453,0.6225,0.6229,0.6462,0.8013,0.7253,0.5649,0.6324,0.8116,0.7025,0.6633,0.5046,0.5759,0.636,0.564,0.492,0.5238,0.5687,0.496,0.4854,0.4727,0.8646,0.7869,0.7415,0.7525,0.7407,0.7491,0.7255,0.7104,0.7221,0.6803,0.7258,0.6383,1.1367,0.6432,0.6364,0.6371,0.7808,0.6702,0.657,0.7628,0.5576,0.6016,0.5153,0.4689,0.4245,0.5932,0.8659,0.929,0.8267,0.5965,0.5667,0.5877,0.5315,0.5507,0.5531,0.5932,0.5415,0.5381
SCl,0.069,0.3826,0.1283,0.1545,0.3865,0.1304,-0.2443,-0.2249,-0.2269,-0.1796,-0.1744,-0.0089,-0.0362,-0.1345,-0.0697,-0.034,0.0133,-0.0664,0.088,0.0731,-0.0547,0.0111,0.0453,-0.0655,0.0365,-0.1257,-0.0474,0.0817,0.007,0.0152,0.0305,-0.0843,-0.0499,-0.0491,0.0564,-0.0009,-0.0454,-0.0367,-0.0051,0.1428,0.048,-0.0797,-0.0546,0.1847,0.0461,0.0435,-0.145,-0.0918,-0.003,-0.0686,-0.1752,-0.1396,-0.1082,-0.1837,-0.2227,-0.2355,0.1143,0.0659,0.0358,0.0453,0.0364,0.0544,0.0059,0.0578,0.0384,0.0074,0.0305,-0.0284,0.3885,-0.0119,-0.0485,-0.0372,0.0492,0.0026,-0.0122,0.0978,-0.1209,-0.0657,-0.1602,-0.2079,-0.2638,-0.0567,0.1432,0.2237,0.1165,0.0643,0.008,0.06,0.0065,0.0598,0.0595,0.0115,0.0578,0.0703
SF,0.8139,1.1136,0.8348,0.8955,1.1068,0.8356,0.4691,0.5677,0.5659,0.5424,0.5942,0.7259,0.7477,0.5727,0.6459,0.6314,0.7988,0.5777,0.8639,0.8083,0.6919,0.7321,0.7572,0.6304,0.7676,0.5987,0.5616,0.7774,0.6886,0.7295,0.7773,0.6109,0.589,0.5967,0.7665,0.6575,0.7024,0.7071,0.7115,0.882,0.7955,0.6284,0.6941,1.111,0.8343,0.8476,0.5537,0.6295,0.6403,0.6444,0.5229,0.7018,0.6106,0.5395,0.5787,0.56,0.7805,0.7643,0.7452,0.7571,0.7675,0.8212,0.7765,0.8933,0.8764,0.7787,0.7711,0.7877,1.1912,0.7244,0.7019,0.7129,0.8175,0.6704,0.7851,0.8958,0.5983,0.6302,0.5859,0.5097,0.5481,0.6254,0.8967,1.0024,0.8793,0.7737,0.7732,0.8187,0.7403,0.7824,0.7857,0.784,0.8013,0.8073
SH,0.7727,0.8399,0.7892,0.7836,0.8407,0.7846,0.7754,0.7806,0.7805,0.745,0.7111,0.7826,0.7463,0.756,0.7693,0.7965,0.7254,0.7851,0.7625,0.8007,0.7627,0.799,0.8067,0.7568,0.754,0.7443,0.8198,0.807,0.8129,0.8015,0.7253,0.855,0.7894,0.7815,0.8643,0.7917,0.7695,0.7717,0.7786,0.8175,0.786,0.7621,0.7639,0.7981,0.7803,0.7729,0.7484,0.7586,0.7888,0.6756,0.7403,0.7883,0.7512,0.7399,0.7809,0.7804,0.8351,0.8156,0.8084,0.8068,0.7541,0.7821,0.7762,0.7838,0.7459,0.7661,0.7963,0.814,0.8477,0.7804,0.7632,0.7774,0.7955,0.7712,0.7496,0.7793,0.7786,0.7569,0.7168,0.7743,0.6736,0.7693,0.8169,0.8163,0.8118,0.7841,0.7616,0.773,0.7732,0.7847,0.7826,0.7636,0.7817,0.7909
SiH,0.1138,0.2274,0.3638,0.135,0.2366,0.1036,0.1691,0.1274,0.1277,0.1139,0.0353,0.1518,0.0692,0.169,0.1773,0.1696,0.0926,0.1584,0.0911,0.0298,0.1316,0.1834,0.1882,0.0154,0.0237,0.115,0.1881,0.1683,0.2064,0.1882,-0.0554,0.2983,0.2193,0.2019,0.2932,0.2079,0.1221,0.132,0.1587,0.1923,0.1658,0.1881,0.1262,0.143,0.0347,0.0618,0.1813,0.141,0.0852,-0.0864,0.1228,0.1495,0.1179,0.1002,0.1206,0.1275,0.218,0.1978,0.1939,0.1884,0.0239,0.1063,0.1614,0.0613,0.0544,0.0818,0.152,0.2148,0.1952,0.147,0.1304,0.1542,0.1256,0.1406,0.0663,0.1039,0.183,0.0157,0.051,0.1626,0.1575,0.1927,0.1416,0.1497,0.1402,0.1412,0.0856,0.0978,0.1257,0.1436,0.1124,0.0953,0.1077,0.1364
SO-trip,1.5606,1.8805,1.692,1.6374,2.2436,1.1198,1.3237,1.4036,1.4013,1.3581,1.4085,1.5086,1.5324,1.3558,1.4169,1.3959,1.5764,1.3478,1.6389,1.5942,1.4762,1.537,1.5638,1.3606,1.5603,1.4096,1.3669,1.5294,1.5357,1.5308,1.6541,1.326,1.3606,1.3596,1.4719,1.4129,1.4912,1.4921,1.489,1.6464,1.5576,1.3981,1.4878,1.9077,1.734,1.6591,1.3352,1.4233,1.4269,1.4033,1.3322,1.3901,1.4259,1.3567,1.4131,1.3944,1.6459,1.5977,1.5617,1.5636,1.5601,1.6299,1.5611,1.7035,1.6768,1.599,1.5984,1.5974,1.9415,1.5064,1.4868,1.4872,1.5906,1.4225,1.5395,1.6311,1.3481,1.3602,1.403,1.3334,1.3439,1.3879,1.732,1.777,1.6991,1.4129,1.4478,1.4487,1.4816,1.4425,1.428,1.5225,1.5296,1.6126
